{"TopoFeature basis": {"repr_GSATGIN_3l_sumpool_0.0dp_mitig_backboneNone_mitig_samplingfeatnormnoneavgedgeattnmean/0.001lr_0.0wd/GSAT_1.0_True_10_0.5": {"id_val": {"suff_simple_L1": [0.7149000000000001, 0.7179, 0.72, 0.7295, 0.8671000000000001], "suff_simple_L1_std": [0.034462878579712385, 0.03366734322752538, 0.030518846636136153, 0.036732138516563394, 0.030553068585659288], "suff_simple_KL": [0.44939999999999997, 0.4549, 0.4655, 0.49050000000000005, 0.7764], "suff_simple_KL_std": [0.054142774217803065, 0.05749860867881936, 0.046797970041445175, 0.06312408415177205, 0.05332016504100488], "suff_simple_acc_int": [0.7735750079154968, 0.774899959564209, 0.7732501029968262, 0.775825023651123, 0.8869500160217285], "suff_simple_acc_int_std": [0.03205679729580879, 0.03116111271083355, 0.02865745685994625, 0.032706860452890396, 0.02716587670147419], "nec_L1": [0.028599999999999997, 0.05500000000000001, 0.086, 0.11850000000000001, 0.1313], "nec_L1_std": [0.007337574531137657, 0.010686440005914039, 0.015165750888103102, 0.015564382416273384, 0.016595481312694723], "nec_KL": [0.045599999999999995, 0.0958, 0.1728, 0.2648, 0.31390000000000007], "nec_KL_std": [0.01384340998453777, 0.022666274506411507, 0.03554940224532615, 0.042829429134649925, 0.04395554572519831], "nec_acc_int": [0.978024959564209, 0.956774890422821, 0.9371750950813293, 0.9165749549865723, 0.9130250215530396], "nec_acc_int_std": [0.0066590690985322, 0.008712377399206161, 0.011205491609871387, 0.011817916296422482, 0.011651425622403622], "faith_aritm_L1": [0.37174999713897705, 0.38644999265670776, 0.40299996733665466, 0.42399996519088745, 0.4992000460624695], "faith_aritm_L1_std": [0.01499541662633419, 0.012602482922375202, 0.010818968527019024, 0.011989573016762733, 0.008857768960297108], "faith_armon_L1": [0.054825495928525925, 0.1017933040857315, 0.1530028134584427, 0.20310354232788086, 0.2274118959903717], "faith_armon_L1_std": [0.013526092283427715, 0.018103374168276787, 0.023475918918848038, 0.021742265671491623, 0.024266177788376808], "faith_gmean_L1": [0.14137011766433716, 0.19731158018112183, 0.2474810779094696, 0.2928486764431, 0.33633720874786377], "faith_gmean_L1_std": [0.017017299309372902, 0.015698475763201714, 0.018069759011268616, 0.013310178183019161, 0.016732828691601753], "faith_aritm_KL": [0.24750001728534698, 0.2753499746322632, 0.31915000081062317, 0.3776499927043915, 0.5451499223709106], "faith_aritm_KL_std": [0.021630996838212013, 0.019695239141583443, 0.010970532894134521, 0.014470742084085941, 0.012474074959754944], "faith_armon_KL": [0.08158483356237411, 0.15539072453975677, 0.24757495522499084, 0.3375633955001831, 0.4432477056980133], "faith_armon_KL_std": [0.021646151319146156, 0.026952549815177917, 0.031219564378261566, 0.02263486385345459, 0.03752514347434044], "faith_gmean_KL": [0.14007209241390228, 0.20551756024360657, 0.28043124079704285, 0.35671454668045044, 0.49108362197875977], "faith_gmean_KL_std": [0.015706922858953476, 0.014416510239243507, 0.01762109249830246, 0.012183336541056633, 0.02173706702888012]}, "val": {"suff_simple_L1": [0.7039, 0.7039, 0.7049000000000001, 0.7062000000000002, 0.7413000000000001], "suff_simple_L1_std": [0.06189579953437873, 0.06206520764486331, 0.06148894209530686, 0.06143744786366047, 0.05736209549868276], "suff_simple_KL": [0.595, 0.5953, 0.5969, 0.6004999999999999, 0.6935], "suff_simple_KL_std": [0.1042947745575012, 0.10483706405656351, 0.10307128601118742, 0.10277378070305676, 0.07460060321471938], "suff_simple_acc_int": [0.5586274862289429, 0.5581874847412109, 0.5589600205421448, 0.5592900514602661, 0.5738775134086609], "suff_simple_acc_int_std": [0.048103369772434235, 0.04715307429432869, 0.0482177771627903, 0.04831279069185257, 0.05534079298377037], "nec_L1": [0.12269999999999999, 0.18219999999999997, 0.21039999999999998, 0.21599999999999997, 0.21759999999999996], "nec_L1_std": [0.036815893307103116, 0.05371927028543854, 0.05333141663222533, 0.05391660226683428, 0.05261786768769711], "nec_KL": [0.12689999999999999, 0.20799999999999996, 0.2841, 0.3085, 0.3167], "nec_KL_std": [0.04418698903523525, 0.06610748822939803, 0.0724147084507008, 0.07737086014773262, 0.07774451749158907], "nec_acc_int": [0.733519971370697, 0.667959988117218, 0.6582075357437134, 0.6588349938392639, 0.6592975854873657], "nec_acc_int_std": [0.07747620344161987, 0.08347779512405396, 0.08403736352920532, 0.08425680547952652, 0.08408920466899872], "faith_aritm_L1": [0.4132999777793884, 0.4430500566959381, 0.45765000581741333, 0.4611000120639801, 0.4794500470161438], "faith_aritm_L1_std": [0.030025161802768707, 0.02772313915193081, 0.024643506854772568, 0.02327638305723667, 0.013289940543472767], "faith_armon_L1": [0.2059999406337738, 0.28385502099990845, 0.3185082674026489, 0.32508426904678345, 0.3307492136955261], "faith_armon_L1_std": [0.04852709919214249, 0.058767225593328476, 0.053618110716342926, 0.05335473269224167, 0.05192382633686066], "faith_gmean_L1": [0.2901504635810852, 0.35314399003982544, 0.3806647062301636, 0.3860468566417694, 0.3970426023006439], "faith_gmean_L1_std": [0.037296075373888016, 0.041329678148031235, 0.03615782782435417, 0.03535280004143715, 0.03142886236310005], "faith_aritm_KL": [0.3609499931335449, 0.40164995193481445, 0.44050002098083496, 0.4545000493526459, 0.5050999522209167], "faith_aritm_KL_std": [0.05487962067127228, 0.05234216898679733, 0.04010237008333206, 0.03497498854994774, 0.0080087436363101], "faith_armon_KL": [0.20464935898780823, 0.29887261986732483, 0.37271249294281006, 0.3938445746898651, 0.42333418130874634], "faith_armon_KL_std": [0.05545699968934059, 0.06266109645366669, 0.05135590210556984, 0.049905408173799515, 0.05546797066926956], "faith_gmean_KL": [0.2698577046394348, 0.3450638949871063, 0.40423911809921265, 0.42216482758522034, 0.4614545404911041], "faith_gmean_KL_std": [0.04786364361643791, 0.050519540905952454, 0.038113124668598175, 0.03468804806470871, 0.03185468539595604]}, "test": {"suff_simple_L1": [0.7172, 0.7181000000000001, 0.7205, 0.7289, 0.8468], "suff_simple_L1_std": [0.020483163818121448, 0.019341406360448548, 0.02153253352487811, 0.02456196246231151, 0.018203296404772397], "suff_simple_KL": [0.5887, 0.5941, 0.603, 0.6274000000000001, 0.8176], "suff_simple_KL_std": [0.03719421998106696, 0.03509829055666387, 0.037064808106882195, 0.039266270512998816, 0.024739442192579827], "suff_simple_acc_int": [0.7004777789115906, 0.6983515024185181, 0.6985591053962708, 0.6996598243713379, 0.796242356300354], "suff_simple_acc_int_std": [0.04228904843330383, 0.04190654307603836, 0.041602637618780136, 0.04090937227010727, 0.038283977657556534], "nec_L1": [0.07669999999999999, 0.10469999999999999, 0.14150000000000001, 0.1918, 0.21610000000000001], "nec_L1_std": [0.0052163205422979895, 0.007114070564732965, 0.012051970793193947, 0.01637559159236698, 0.012972663566130124], "nec_KL": [0.07659999999999999, 0.1169, 0.1764, 0.26639999999999997, 0.3273], "nec_KL_std": [0.005678027826631356, 0.00921357693840997, 0.01894835085172322, 0.027416053691222596, 0.025542317827479948], "nec_acc_int": [0.8441990613937378, 0.8275589942932129, 0.8002426028251648, 0.7602686882019043, 0.7521263360977173], "nec_acc_int_std": [0.034304164350032806, 0.03682194650173187, 0.03752278909087181, 0.04049425199627876, 0.03923464193940163], "faith_aritm_L1": [0.39694997668266296, 0.4113999903202057, 0.4309999942779541, 0.460349977016449, 0.5314500331878662], "faith_aritm_L1_std": [0.008504267781972885, 0.007317109499126673, 0.006379655096679926, 0.005630492698401213, 0.00398403313010931], "faith_armon_L1": [0.1384764015674591, 0.18258681893348694, 0.23613247275352478, 0.3029923439025879, 0.34396690130233765], "faith_armon_L1_std": [0.008110656403005123, 0.010291973128914833, 0.015583550557494164, 0.018155096098780632, 0.014894451014697552], "faith_gmean_L1": [0.2343014031648636, 0.2739209532737732, 0.31880348920822144, 0.3732662498950958, 0.4274349808692932],