{"TopoFeature basis": {"repr_GiSSTGIN_3l_sumpool_0.0dp_mitig_backboneNone_mitig_samplingfeatavgedgeattnmean/0.001lr_0.0wd/GiSST_no_param_True_0.1_0.01_0.01_0.01": {"id_val": {"suff_simple_L1": [0.14170000000000002, 0.19590000000000002, 0.3804, 0.9144], "suff_simple_L1_std": [0.0026851443164195004, 0.15906127750021373, 0.3588746856494618, 0.25680000000000003], "suff_simple_KL": [0.016600000000000004, 0.07690000000000001, 0.2814, 0.9021000000000001], "suff_simple_KL_std": [0.0068000000000000005, 0.17413641204526983, 0.4010147628205226, 0.2937], "suff_simple_acc_int": [0.00036101082805544137, 0.06434833824168891, -0.11124627410899848, -0.9], "suff_simple_acc_int_std": [0.0010830324841663243, 0.1894486656916856, 0.5071159686164171, 0.3], "nec_L1": [0.6466000000000001, 0.6786, 0.7725000000000001, 0.8319999999999999], "nec_L1_std": [0.10114761490020414, 0.11690183916431769, 0.11327245914166427, 0.08005248278473316], "nec_KL": [0.7682, 0.8013999999999999, 0.8962, 0.9561], "nec_KL_std": [0.10502647285327638, 0.12058208822209043, 0.11729433063878239, 0.08465748637893757], "nec_acc_int": [0.2704422399401665, 0.2305054168769857, 0.1093411557143554, 0.03235559639870189], "nec_acc_int_std": [0.1284188604237157, 0.14912574398162592, 0.14100206608608457, 0.09511197997219234], "faith_aritm_L1": [0.3941499888896942, 0.4372500479221344, 0.576449990272522, 0.8731999397277832], "faith_aritm_L1_std": [0.049926966428756714, 0.12118978053331375, 0.2142053097486496, 0.16840621829032898], "faith_armon_L1": [0.23163583874702454, 0.2863178253173828, 0.43889111280441284, 0.8547264933586121], "faith_armon_L1_std": [0.005024772137403488, 0.1568572223186493, 0.29462185502052307, 0.20769818127155304], "faith_gmean_L1": [0.3017297685146332, 0.3514670729637146, 0.4976758062839508, 0.863174319267273], "faith_gmean_L1_std": [0.021183311939239502, 0.13892190158367157, 0.2591038942337036, 0.19040699303150177], "faith_aritm_KL": [0.39239999651908875, 0.43915003538131714, 0.5888000130653381, 0.9291000366210938], "faith_aritm_KL_std": [0.05032584071159363, 0.12988419830799103, 0.23643553256988525, 0.1890658289194107], "faith_armon_KL": [0.03233940526843071, 0.10791347920894623, 0.3118140995502472, 0.896909236907959], "faith_armon_KL_std": [0.013050002045929432, 0.21370211243629456, 0.40224266052246094, 0.2853979766368866], "faith_gmean_KL": [0.10845078527927399, 0.18445470929145813, 0.382259339094162, 0.9050158262252808], "faith_gmean_KL_std": [0.022749198600649834, 0.19726166129112244, 0.36136773228645325, 0.26119479537010193]}, "val": {"suff_simple_L1": [0.5851999999999999, 0.5992, 0.7066, 0.9151], "suff_simple_L1_std": [0.2379280563531758, 0.24008365208818366, 0.2815468699879294, 0.25470000000000004], "suff_simple_KL": [0.5587, 0.5711, 0.6883999999999999, 0.9027000000000001], "suff_simple_KL_std": [0.27442013410098026, 0.27595668138314755, 0.3144242993154314, 0.29190000000000005], "suff_simple_acc_int": [3.9682540227659045e-05, 0.05, -0.2, -0.9], "suff_simple_acc_int_std": [0.00011904762068297709, 0.15000000000000002, 0.4000000000000001, 0.3], "nec_L1": [0.36479999999999996, 0.37459999999999993, 0.3883, 0.3952], "nec_L1_std": [0.18759626861960768, 0.19936258425291342, 0.20683667469769476, 0.20747664928854043], "nec_KL": [0.38839999999999997, 0.39859999999999995, 0.41319999999999996, 0.4205], "nec_KL_std": [0.2196748506315641, 0.2318948899825091, 0.23878601299071098, 0.23891724508708032], "nec_acc_int": [0.06420634910464287, 0.052023809409001844, 0.03369047595188022, 0.024166665971279144], "nec_acc_int_std": [0.0726528224358324, 0.07204811606555116, 0.07197223467615457, 0.07249999791383743], "faith_aritm_L1": [0.47499996423721313, 0.4869000017642975, 0.5474499464035034, 0.6551499962806702], "faith_aritm_L1_std": [0.029423628002405167, 0.039611104875802994, 0.12085392326116562, 0.12663352489471436], "faith_armon_L1": [0.35651642084121704, 0.3639398217201233, 0.4119527339935303, 0.47866207361221313], "faith_armon_L1_std": [0.11251229792833328, 0.12076590955257416, 0.18190288543701172, 0.22269243001937866], "faith_gmean_L1": [0.4056324362754822, 0.41523680090904236, 0.46866241097450256, 0.5528902411460876], "faith_gmean_L1_std": [0.06909216195344925, 0.08052325993776321, 0.15137575566768646, 0.18458795547485352], "faith_aritm_KL": [0.4735499918460846, 0.4848499894142151, 0.5507999658584595, 0.6615999937057495], "faith_aritm_KL_std": [0.031123509630560875, 0.039470914751291275, 0.13075250387191772, 0.13715626299381256], "faith_armon_KL": [0.328559547662735, 0.33512553572654724, 0.39406755566596985, 0.4691266119480133], "faith_armon_KL_std": [0.14036963880062103, 0.14742019772529602, 0.21917536854743958, 0.26420333981513977], "faith_gmean_KL": [0.3832239508628845, 0.392020046710968, 0.45381617546081543, 0.543920636177063], "faith_gmean_KL_std": [0.10145989805459976, 0.11005906760692596, 0.18641211092472076, 0.2240891307592392]}, "test": {"suff_simple_L1": [0.7098, 0.7190000000000001, 0.758, 0.97], "suff_simple_L1_std": [0.04474103262107393, 0.06554082697067531, 0.1228885674096659, 0.09000000000000001], "suff_simple_KL": [0.6633, 0.6748000000000001, 0.7215999999999999, 0.9651], "suff_simple_KL_std": [0.053368623740921044, 0.07912622826850778, 0.14296307215501491, 0.1047], "suff_simple_acc_int": [0.5077024847269058, 0.5190425336360931, 0.18482846319675444, -0.851536425948143], "suff_simple_acc_int_std": [0.054294269904090434, 0.07942090640635473, 0.5924265647469115, 0.44539072215557096], "nec_L1": [0.10200000000000001, 0.1139, 0.15360000000000001, 0.20600000000000002], "nec_L1_std": [0.06371812928829597, 0.06797418627685071, 0.06457274967042986, 0.04839834707921335], "nec_KL": [0.1159, 0.13019999999999998, 0.17750000000000002, 0.24209999999999998], "nec_KL_std": [0.0768641008533893, 0.08187160679991569, 0.07730879639471824, 0.05824851929448508], "nec_acc_int": [0.7336405932903289, 0.7182840287685395, 0.6680713176727295, 0.6038695335388183], "nec_acc_int_std": [0.07198513794283894, 0.07899530637225918, 0.07961771296161839, 0.05440913329576574], "faith_aritm_L1": [0.4059000015258789, 0.41645002365112305, 0.45579999685287476, 0.5879999995231628], "faith_aritm_L1_std": [0.05357041582465172, 0.0630100890994072, 0.08589185029268265, 0.06896085292100906], "faith_armon_L1": [0.17303888499736786, 0.19073286652565002, 0.2509373426437378, 0.3383536636829376], "faith_armon_L1_std": [0.09184904396533966, 0.09924773126840591, 0.09615790098905563, 0.07509494572877884], "faith_gmean_L1": [0.26103779673576355, 0.27740004658699036, 0.3352299630641937, 0.4448619484901428], "faith_gmean_L1_std": [0.08347192406654358, 0.09179225564002991, 0.0957542434334755, 0.078790083527565], "faith_aritm_KL": [0.38960000872612, 0.4025000035762787, 0.44955000281333923, 0.603600025177002], "faith_aritm_KL_std": [0.06434859335422516, 0.07609105855226517, 0.10197558254003525, 0.08119045197963715], "faith_armon_KL": [0.19021198153495789, 0.21045920252799988, 0.2793452739715576, 0.38535237312316895], "faith_armon_KL_std": [0.10470204800367355, 0.11344755440950394, 0.1103365570306778, 0.0872390866279602], "faith_gmean_KL": [0.26843756437301636, 0.2868587374687195, 0.35177087783813477, 0.4812413156032562], "faith_gmean_KL_std": [0.09338660538196564, 0.10328971594572067, 0.10923256725072861, 0.08979873359203339]}}}}