{"TopoFeature basis": {"repr_GiSSTGIN_3l_sumpool_0.0dp_mitig_backboneNone_mitig_samplingfeatavgedgeattnmean/0.001lr_0.0wd/GiSST_no_param_True_0.1_0.01_0.01_0.01": {"id_val": {"suff_simple_L1": [0.19269999999999998, 0.23700000000000002, 0.4101000000000001, 0.9179], "suff_simple_L1_std": [0.016431981012647263, 0.14569351392563776, 0.33984215453648475, 0.24630000000000005], "suff_simple_KL": [0.019799999999999998, 0.07880000000000001, 0.28290000000000004, 0.9023], "suff_simple_KL_std": [0.006161168720299745, 0.1734645785167681, 0.4000356109148285, 0.2931], "suff_simple_acc_int": [0.12166064903140068, 0.16479960158467294, -0.03870124593377113, -0.890929602831602], "suff_simple_acc_int_std": [0.035507414834488445, 0.1576740210774184, 0.5264569166859806, 0.3272111915051937], "nec_L1": [0.3609, 0.3658, 0.37579999999999997, 0.3837], "nec_L1_std": [0.040803063610469245, 0.0418492532788818, 0.04170083932009042, 0.04472147135325491], "nec_KL": [0.5249999999999999, 0.5443, 0.5826999999999999, 0.6186], "nec_KL_std": [0.06518281982240415, 0.07907850529695161, 0.0644655722071867, 0.0650833311993171], "nec_acc_int": [0.6633122622966766, 0.6632671356201172, 0.6649368226528167, 0.6653429627418518], "nec_acc_int_std": [0.0577918443004389, 0.056994714635278755, 0.05517026886352447, 0.05733753284943029], "faith_aritm_L1": [0.2768000066280365, 0.30140000581741333, 0.39295002818107605, 0.6508001089096069], "faith_aritm_L1_std": [0.013827872462570667, 0.06169676035642624, 0.16742287576198578, 0.12915053963661194], "faith_armon_L1": [0.24906960129737854, 0.2652536928653717, 0.3333277106285095, 0.5241175889968872], "faith_armon_L1_std": [0.0056046308018267155, 0.047368839383125305, 0.12601211667060852, 0.106013223528862], "faith_gmean_L1": [0.26248699426651, 0.2826817035675049, 0.36155521869659424, 0.5837748050689697], "faith_gmean_L1_std": [0.007809778209775686, 0.053941238671541214, 0.14435522258281708, 0.11590127646923065], "faith_aritm_KL": [0.27239999175071716, 0.31154999136924744, 0.4327999949455261, 0.760450005531311], "faith_aritm_KL_std": [0.03208255395293236, 0.09734126925468445, 0.21618086099624634, 0.16802313923835754], "faith_armon_KL": [0.03800114989280701, 0.09411265701055527, 0.2547909617424011, 0.6998500823974609], "faith_armon_KL_std": [0.011542989872395992, 0.16164076328277588, 0.3080971837043762, 0.22240683436393738], "faith_gmean_KL": [0.10004062950611115, 0.15270566940307617, 0.3096209466457367, 0.7252623438835144], "faith_gmean_KL_std": [0.01738028973340988, 0.14265616238117218, 0.28347286581993103, 0.20868439972400665]}, "val": {"suff_simple_L1": [0.5851999999999999, 0.5992, 0.7066, 0.9151], "suff_simple_L1_std": [0.2379280563531758, 0.24008365208818366, 0.2815468699879294, 0.25470000000000004], "suff_simple_KL": [0.5587, 0.5711, 0.6883999999999999, 0.9027000000000001], "suff_simple_KL_std": [0.27442013410098026, 0.27595668138314755, 0.3144242993154314, 0.29190000000000005], "suff_simple_acc_int": [8.928571587603073e-05, 0.05005456349281303, -0.19997023809482925, -0.8999801587298861], "suff_simple_acc_int_std": [0.00012311184359318215, 0.14998183149068903, 0.4000148851044824, 0.3000595238103415], "nec_L1": [0.3641, 0.3737, 0.38699999999999996, 0.39459999999999995], "nec_L1_std": [0.18571292362137862, 0.1970969558364614, 0.2045160140429106, 0.20538850990257465], "nec_KL": [0.3901, 0.40029999999999993, 0.4152, 0.4237], "nec_KL_std": [0.21837007578878567, 0.23041399697067017, 0.23709103736750572, 0.23722017199218115], "nec_acc_int": [0.06998015926219522, 0.058665674785152076, 0.0413095238734968, 0.033100198162719606], "nec_acc_int_std": [0.07505395565635047, 0.07351367455860128, 0.07354948070333218, 0.07384978766181466], "faith_aritm_L1": [0.47464996576309204, 0.4864499568939209, 0.5468000173568726, 0.6548500061035156], "faith_aritm_L1_std": [0.0305147934705019, 0.04041129723191261, 0.1207481324672699, 0.12668760120868683], "faith_armon_L1": [0.3569120764732361, 0.3643536865711212, 0.4118664264678955, 0.4790421426296234], "faith_armon_L1_std": [0.11167505383491516, 0.12001047283411026, 0.18041199445724487, 0.2213830053806305], "faith_gmean_L1": [0.4058077931404114, 0.415374219417572, 0.46846824884414673, 0.5531268119812012], "faith_gmean_L1_std": [0.06858671456575394, 0.08004839718341827, 0.15034686028957367, 0.1836313009262085], "faith_aritm_KL": [0.47439998388290405, 0.48569998145103455, 0.551800012588501, 0.6632000207901001], "faith_aritm_KL_std": [0.03190360218286514, 0.04038328677415848, 0.13102102279663086, 0.13716472685337067], "faith_armon_KL": [0.33066144585609436, 0.3373742699623108, 0.39678940176963806, 0.4731973707675934], "faith_armon_KL_std": [0.13951022922992706, 0.14683011174201965, 0.21813112497329712, 0.26289090514183044], "faith_gmean_KL": [0.3850449323654175, 0.39391785860061646, 0.45615917444229126, 0.5473834872245789], "faith_gmean_KL_std": [0.10113856196403503, 0.10991059243679047, 0.18584424257278442, 0.2230113297700882]}, "test": {"suff_simple_L1": [0.8880000000000001, 0.8888, 0.8995000000000001, 0.9902000000000001], "suff_simple_L1_std": [0.009055385138137424, 0.008195120499419159, 0.06472905066506074, 0.029399999999999992], "suff_simple_KL": [0.8528, 0.8562, 0.8744, 0.9872], "suff_simple_KL_std": [0.010989085494252931, 0.01230284519938377, 0.0719127248823183, 0.0384], "suff_simple_acc_int": [0.7235856771469116, 0.7239061892032623, 0.3543950170278549, -0.8275183141231537], "suff_simple_acc_int_std": [0.0016068550345950212, 0.0015681484614084834, 0.6813598553921859, 0.5174450576305389], "nec_L1": [0.07209999999999998, 0.0754, 0.0853, 0.09219999999999999], "nec_L1_std": [0.016052725625263765, 0.017252246230563716, 0.014290206436577463, 0.013768079023596573], "nec_KL": [0.09, 0.09729999999999998, 0.11979999999999999, 0.14150000000000001], "nec_KL_std": [0.03189043743820395, 0.035552918304971814, 0.032183225444321145, 0.027645071893558172], "nec_acc_int": [0.7735362708568573, 0.7704416513442993, 0.7611426174640655, 0.7545178294181824], "nec_acc_int_std": [0.009486359884915843, 0.011652595877534299, 0.011802095476776684, 0.00748848061911944], "faith_aritm_L1": [0.4800499975681305, 0.4821000099182129, 0.49239999055862427, 0.5411999821662903], "faith_aritm_L1_std": [0.0054929498583078384, 0.006763136480003595, 0.0341348834335804, 0.02076197788119316], "faith_armon_L1": [0.1328851878643036, 0.13846008479595184, 0.15543469786643982, 0.16847285628318787], "faith_armon_L1_std": [0.026908036321401596, 0.02897356078028679, 0.024152230471372604, 0.023630788549780846], "faith_gmean_L1": [0.25148648023605347, 0.25715726613998413, 0.275886595249176, 0.30147573351860046], "faith_gmean_L1_std": [0.025881299749016762, 0.028191348537802696, 0.027336401864886284, 0.02727590501308441], "faith_aritm_KL": [0.4713999629020691, 0.476749986410141, 0.49710002541542053, 0.5643500089645386], "faith_aritm_KL_std": [0.01381810661405325, 0.01848682574927807, 0.043577972799539566, 0.03219475597143173], "faith_armon_KL": [0.16104789078235626, 0.17265546321868896, 0.20919351279735565, 0.24672921001911163], "faith_armon_KL_std": [0.049913711845874786, 0.055893853306770325, 0.05073830112814903, 0.0447378046810627], "faith_gmean_KL": [0.27316880226135254, 0.2841660976409912, 0.32078099250793457, 0.372158408164978], "faith_gmean_KL_std": [0.044088587164878845, 0.05033605545759201, 0.05046936124563217, 0.046265799552202225]}}}}