{"MUTAG basis": {"repr_GSATGIN_3l_sumpool_0.3dp_mitig_backboneNone_mitig_samplingfeatnormnoneavgedgeattnmean/0.001lr_0.001wd/GSAT_1_True_10_0.5": {"id_val": {"suff_simple_L1": [0.9548, 0.9610000000000001, 0.9621000000000001], "suff_simple_L1_std": [0.0031559467676119026, 0.002720294101747091, 0.0027000000000000023], "suff_simple_KL": [0.9959999999999999, 0.9969000000000001, 0.9972], "suff_simple_KL_std": [0.0006324555320336764, 0.0007000000000000005, 0.0007483314773547889], "suff_simple_acc_int": [0.7818417966365814, 0.784531569480896, 0.7941841065883637], "suff_simple_acc_int_std": [0.013457766677429915, 0.012419739781416608, 0.01359277440764392], "nec_L1": [0.1035, 0.08049999999999999, 0.0673], "nec_L1_std": [0.006606814663663573, 0.005518151864528557, 0.0037960505792204594], "nec_KL": [0.0206, 0.013500000000000002, 0.010299999999999998], "nec_KL_std": [0.003382306905057553, 0.0024596747752497687, 0.0017916472867168917], "nec_acc_int": [0.7721997618675231, 0.7750000059604645, 0.7779157042503357], "nec_acc_int_std": [0.016457725194757186, 0.01367654175136496, 0.014235377887308259], "faith_aritm_L1": [0.5291500091552734, 0.5207499861717224, 0.5147000551223755], "faith_aritm_L1_std": [0.0029669064097106457, 0.0024005193263292313, 0.0012288207653909922], "faith_armon_L1": [0.18668559193611145, 0.14850416779518127, 0.12577377259731293], "faith_armon_L1_std": [0.010679532773792744, 0.009351043030619621, 0.006598018575459719], "faith_gmean_L1": [0.31419485807418823, 0.2779701352119446, 0.25435131788253784], "faith_gmean_L1_std": [0.009706323966383934, 0.00925780925899744, 0.006849446799606085], "faith_aritm_KL": [0.5083000063896179, 0.5052000284194946, 0.5037499666213989], "faith_aritm_KL_std": [0.0014177419943735003, 0.0010535676265135407, 0.000642252154648304], "faith_armon_KL": [0.04034341126680374, 0.026627561077475548, 0.020383119583129883], "faith_armon_KL_std": [0.0064847725443542, 0.004778575152158737, 0.003507269313558936], "faith_gmean_KL": [0.14275908470153809, 0.11555056273937225, 0.10096881538629532], "faith_gmean_KL_std": [0.011642269790172577, 0.01025511883199215, 0.008683151565492153]}}, "repr_GiSSTGIN_3l_sumpool_0.3dp_mitig_backboneNone_mitig_samplingfeatnormnoneavgedgeattnmean/0.001lr_0.001wd/GiSST_no_param_True_0.01_0.01_0.01_0.01": {"id_val": {"suff_simple_L1": [0.9281, 0.9369, 0.9337], "suff_simple_L1_std": [0.011588356225108011, 0.019490767044936907, 0.01621758305050414], "suff_simple_KL": [0.992, 0.9940000000000001, 0.9936999999999999], "suff_simple_KL_std": [0.003130495168499708, 0.004289522117905447, 0.003769615364994156], "suff_simple_acc_int": [0.7594976961612702, 0.7603066802024842, 0.7422776043415069], "suff_simple_acc_int_std": [0.011155636477234838, 0.012427092044782257, 0.045052514591605204], "nec_L1": [0.08909999999999998, 0.0844, 0.0779], "nec_L1_std": [0.026908920454005586, 0.017962182495454164, 0.007542545989253229], "nec_KL": [0.011800000000000001, 0.0107, 0.009399999999999999], "nec_KL_std": [0.005114684741017769, 0.003407345007480164, 0.0019078784028338915], "nec_acc_int": [0.7587471246719361, 0.7597863733768463, 0.7591801404953002], "nec_acc_int_std": [0.015649228499631188, 0.009589736330352764, 0.012119761406229031], "faith_aritm_L1": [0.5086000561714172, 0.5106500387191772, 0.5058000087738037], "faith_aritm_L1_std": [0.018239788711071014, 0.017916545271873474, 0.009703602641820908], "faith_armon_L1": [0.16145266592502594, 0.15440262854099274, 0.1437121480703354], "faith_armon_L1_std": [0.04557429254055023, 0.030324693769216537, 0.012850835919380188], "faith_gmean_L1": [0.28402620553970337, 0.27987140417099, 0.2694014608860016], "faith_gmean_L1_std": [0.04752900078892708, 0.032204028218984604, 0.013654777780175209], "faith_aritm_KL": [0.5019000172615051, 0.5023500323295593, 0.501550018787384], "faith_aritm_KL_std": [0.0037269319873303175, 0.003435475053265691, 0.002423325087875128], "faith_armon_KL": [0.023271948099136353, 0.021149910986423492, 0.018616821616888046], "faith_armon_KL_std": [0.010009500198066235, 0.006654529832303524, 0.0037429884541779757], "faith_gmean_KL": [0.10502413660287857, 0.10192984342575073, 0.09615372121334076], "faith_gmean_KL_std": [0.02617884986102581, 0.01595953106880188, 0.00990260485559702]}}, "repr_GiSSTGIN_3l_sumpool_0.3dp_mitig_backboneNone_mitig_samplingfeatgchannelsimple_concept2temperaturenormnoneavgedgeattnmean/0.001lr_0.001wd/GiSST_no_param_True_0.01_0.01_0.01_0.01": {"id_val": {"suff_simple_L1": [0.9376999999999999, 0.9392000000000001, 0.9356], "suff_simple_L1_std": [0.006899999999999961, 0.014302447343024858, 0.019371112513224396], "suff_simple_KL": [0.99, 0.9901, 0.9884999999999999], "suff_simple_KL_std": [0.0025298221281347057, 0.005127377497317713, 0.00995238664843766], "suff_simple_acc_int": [0.7672921419143677, 0.7671606540679932, 0.7359386444091797], "suff_simple_acc_int_std": [0.018781940613950603, 0.01900890009143924, 0.05895689842553569], "nec_L1": [0.08779999999999999, 0.078, 0.0729], "nec_L1_std": [0.02093227173528951, 0.01652876280911551, 0.009771898484941397], "nec_KL": [0.020200000000000003, 0.016100000000000003, 0.014499999999999999], "nec_KL_std": [0.008121576201698781, 0.006073713855624086, 0.004522167621838005], "nec_acc_int": [0.7612297892570495, 0.7627886891365051, 0.7663394987583161], "nec_acc_int_std": [0.014556314048900903, 0.01790352905584315, 0.017111027799711385], "faith_aritm_L1": [0.5127500295639038, 0.5085999965667725, 0.5042499899864197], "faith_aritm_L1_std": [0.011448251083493233, 0.013945972546935081, 0.010777867399156094], "faith_armon_L1": [0.15985730290412903, 0.14362205564975739, 0.13509342074394226], "faith_armon_L1_std": [0.0349602997303009, 0.028219051659107208, 0.016857195645570755], "faith_gmean_L1": [0.28488659858703613, 0.2692815065383911, 0.26054489612579346], "faith_gmean_L1_std": [0.03448093682527542, 0.029919518157839775, 0.017847925424575806], "faith_aritm_KL": [0.5051000118255615, 0.5031000375747681, 0.5015000104904175], "faith_aritm_KL_std": [0.004323196597397327, 0.004867236595600843, 0.00537586584687233], "faith_armon_KL": [0.03946705907583237, 0.03161497414112091, 0.028541114181280136], "faith_armon_KL_std": [0.015578687191009521, 0.011752243153750896, 0.008786024525761604], "faith_gmean_KL": [0.13844051957130432, 0.12396521866321564, 0.11817751079797745], "faith_gmean_KL_std": [0.02886909246444702, 0.024269776418805122, 0.019114850088953972]}}, "repr_SMGNNGIN_3l_sumpool_0.3dp_mitig_backboneNone_mitig_samplingfeatgchannelsimple_concept2temperaturenormnoneavgedgeattnmean/0.001lr_0.001wd/SMGNN_0.001_True_10_0.01": {"id_val": {"suff_simple_L1": [0.9479, 0.9531000000000001, 0.9513], "suff_simple_L1_std": [0.0065946948375190245, 0.0072862884927787554, 0.01326687604524893], "suff_simple_KL": [0.9912999999999998, 0.9925999999999998, 0.9925], "suff_simple_KL_std": [0.0017916472867168932, 0.002200000000000002, 0.003383784863137729], "suff_simple_acc_int": [0.7868649005889893, 0.7872786164283753, 0.7906592428684235], "suff_simple_acc_int_std": [0.016065473209248934, 0.016722755278593005, 0.014243582597304336], "nec_L1": [0.1101, 0.08539999999999999, 0.07289999999999999], "nec_L1_std": [0.011317685275708988, 0.007787168933572715, 0.006441273166075164], "nec_KL": [0.0344, 0.022699999999999998, 0.017599999999999998], "nec_KL_std": [0.007391887445030531, 0.0047339201514178504, 0.00332264954516723], "nec_acc_int": [0.7646362662315369, 0.7736143171787262, 0.7760970115661621], "nec_acc_int_std": [0.016278815491936906, 0.015946641717289205, 0.014170332150203007], "faith_aritm_L1": [0.5289999842643738, 0.5192500352859497, 0.5121000409126282], "faith_aritm_L1_std": [0.005123472772538662, 0.0035933894105255604, 0.005204812623560429], "faith_armon_L1": [0.1970788985490799, 0.15664662420749664, 0.13533678650856018], "faith_armon_L1_std": [0.01796216517686844, 0.01298154704272747, 0.010971136391162872], "faith_gmean_L1": [0.32261228561401367, 0.2849811017513275, 0.26303568482398987],