{"TopoFeature basis": {"repr_GSATGIN_3l_sumpool_0.0dp_mitig_backboneNone_mitig_samplingfeatnormnoneavgedgeattnmean/0.001lr_0.0wd/GSAT_1.0_True_10_0.5": {"id_val": {"suff_simple_L1": [0.9581, 0.9666999999999998, 0.9673999999999999, 0.9691000000000001], "suff_simple_L1_std": [0.010912836478203099, 0.009829038610159192, 0.012705904139414883, 0.00697782200976781], "suff_simple_KL": [0.9048999999999999, 0.9163, 0.9190000000000002, 0.9174], "suff_simple_KL_std": [0.028097864687552335, 0.02721415073082383, 0.03211541685857432, 0.02152765663048348], "suff_simple_acc_int": [0.9691786766052246, 0.97779780626297, 0.9777978658676147, 0.9802347421646118], "suff_simple_acc_int_std": [0.008713125251233578, 0.0066377208568155766, 0.009370223619043827, 0.0044251405633986], "nec_L1": [0.046400000000000004, 0.1011, 0.1062, 0.11739999999999999], "nec_L1_std": [0.031522055770523597, 0.07100767564144035, 0.07079237247048582, 0.07560052909867761], "nec_KL": [0.1474, 0.2544, 0.2673, 0.27990000000000004], "nec_KL_std": [0.0916386381391605, 0.14772691020934542, 0.14800273646118844, 0.1534108535925669], "nec_acc_int": [0.9783844947814941, 0.9453971982002258, 0.9433213472366333, 0.9333934783935547], "nec_acc_int_std": [0.01789127290248871, 0.04721734672784805, 0.04761640727519989, 0.05234470218420029], "faith_aritm_L1": [0.5022500157356262, 0.5338999629020691, 0.5368000268936157, 0.5432499647140503], "faith_aritm_L1_std": [0.018032256513834, 0.036959972232580185, 0.037274111062288284, 0.03889166936278343], "faith_armon_L1": [0.08680390566587448, 0.17596185207366943, 0.18441499769687653, 0.20170016586780548], "faith_armon_L1_std": [0.0553249754011631, 0.10798562318086624, 0.10750201344490051, 0.11249442398548126], "faith_gmean_L1": [0.20031018555164337, 0.2963867783546448, 0.30459946393966675, 0.32117873430252075], "faith_gmean_L1_std": [0.0665254145860672, 0.10025463998317719, 0.10074345022439957, 0.10372859239578247], "faith_aritm_KL": [0.5261499881744385, 0.585349977016449, 0.5931500196456909, 0.5986499786376953], "faith_aritm_KL_std": [0.05216514319181442, 0.07871150970458984, 0.07908162474632263, 0.08031781762838364], "faith_armon_KL": [0.24290938675403595, 0.37806159257888794, 0.394138365983963, 0.4080137610435486], "faith_armon_KL_std": [0.12804287672042847, 0.16750773787498474, 0.16853183507919312, 0.1702820211648941], "faith_gmean_KL": [0.34889838099479675, 0.46421560645103455, 0.4768984317779541, 0.4881533682346344], "faith_gmean_KL_std": [0.11180794984102249, 0.13681986927986145, 0.13876713812351227, 0.13924527168273926]}, "val": {"suff_simple_L1": [0.8005000000000001, 0.8078000000000001, 0.806, 0.8046000000000001], "suff_simple_L1_std": [0.06759030995638353, 0.0636722859649314, 0.06301587101675259, 0.062277122605335564], "suff_simple_KL": [0.7675000000000001, 0.7786, 0.7756000000000001, 0.7724], "suff_simple_KL_std": [0.10224700484610783, 0.09505177536479788, 0.09269002103786575, 0.09279892240753658], "suff_simple_acc_int": [0.541686475276947, 0.5573610067367554, 0.5558531880378723, 0.5553968548774719], "suff_simple_acc_int_std": [0.1614275574684143, 0.1635630577802658, 0.16188377141952515, 0.16105762124061584], "nec_L1": [0.2694000000000001, 0.5717, 0.5717, 0.5715999999999999], "nec_L1_std": [0.053736765812616605, 0.1333507030352671, 0.1333507030352671, 0.13325929611100307], "nec_KL": [0.3942, 0.6233000000000001, 0.6232, 0.623], "nec_KL_std": [0.08111818538404322, 0.15952683159895079, 0.15955237384633297, 0.15936310739942292], "nec_acc_int": [0.4886706471443176, 4.4642856664722785e-05, 0.00019841271569021046, 0.0008333333535119891], "nec_acc_int_std": [0.16972678899765015, 0.00011832203017547727, 0.00026619856362231076, 0.0014895496424287558], "faith_aritm_L1": [0.5349500179290771, 0.6897500157356262, 0.688849925994873, 0.6880999803543091], "faith_aritm_L1_std": [0.014057816006243229, 0.071391262114048, 0.07089677453041077, 0.07047972083091736], "faith_armon_L1": [0.39708149433135986, 0.6588525772094727, 0.6581850647926331, 0.6576274633407593], "faith_armon_L1_std": [0.046052973717451096, 0.0955333262681961, 0.09510917961597443, 0.09470149874687195], "faith_gmean_L1": [0.460048109292984, 0.6738954782485962, 0.6731142997741699, 0.6724649667739868], "faith_gmean_L1_std": [0.026032155379652977, 0.08342280983924866, 0.08296626806259155, 0.08256423473358154], "faith_aritm_KL": [0.5808500051498413, 0.700950026512146, 0.6994000673294067, 0.6976999640464783], "faith_aritm_KL_std": [0.03187008574604988, 0.08042494207620621, 0.07962342351675034, 0.07894909381866455], "faith_armon_KL": [0.508251965045929, 0.6748498678207397, 0.6737080812454224, 0.6721706390380859], "faith_armon_KL_std": [0.04963293671607971, 0.1009838804602623, 0.10022351890802383, 0.099357970058918], "faith_gmean_KL": [0.5428645014762878, 0.6875936985015869, 0.6862509846687317, 0.6846401691436768], "faith_gmean_KL_std": [0.03688822314143181, 0.09061374515295029, 0.08982806652784348, 0.08907753229141235]}, "test": {"suff_simple_L1": [0.8217000000000001, 0.8352, 0.8404, 0.8452999999999999], "suff_simple_L1_std": [0.022808112591795025, 0.019610201426808447, 0.018293168123646612, 0.01754451481232811], "suff_simple_KL": [0.7802, 0.7855000000000001, 0.7899, 0.7949], "suff_simple_KL_std": [0.019742340286804903, 0.02235285216700543, 0.02103069185737833, 0.02143105223734941], "suff_simple_acc_int": [0.7013262510299683, 0.701483964920044, 0.696110188961029, 0.6943071484565735], "suff_simple_acc_int_std": [0.07745790481567383, 0.07856501638889313, 0.0809723511338234, 0.08273347467184067], "nec_L1": [0.25139999999999996, 0.6377999999999999, 0.6267999999999999, 0.6107000000000001], "nec_L1_std": [0.046654474597834665, 0.06927308279555631, 0.07101380147548786, 0.06985849984074952], "nec_KL": [0.4356999999999999, 0.7365, 0.7164000000000001, 0.6954], "nec_KL_std": [0.0647210166792828, 0.0873226774669673, 0.08837782527308531, 0.08777038224822767], "nec_acc_int": [0.6163796782493591, 0.08651235699653625, 0.09023500978946686, 0.10699453204870224], "nec_acc_int_std": [0.10526151955127716, 0.029087061062455177, 0.021905913949012756, 0.021573547273874283], "faith_aritm_L1": [0.5365500450134277, 0.7364999651908875, 0.7335999608039856, 0.7279999852180481], "faith_aritm_L1_std": [0.026222556829452515, 0.04313293471932411, 0.04372001439332962, 0.04279368370771408], "faith_armon_L1": [0.3826133608818054, 0.7217627763748169, 0.7164047360420227, 0.7074357271194458], "faith_armon_L1_std": [0.054943084716796875, 0.05213367938995361, 0.05373193696141243, 0.053429439663887024], "faith_gmean_L1": [0.4524993896484375, 0.7290729284286499, 0.7249255180358887, 0.717615008354187], "faith_gmean_L1_std": [0.04297134280204773, 0.047670673578977585, 0.04878348857164383, 0.048188116401433945], "faith_aritm_KL": [0.6079500317573547, 0.7610000371932983, 0.7531500458717346, 0.7451500296592712], "faith_aritm_KL_std": [0.03706106171011925, 0.05136827751994133, 0.05176922678947449, 0.05170543119311333], "faith_armon_KL": [0.5566514730453491, 0.7580660581588745, 0.7490895390510559, 0.7395254373550415], "faith_armon_KL_std": [0.05416940152645111, 0.055591873824596405, 0.05698520690202713, 0.057855118066072464], "faith_gmean_KL": [0.5816274881362915, 0.7595248818397522, 0.7511080503463745, 0.7423206567764282], "faith_gmean_KL_std": [0.04583004117012024, 0.053456861525774, 0.05435706302523613, 0.054762400686740875]}}}}