{"MUTAG basis": {"repr_GSATGIN_3l_sumpool_0.3dp_mitig_backboneNone_mitig_samplingfeatnormnoneavgedgeattnmean/0.001lr_0.001wd/GSAT_1_True_10_0.5": {"id_val": {"suff_simple_L1": [0.8904000000000002, 0.9062000000000001, 0.9384], "suff_simple_L1_std": [0.009645724441430003, 0.011097747519204075, 0.005902541825349445], "suff_simple_KL": [0.9786999999999999, 0.9844999999999999, 0.9919], "suff_simple_KL_std": [0.003925557285278107, 0.0033837848631377287, 0.001868154169226942], "suff_simple_acc_int": [0.770900696516037, 0.77701376080513, 0.7913424074649811], "suff_simple_acc_int_std": [0.01093131281990067, 0.011648969490429815, 0.011134751110239134], "nec_L1": [0.22610000000000002, 0.1673, 0.13090000000000002], "nec_L1_std": [0.018195878654244758, 0.00934933152690608, 0.007647875521999559], "nec_KL": [0.0829, 0.0472, 0.0314], "nec_KL_std": [0.017420964382031206, 0.0078587530817554, 0.005642694391866353], "nec_acc_int": [0.7090646684169769, 0.7446593582630158, 0.7609411001205444], "nec_acc_int_std": [0.01780819374759898, 0.01646065836169314, 0.01448343273469055], "faith_aritm_L1": [0.5582500100135803, 0.5367500185966492, 0.5346499681472778], "faith_aritm_L1_std": [0.010888645425438881, 0.006827329285442829, 0.003781865583732724], "faith_armon_L1": [0.36025771498680115, 0.28232699632644653, 0.22965896129608154], "faith_armon_L1_std": [0.0231761634349823, 0.013275876641273499, 0.011668521910905838], "faith_gmean_L1": [0.4483333230018616, 0.38920074701309204, 0.3503180146217346], "faith_gmean_L1_std": [0.018485786393284798, 0.010862959548830986, 0.009786945767700672], "faith_aritm_KL": [0.5307999849319458, 0.5158500075340271, 0.511650025844574], "faith_aritm_KL_std": [0.008062888868153095, 0.003535890718922019, 0.002168524544686079], "faith_armon_KL": [0.15236420929431915, 0.08997057378292084, 0.06081383675336838], "faith_armon_KL_std": [0.029223443940281868, 0.014255224727094173, 0.010535738430917263], "faith_gmean_KL": [0.2833276093006134, 0.2148202657699585, 0.17580664157867432], "faith_gmean_KL_std": [0.028814569115638733, 0.017579713836312294, 0.015146845020353794]}}, "repr_GiSSTGIN_3l_sumpool_0.3dp_mitig_backboneNone_mitig_samplingfeatnormnoneavgedgeattnmean/0.001lr_0.001wd/GiSST_no_param_True_0.01_0.01_0.01_0.01": {"id_val": {"suff_simple_L1": [0.8036, 0.8158000000000001, 0.9015000000000001], "suff_simple_L1_std": [0.045480105540774626, 0.03793889824441398, 0.03216286678764816], "suff_simple_KL": [0.9344000000000001, 0.9450000000000001, 0.9829000000000001], "suff_simple_KL_std": [0.033428131865241864, 0.024409014728169566, 0.012259282197584011], "suff_simple_acc_int": [0.6954099297523498, 0.7098331928253174, 0.7331961929798126], "suff_simple_acc_int_std": [0.044024855813445576, 0.03265944554444545, 0.043718916596040845], "nec_L1": [0.18960000000000002, 0.17309999999999998, 0.1484], "nec_L1_std": [0.053647367130177044, 0.03862499190938426, 0.015167069591717442], "nec_KL": [0.05800000000000001, 0.0477, 0.03440000000000001], "nec_KL_std": [0.027756080414928906, 0.019297927349847702, 0.007539230729988305], "nec_acc_int": [0.7177251815795899, 0.7285796821117401, 0.7372979164123535], "nec_acc_int_std": [0.026116151472481575, 0.01797681313553928, 0.014782184736188026], "faith_aritm_L1": [0.4965999722480774, 0.4944499433040619, 0.5249500274658203], "faith_aritm_L1_std": [0.046613194048404694, 0.03568504378199577, 0.01926584355533123], "faith_armon_L1": [0.3038749098777771, 0.2841109335422516, 0.25454163551330566], "faith_armon_L1_std": [0.07401154190301895, 0.053722236305475235, 0.022615866735577583], "faith_gmean_L1": [0.3871477246284485, 0.37411484122276306, 0.36530834436416626], "faith_gmean_L1_std": [0.06596608459949493, 0.048314522951841354, 0.021035894751548767], "faith_aritm_KL": [0.49619993567466736, 0.4963499903678894, 0.508650004863739], "faith_aritm_KL_std": [0.028288858011364937, 0.01975734531879425, 0.00801576767116785], "faith_armon_KL": [0.1079481691122055, 0.09019950777292252, 0.06637267768383026], "faith_armon_KL_std": [0.0496089905500412, 0.03460263833403587, 0.014056804589927197], "faith_gmean_KL": [0.2254416048526764, 0.208583801984787, 0.1828053891658783], "faith_gmean_KL_std": [0.06346575915813446, 0.04319598525762558, 0.020466772839426994]}}, "repr_GiSSTGIN_3l_sumpool_0.3dp_mitig_backboneNone_mitig_samplingfeatgchannelsimple_concept2temperaturenormnoneavgedgeattnmean/0.001lr_0.001wd/GiSST_no_param_True_0.01_0.01_0.01_0.01": {"id_val": {"suff_simple_L1": [0.8211999999999999, 0.8198000000000001, 0.9032000000000002], "suff_simple_L1_std": [0.03002598874308719, 0.03146045136357707, 0.03133624099983918], "suff_simple_KL": [0.9257, 0.9235, 0.9727], "suff_simple_KL_std": [0.021359073013593046, 0.023277671704876303, 0.0224145042327507], "suff_simple_acc_int": [0.7131928443908692, 0.7159818828105926, 0.735981148481369], "suff_simple_acc_int_std": [0.02774165684278809, 0.03024157407639612, 0.05034175349480352], "nec_L1": [0.1847, 0.1553, 0.1339], "nec_L1_std": [0.04136677410676351, 0.03740334209666297, 0.018217848391069675], "nec_KL": [0.07809999999999999, 0.05720000000000001, 0.0434], "nec_KL_std": [0.028577788577844855, 0.02414870596947174, 0.011689311356961964], "nec_acc_int": [0.7135681331157684, 0.7325635194778443, 0.7469976902008056], "nec_acc_int_std": [0.02276056954292838, 0.02152472499261462, 0.01681873378445642], "faith_aritm_L1": [0.5029500126838684, 0.4875500202178955, 0.5185500383377075], "faith_aritm_L1_std": [0.03159307315945625, 0.031063199043273926, 0.018378593027591705], "faith_armon_L1": [0.2996675670146942, 0.2594701647758484, 0.23271679878234863], "faith_armon_L1_std": [0.05602363497018814, 0.05370821803808212, 0.027768220752477646], "faith_gmean_L1": [0.38739898800849915, 0.3546763062477112, 0.34690579771995544], "faith_gmean_L1_std": [0.04782826453447342, 0.047488078474998474, 0.024768421426415443], "faith_aritm_KL": [0.5019000172615051, 0.49035006761550903, 0.5080500245094299], "faith_aritm_KL_std": [0.021355096250772476, 0.020211447030305862, 0.012715041637420654], "faith_armon_KL": [0.1427437663078308, 0.10673613846302032, 0.08284594118595123], "faith_armon_KL_std": [0.04854518547654152, 0.04280153289437294, 0.021514615043997765], "faith_gmean_KL": [0.2645026743412018, 0.22475317120552063, 0.2034291923046112], "faith_gmean_KL_std": [0.05109930410981178, 0.05064307898283005, 0.028905997052788734]}}, "repr_SMGNNGIN_3l_sumpool_0.3dp_mitig_backboneNone_mitig_samplingfeatgchannelsimple_concept2temperaturenormnoneavgedgeattnmean/0.001lr_0.001wd/SMGNN_0.001_True_10_0.01": {"id_val": {"suff_simple_L1": [0.8613, 0.8746, 0.9243999999999998], "suff_simple_L1_std": [0.01875659883880872, 0.024593495074917697, 0.02467063031217482], "suff_simple_KL": [0.9465, 0.9541000000000001, 0.9799], "suff_simple_KL_std": [0.010883473710171745, 0.014453027364535069, 0.010577806956075545], "suff_simple_acc_int": [0.7482101738452911, 0.7534740746021271, 0.7798464298248291], "suff_simple_acc_int_std": [0.021351587893982126, 0.02051728841275856, 0.012167081942783837], "nec_L1": [0.23140000000000005, 0.164, 0.1343], "nec_L1_std": [0.018034411551253897, 0.011789826122551597, 0.011558979193683152], "nec_KL": [0.12289999999999998, 0.0693, 0.0506], "nec_KL_std": [0.017305779381466754, 0.009560857702110202, 0.0073783466982786875], "nec_acc_int": [0.6952078461647033, 0.7369803667068482, 0.7515588939189911], "nec_acc_int_std": [0.01881490935898228, 0.015698901463306963, 0.01597554958103836], "faith_aritm_L1": [0.5463500022888184, 0.5193000435829163, 0.5293499827384949], "faith_aritm_L1_std": [0.014106820337474346, 0.01242818497121334, 0.011463075876235962], "faith_armon_L1": [0.36442846059799194, 0.2759564220905304, 0.23427286744117737], "faith_armon_L1_std": [0.02274233289062977, 0.01631348580121994, 0.01718997396528721], "faith_gmean_L1": [0.44610244035720825, 0.3784101903438568, 0.3519198000431061], "faith_gmean_L1_std": [0.01889275200664997, 0.013308371417224407, 0.013822212815284729],