{"TopoFeature basis": {"repr_SMGNNGIN_3l_sumpool_0.0dp_mitig_backboneNone_mitig_samplingfeatgchannelsimple_concept2temperaturenormnoneavgedgeattnmean/0.001lr_0.0wd/SMGNN_0.001_True_10_0.01": {"id_val": {"suff_simple_L1": [0.7952999999999999, 0.7764, 0.7717, 0.7459], "suff_simple_L1_std": [0.20225679222216494, 0.1959429508811174, 0.19758494375837446, 0.21025482158561787], "suff_simple_KL": [0.6998, 0.6623, 0.6538, 0.6056], "suff_simple_KL_std": [0.26416275286270013, 0.26659934358508836, 0.26075689827883747, 0.2780799165707585], "suff_simple_acc_int": [0.8164130449295044, 0.8044736981391907, 0.8019061088562012, 0.7856125235557556], "suff_simple_acc_int_std": [0.20062844455242157, 0.18737420439720154, 0.19288504123687744, 0.20519952476024628], "nec_L1": [0.15330000000000002, 0.062, 0.0397, 0.0048000000000000004], "nec_L1_std": [0.12910929478546462, 0.05021553544472069, 0.04692131711706311, 0.0050754310161798075], "nec_KL": [0.23550000000000004, 0.0763, 0.0467, 0.005699999999999999], "nec_KL_std": [0.18788467207305656, 0.05984321181220139, 0.055335431687120684, 0.005848931526355903], "nec_acc_int": [0.8683664202690125, 0.9331678152084351, 0.9551444053649902, 0.994494616985321], "nec_acc_int_std": [0.11933903396129608, 0.05484382063150406, 0.05259542167186737, 0.00585531210526824], "faith_aritm_L1": [0.47429999709129333, 0.41920000314712524, 0.4056999683380127, 0.3753499984741211], "faith_aritm_L1_std": [0.04358222335577011, 0.07366926223039627, 0.07750489562749863, 0.10344202071428299], "faith_armon_L1": [0.21099218726158142, 0.10330118983983994, 0.06530768424272537, 0.009398330934345722], "faith_armon_L1_std": [0.13154388964176178, 0.06967931985855103, 0.06825076043605804, 0.009854307398200035], "faith_gmean_L1": [0.28881222009658813, 0.18497829139232635, 0.12349647283554077, 0.040298666805028915], "faith_gmean_L1_std": [0.11626392602920532, 0.06570028513669968, 0.08233116567134857, 0.03521955758333206], "faith_aritm_KL": [0.46764999628067017, 0.3693000078201294, 0.3502499759197235, 0.305649995803833], "faith_aritm_KL_std": [0.05986236408352852, 0.10484588891267776, 0.10612969100475311, 0.13699379563331604], "faith_armon_KL": [0.2536928951740265, 0.10865320265293121, 0.0623122937977314, 0.010332198813557625], "faith_armon_KL_std": [0.14325223863124847, 0.060004670172929764, 0.05637414753437042, 0.010522276163101196], "faith_gmean_KL": [0.32040396332740784, 0.1782873570919037, 0.11182473599910736, 0.03455960005521774], "faith_gmean_KL_std": [0.129498690366745, 0.05834563449025154, 0.07089871913194656, 0.03332917392253876]}, "val": {"suff_simple_L1": [0.8734000000000002, 0.8728000000000001, 0.8724999999999999, 0.8722], "suff_simple_L1_std": [0.21283430174668747, 0.2135995318346929, 0.21359974250920807, 0.21347636871560277], "suff_simple_KL": [0.8291999999999999, 0.8282999999999999, 0.8278000000000001, 0.827], "suff_simple_KL_std": [0.259231479569901, 0.26097358103838786, 0.26105815444072994, 0.26055594408878874], "suff_simple_acc_int": [0.7561160326004028, 0.7553223967552185, 0.7555605173110962, 0.7557886838912964], "suff_simple_acc_int_std": [0.25024518370628357, 0.25103968381881714, 0.2510397434234619, 0.25009605288505554], "nec_L1": [0.1545, 0.0481, 0.029200000000000004, 0.0047], "nec_L1_std": [0.2230153582155274, 0.09414186103960341, 0.06884881988821595, 0.011349449325848368], "nec_KL": [0.17239999999999997, 0.047700000000000006, 0.0263, 0.0019], "nec_KL_std": [0.2485575184942109, 0.09233747884797376, 0.05933978429350751, 0.003961060464067672], "nec_acc_int": [0.7002876996994019, 0.8158332705497742, 0.8359920382499695, 0.8564683198928833], "nec_acc_int_std": [0.32093021273612976, 0.18371862173080444, 0.15237019956111908, 0.12498664855957031], "faith_aritm_L1": [0.5139500498771667, 0.46045002341270447, 0.4508500099182129, 0.43845000863075256], "faith_aritm_L1_std": [0.08573111146688461, 0.07520253956317902, 0.07943584024906158, 0.10190398246049881], "faith_armon_L1": [0.1738884598016739, 0.06322016566991806, 0.038590140640735626, 0.008580902591347694], "faith_armon_L1_std": [0.21947020292282104, 0.11237082630395889, 0.0829569548368454, 0.020339658483862877], "faith_gmean_L1": [0.2321559637784958, 0.09475632756948471, 0.059951234608888626, 0.022507494315505028], "faith_gmean_L1_std": [0.21960513293743134, 0.13065235316753387, 0.09654247760772705, 0.03887303173542023], "faith_aritm_KL": [0.5008000135421753, 0.43800002336502075, 0.42705002427101135, 0.4144499897956848], "faith_aritm_KL_std": [0.11295866966247559, 0.10460712015628815, 0.11013820022344589, 0.12892292439937592], "faith_armon_KL": [0.17638346552848816, 0.059241123497486115, 0.03407466411590576, 0.0036729786079376936], "faith_armon_KL_std": [0.22429141402244568, 0.10608494281768799, 0.06950999796390533, 0.007614639587700367], "faith_gmean_KL": [0.23330561816692352, 0.08780562877655029, 0.051769502460956573, 0.01292966865003109], "faith_gmean_KL_std": [0.222600519657135, 0.12397044152021408, 0.086692675948143, 0.026340534910559654]}, "test": {"suff_simple_L1": [0.8660000000000002, 0.8633, 0.8558000000000001, 0.8173], "suff_simple_L1_std": [0.12887280550992905, 0.13219080906023686, 0.13152246956318908, 0.1535969075209524], "suff_simple_KL": [0.7784, 0.7799000000000001, 0.7708, 0.7122], "suff_simple_KL_std": [0.1962208959310909, 0.19665474822642856, 0.19176277010932022, 0.21498083635524354], "suff_simple_acc_int": [0.8900335431098938, 0.8836414217948914, 0.8774534463882446, 0.8440860509872437], "suff_simple_acc_int_std": [0.11551716923713684, 0.12335328012704849, 0.12408637255430222, 0.15207643806934357], "nec_L1": [0.0854, 0.06770000000000001, 0.05619999999999999, 0.0298], "nec_L1_std": [0.055516123783996306, 0.04594790528413673, 0.04205662849064342, 0.023301502097504357], "nec_KL": [0.12639999999999998, 0.0963, 0.07549999999999998, 0.0365], "nec_KL_std": [0.06225303205467184, 0.05318279797077246, 0.04918180557889268, 0.02859108252585061], "nec_acc_int": [0.9228779077529907, 0.9373885989189148, 0.9455075263977051, 0.9647285342216492], "nec_acc_int_std": [0.07101956754922867, 0.05846887454390526, 0.05167537182569504, 0.030387645587325096], "faith_aritm_L1": [0.4756999909877777, 0.46549996733665466, 0.4560000002384186, 0.4235500395298004], "faith_aritm_L1_std": [0.03796261176466942, 0.044577457010746, 0.046339504420757294, 0.06581126153469086], "faith_armon_L1": [0.14629273116588593, 0.11871377378702164, 0.09964944422245026, 0.05517847090959549], "faith_armon_L1_std": [0.0791478380560875, 0.06953022629022598, 0.06645238399505615, 0.04017220810055733], "faith_gmean_L1": [0.2512062191963196, 0.22074946761131287, 0.19542677700519562, 0.13354581594467163], "faith_gmean_L1_std": [0.062362246215343475, 0.0624225027859211, 0.06830505281686783, 0.05581948161125183], "faith_aritm_KL": [0.45239996910095215, 0.43810001015663147, 0.423149973154068, 0.374349981546402], "faith_aritm_KL_std": [0.07107946276664734, 0.07518637180328369, 0.07429773360490799, 0.09415467083454132], "faith_armon_KL": [0.19837436079978943, 0.1562197506427765, 0.12467366456985474, 0.06295619159936905], "faith_armon_KL_std": [0.06773386895656586, 0.06434377282857895, 0.06485351175069809, 0.041962601244449615], "faith_gmean_KL": [0.29113203287124634, 0.2502249479293823, 0.21346180140972137, 0.13216018676757812], "faith_gmean_KL_std": [0.05047204717993736, 0.05520024523139, 0.06382680684328079, 0.05236493796110153]}}, "repr_SMGNNGIN_3l_sumpool_0.0dp_mitig_backboneNone_mitig_samplingfeatnormnoneavgedgeattnmean/0.001lr_0.0wd/SMGNN_0.001_True_10_0.01": {"id_val": {"suff_simple_L1": [0.3735, 0.23850000000000002, 0.23359999999999997, 0.22880000000000003], "suff_simple_L1_std": [0.15198569011587898, 0.07385289432378395, 0.07728285709004294, 0.06704446285861347], "suff_simple_KL": [0.2907, 0.12879999999999997, 0.12189999999999998, 0.10450000000000001], "suff_simple_KL_std": [0.20014547209467418, 0.07181615417160682, 0.07469196743961161, 0.060663415663808444],