{"GOODMotif basis": {"repr_GSATGIN_3l_meanpool_0.5dp_mitig_backboneNone_mitig_samplingfeatavgedgeattnmean/0.001lr_0.0wd/GSAT_1_True_20_0.7": {"id_val": {"suff_simple_L1": [0.3617, 0.35000000000000003, 0.5730999999999999], "suff_simple_L1_std": [0.004561797891182821, 0.00507937003968011, 0.011094593277808776], "suff_simple_KL": [0.31599999999999995, 0.31570000000000004, 0.5934999999999999], "suff_simple_KL_std": [0.015472556349873153, 0.01721075245304516, 0.01967358635328088], "suff_simple_acc_int": [0.33804999589920043, 0.32386249899864195, 0.5701307415962219], "suff_simple_acc_int_std": [0.0026505913974305064, 0.008018404722538501, 0.01399522632090941], "nec_L1": [0.6148999999999999, 0.6207999999999999, 0.6252], "nec_L1_std": [0.006204030947698444, 0.008611620056644401, 0.007068238818828924], "nec_KL": [0.6549, 0.6716, 0.6792], "nec_KL_std": [0.017271074083565256, 0.022517548712060097, 0.021418683432928354], "nec_acc_int": [0.3984708279371262, 0.40669167041778564, 0.4048291653394699], "nec_acc_int_std": [0.010083301628839761, 0.010331403536639127, 0.007769905336235199], "faith_aritm_L1": [0.48830002546310425, 0.4853999614715576, 0.5991500020027161], "faith_aritm_L1_std": [0.003641426097601652, 0.0021307303104549646, 0.0055138417519629], "faith_armon_L1": [0.45544618368148804, 0.4475504755973816, 0.597920835018158], "faith_armon_L1_std": [0.003810415742918849, 0.0022735842503607273, 0.005871152970939875], "faith_gmean_L1": [0.4715859293937683, 0.4660875201225281, 0.5985349416732788], "faith_gmean_L1_std": [0.0035915218759328127, 0.0012257437920197845, 0.005682076793164015], "faith_aritm_KL": [0.48544996976852417, 0.493649959564209, 0.6363500356674194], "faith_aritm_KL_std": [0.003875891910865903, 0.003937318455427885, 0.0069066984578967094], "faith_armon_KL": [0.42580142617225647, 0.42880263924598694, 0.6328829526901245], "faith_armon_KL_std": [0.011358896270394325, 0.01266850158572197, 0.007129691541194916], "faith_gmean_KL": [0.45460638403892517, 0.4600164294242859, 0.6346115469932556], "faith_gmean_KL_std": [0.006528810132294893, 0.0061928872019052505, 0.0067769065499305725]}, "val": {"suff_simple_L1": [0.3818, 0.3938999999999999, 0.6037999999999999], "suff_simple_L1_std": [0.04242357834978091, 0.04307075573982885, 0.08939440698388239], "suff_simple_KL": [0.3514, 0.37360000000000004, 0.7016000000000001], "suff_simple_KL_std": [0.0525398896078018, 0.04737129932775752, 0.0757141994608673], "suff_simple_acc_int": [0.31057916283607484, 0.30783750116825104, 0.3862413436174393], "suff_simple_acc_int_std": [0.013174713984752305, 0.017605105262580224, 0.014988535300047746], "nec_L1": [0.49270000000000014, 0.49610000000000004, 0.4995], "nec_L1_std": [0.05160436028089101, 0.0541487765328082, 0.052562819559076164], "nec_KL": [0.44320000000000004, 0.4499999999999999, 0.454], "nec_KL_std": [0.03613530129942187, 0.04027406113120454, 0.03885357126442819], "nec_acc_int": [0.3792583286762238, 0.3663500040769577, 0.3714000016450882], "nec_acc_int_std": [0.025489108860676606, 0.02596622528378572, 0.027011773376600098], "faith_aritm_L1": [0.43724995851516724, 0.4449999928474426, 0.5516499876976013], "faith_aritm_L1_std": [0.02999437414109707, 0.026857955381274223, 0.02181633748114109], "faith_armon_L1": [0.4270407259464264, 0.43526172637939453, 0.5382792353630066], "faith_armon_L1_std": [0.033080536872148514, 0.029560107737779617, 0.020231645554304123], "faith_gmean_L1": [0.4320884346961975, 0.4400869309902191, 0.5448260307312012], "faith_gmean_L1_std": [0.03131110221147537, 0.0280425027012825, 0.01837160997092724], "faith_aritm_KL": [0.39730000495910645, 0.41179999709129333, 0.577799916267395], "faith_aritm_KL_std": [0.03135937079787254, 0.02810266986489296, 0.027590028941631317], "faith_armon_KL": [0.38905471563339233, 0.4052419662475586, 0.5470405220985413], "faith_armon_KL_std": [0.036492131650447845, 0.032566118985414505, 0.023737583309412003], "faith_gmean_KL": [0.3931145668029785, 0.4084809422492981, 0.5620689988136292], "faith_gmean_KL_std": [0.0336918942630291, 0.03016303852200508, 0.022497905418276787]}}, "repr_SMGNNGIN_3l_meanpool_0.5dp_mitig_backboneNone_mitig_samplingfeatgchannelsimple_concept2temperatureavgedgeattnmean/0.005lr_0.0wd/SMGNN_0.001_True_10_0.01": {"id_val": {"suff_simple_L1": [0.3775, 0.4049999999999999, 0.37720000000000004], "suff_simple_L1_std": [0.019335201059208055, 0.02356692597688549, 0.01999899997499876], "suff_simple_KL": [0.27999999999999997, 0.3336, 0.31079999999999997], "suff_simple_KL_std": [0.012876334882255891, 0.03069592806871947, 0.024156986567036874], "suff_simple_acc_int": [0.3374666631221771, 0.33607500195503237, 0.2771382465958595], "suff_simple_acc_int_std": [0.006979829379719805, 0.034621320655875476, 0.03124757387600124], "nec_L1": [0.35409999999999997, 0.4514, 0.5884], "nec_L1_std": [0.051500388348050354, 0.02425365951768928, 0.013879481258317991], "nec_KL": [0.42060000000000003, 0.5429999999999999, 0.7108000000000001], "nec_KL_std": [0.06009192957461094, 0.030649632950493867, 0.017278888853164125], "nec_acc_int": [0.6238125085830688, 0.5375124931335449, 0.41221666634082793], "nec_acc_int_std": [0.057821787450033635, 0.029094277611621266, 0.011161936776683425], "faith_aritm_L1": [0.36579999327659607, 0.42820000648498535, 0.4828000068664551], "faith_aritm_L1_std": [0.030158912762999535, 0.018651004880666733, 0.011574098840355873], "faith_armon_L1": [0.363766610622406, 0.4264208674430847, 0.45930686593055725], "faith_armon_L1_std": [0.03029618412256241, 0.01873066835105419, 0.015061432495713234], "faith_gmean_L1": [0.36478134989738464, 0.42730841040611267, 0.4708961844444275], "faith_gmean_L1_std": [0.03022209368646145, 0.018666045740246773, 0.013148054480552673], "faith_aritm_KL": [0.35029998421669006, 0.4382999837398529, 0.5108000040054321], "faith_aritm_KL_std": [0.0315207913517952, 0.023694097995758057, 0.016274522989988327], "faith_armon_KL": [0.3345828354358673, 0.41239261627197266, 0.4319605827331543], "faith_armon_KL_std": [0.02171412669122219, 0.026046963408589363, 0.02424526959657669], "faith_gmean_KL": [0.3423102796077728, 0.42512089014053345, 0.46967601776123047], "faith_gmean_KL_std": [0.026274627074599266, 0.0244759451597929, 0.02024184912443161]}, "val": {"suff_simple_L1": [0.48740000000000006, 0.46740000000000004, 0.39280000000000004], "suff_simple_L1_std": [0.058441765887077717, 0.04552845264227637, 0.12973804376511927], "suff_simple_KL": [0.438, 0.4151999999999999, 0.34199999999999997], "suff_simple_KL_std": [0.0783109187789289, 0.05954124620798595, 0.15528167953754235], "suff_simple_acc_int": [0.39177083075046537, 0.34612083435058594, 0.18130132779479027], "suff_simple_acc_int_std": [0.053389367924546696, 0.01390501170319692, 0.09193091098510096], "nec_L1": [0.3853, 0.44670000000000004, 0.6366999999999999], "nec_L1_std": [0.14115881127297722, 0.10425262586621017, 0.043485744790678245], "nec_KL": [0.4194, 0.5056999999999999, 0.7578], "nec_KL_std": [0.16348223145039342, 0.11632200995512415, 0.04606907856686521], "nec_acc_int": [0.5534833312034607, 0.5027999997138977, 0.3396375000476837], "nec_acc_int_std": [0.15161237654125706, 0.11759723140692506, 0.03257296010631212], "faith_aritm_L1": [0.436350017786026, 0.45705002546310425, 0.5147500038146973], "faith_aritm_L1_std": [0.05174265801906586, 0.04156768321990967, 0.06987962126731873], "faith_armon_L1": [0.40689006447792053, 0.4461371898651123, 0.4724394679069519], "faith_armon_L1_std": [0.0809931755065918, 0.04700372740626335, 0.10736703872680664], "faith_gmean_L1": [0.42074069380760193, 0.4514927268028259, 0.49242478609085083], "faith_gmean_L1_std": [0.06675688922405243, 0.04389689862728119, 0.08954564481973648], "faith_aritm_KL": [0.4287000298500061, 0.4604499936103821, 0.5498999357223511], "faith_aritm_KL_std": [0.05880654603242874, 0.04427270218729973, 0.08572915941476822], "faith_armon_KL": [0.39673152565956116, 0.44261789321899414, 0.45019087195396423], "faith_armon_KL_std": [0.07780568301677704, 0.03797592967748642, 0.15941749513149261],