{
    "GOODMotif basis": {
        "LECIGIN": {
            "id_val": {
                "plaus": [
                    0.7334250000000001,
                    0.62205,
                    0.495125,
                    0.46582500000000004
                ],
                "plaus_std": [
                    0.0,
                    0.0,
                    0.0,
                    0.0
                ],
                "wiou": [
                    0.6922769333333332,
                    0.7842939333333332,
                    0.7856011333333333,
                    0.7854873333333334
                ],
                "wiou_std": [
                    0.034558942732927755,
                    0.03075383188511279,
                    0.025907485837623607,
                    0.025871265835972393
                ],
                "F1": [
                    0.7211374666666667,
                    0.6117518,
                    0.47400086666666663,
                    0.44482900000000003
                ],
                "F1_std": [
                    0.01703801499992817,
                    0.005009806616804448,
                    0.00016639198698653322,
                    0.0
                ]
            },
            "val": {
                "plaus": [
                    0.82195,
                    0.7244250000000001,
                    0.6031625,
                    0.5876374999999999
                ],
                "plaus_std": [
                    0.0,
                    0.0,
                    0.0,
                    0.0
                ],
                "wiou": [
                    0.8653064,
                    0.9960180666666668,
                    0.9960112666666667,
                    0.9960112666666667
                ],
                "wiou_std": [
                    0.040353741009780515,
                    0.007939875155469671,
                    0.00793649036735453,
                    0.00793649036735453
                ],
                "F1": [
                    0.8438912666666665,
                    0.7330346666666667,
                    0.5836577333333334,
                    0.5790426666666667
                ],
                "F1_std": [
                    0.021859102066949927,
                    0.04253735046703728,
                    0.025249763485272907,
                    0.0
                ]
            },
            "test": {
                "plaus": [
                    0.40313750000000004,
                    0.5504625,
                    0.593475,
                    0.5595
                ],
                "plaus_std": [
                    0.0,
                    0.0,
                    0.0,
                    0.0
                ],
                "wiou": [
                    0.35763953333333337,
                    0.4954473999999999,
                    0.5068806666666668,
                    0.5039049999999999
                ],
                "wiou_std": [
                    0.06727250196017853,
                    0.0678993488404057,
                    0.05511965694619905,
                    0.05632475872414666
                ],
                "F1": [
                    0.47550893333333333,
                    0.6200982,
                    0.5872572,
                    0.5559176666666666
                ],
                "F1_std": [
                    0.05533643857929423,
                    0.047024093082683606,
                    0.005441017648279516,
                    0.0
                ]
            },
            "id_test": {
                "plaus": [
                    0.7088875,
                    0.6222875,
                    0.4902125,
                    0.4608
                ],
                "plaus_std": [
                    0.0,
                    0.0,
                    0.0,
                    0.0
                ],
                "wiou": [
                    0.6968230666666667,
                    0.7927731333333334,
                    0.7943356666666667,
                    0.7942200666666667
                ],
                "wiou_std": [
                    0.03529512752799993,
                    0.029651403902757185,
                    0.024800191489404103,
                    0.024749660449657304
                ],
                "F1": [
                    0.7238776,
                    0.6171660666666667,
                    0.47934953333333336,
                    0.44993966666666657
                ],
                "F1_std": [
                    0.017246026076751683,
                    0.0051021927721759475,
                    0.0001587776362646138,
                    5.551115123125783e-17
                ]
            }
        },
        "GSATGIN": {
            "id_val": {
                "wiou": [
                    0.5728725333333333,
                    0.4718898,
                    0.3427290666666667,
                    0.32318566666666665
                ],
                "wiou_std": [
                    0.020484489698414408,
                    0.014976599184653973,
                    0.007221133230240866,
                    0.0018550202634412792
                ],
                "F1": [
                    0.6964136666666667,
                    0.5916583333333334,
                    0.46607293333333333,
                    0.44482900000000003
                ],
                "F1_std": [
                    0.02019017063490714,
                    0.014506650839452113,
                    0.007186751386018916,
                    0.0
                ]
            },
            "val": {
                "wiou": [
                    0.7830688666666668,
                    0.700686,
                    0.488622,
                    0.44926359999999993
                ],
                "wiou_std": [
                    0.0005500270942822337,
                    0.005551872729088802,
                    0.0065587605095949394,
                    0.00651597652065888
                ],
                "F1": [
                    0.870346,
                    0.7960063333333334,
                    0.6168503333333333,
                    0.5790426666666667
                ],
                "F1_std": [
                    0.0,
                    0.0,
                    0.0,
                    0.0
                ]
            },
            "test": {
                "wiou": [
                    0.25906779999999996,
                    0.4679866,
                    0.4241176666666666,
                    0.3980091333333333
                ],
                "wiou_std": [
                    0.021152657130278252,
                    0.018541152442187767,
                    0.006427538395235138,
                    0.0017520020243519275
                ],
                "F1": [
                    0.3564444,
                    0.6066805333333333,
                    0.5831540000000001,
                    0.5559176666666666
                ],
                "F1_std": [
                    0.023368218597440746,
                    0.017781070503456477,
                    0.006584218856899855,
                    0.0
                ]
            },
            "id_test": {
                "wiou": [
                    0.5707175999999999,
                    0.4775419333333334,
                    0.3467895333333334,
                    0.327576
                ],
                "wiou_std": [
                    0.022053325539498864,
                    0.01660645967139827,
                    0.008408255812262403,
                    0.002014137168450391
                ],
                "F1": [
                    0.6940629333333332,
                    0.5965758666666667,
                    0.4705546,
                    0.44993966666666657
                ],