{"TopoFeature basis": {"repr_GSATGIN_3l_sumpool_0.0dp_mitig_backboneNone_mitig_samplingfeatnormnoneavgedgeattnmean/0.001lr_0.0wd/GSAT_1.0_True_10_0.5": {"id_val": {"suff_simple_L1": [0.3766, 0.3785, 0.3834000000000001, 0.42779999999999996, 0.8059000000000001], "suff_simple_L1_std": [0.10986464399432604, 0.11512449782735212, 0.11653943538562388, 0.1375643849257503, 0.07612417487237547], "suff_simple_KL": [0.09970000000000001, 0.1061, 0.1162, 0.17410000000000003, 0.7263], "suff_simple_KL_std": [0.0873751108726049, 0.09204178398966417, 0.09861216963438134, 0.13004341582717674, 0.10271129441302938], "suff_simple_acc_int": [0.38203972578048706, 0.38005414605140686, 0.38379961252212524, 0.42901626229286194, 0.8028880953788757], "suff_simple_acc_int_std": [0.13638080656528473, 0.1397474706172943, 0.13872331380844116, 0.1639331877231598, 0.08132284134626389], "nec_L1": [0.0355, 0.08070000000000001, 0.18579999999999997, 0.30410000000000004, 0.37299999999999994], "nec_L1_std": [0.01031746092796091, 0.023765731631910685, 0.06069069121372733, 0.08460667822341213, 0.07955878329889163], "nec_KL": [0.05750000000000001, 0.12309999999999999, 0.29850000000000004, 0.5396, 0.6834], "nec_KL_std": [0.01702498164463034, 0.03631927862719743, 0.10318357427420316, 0.12808840696956145, 0.12263865622225316], "nec_acc_int": [0.9689531326293945, 0.9256318211555481, 0.8280686140060425, 0.7339349985122681, 0.6811822652816772], "nec_acc_int_std": [0.008263913914561272, 0.02323967218399048, 0.05404321476817131, 0.08371959626674652, 0.07487963140010834], "faith_aritm_L1": [0.20604999363422394, 0.2295999974012375, 0.28459998965263367, 0.3659500479698181, 0.5894500017166138], "faith_aritm_L1_std": [0.05240250378847122, 0.04846018925309181, 0.032245006412267685, 0.029179999604821205, 0.011950831860303879], "faith_armon_L1": [0.0633813738822937, 0.12622681260108948, 0.22875919938087463, 0.324168860912323, 0.4996365010738373], "faith_armon_L1_std": [0.01517165545374155, 0.024608207866549492, 0.027173470705747604, 0.019039709120988846, 0.058397118002176285], "faith_gmean_L1": [0.11194927990436554, 0.16745683550834656, 0.25388455390930176, 0.34409838914871216, 0.541866660118103], "faith_gmean_L1_std": [0.01550351269543171, 0.017050160095095634, 0.015014448203146458, 0.018764453008770943, 0.03470739349722862], "faith_aritm_KL": [0.07859999686479568, 0.11460000276565552, 0.2073500156402588, 0.3568499982357025, 0.7048500180244446], "faith_aritm_KL_std": [0.038895245641469955, 0.032986968755722046, 0.025149602442979813, 0.019457709044218063, 0.026639295741915703], "faith_armon_KL": [0.048756442964076996, 0.07896767556667328, 0.12483210861682892, 0.21845734119415283, 0.6867872476577759], "faith_armon_KL_std": [0.029293188825249672, 0.04835466295480728, 0.07829289883375168, 0.1345943957567215, 0.03496396541595459], "faith_gmean_KL": [0.06096290424466133, 0.09124664962291718, 0.14932282269001007, 0.25974053144454956, 0.6957319378852844], "faith_gmean_KL_std": [0.032860688865184784, 0.044898200780153275, 0.05888797715306282, 0.10284674912691116, 0.030576683580875397]}, "val": {"suff_simple_L1": [0.4303, 0.43010000000000004, 0.4314, 0.43200000000000005, 0.5429], "suff_simple_L1_std": [0.12099921487348586, 0.12094333383862048, 0.12071056291808105, 0.11999166637729472, 0.10875058620531662], "suff_simple_KL": [0.36639999999999995, 0.3662, 0.3679, 0.37, 0.4981], "suff_simple_KL_std": [0.14913229026605876, 0.14903677398548318, 0.14846578730468513, 0.14671605229149265, 0.1313464502755975], "suff_simple_acc_int": [0.039231158792972565, 0.03914187103509903, 0.03978670388460159, 0.03990575298666954, 0.1934126913547516], "suff_simple_acc_int_std": [0.033258773386478424, 0.03333250433206558, 0.03404238447546959, 0.03419031575322151, 0.13874870538711548], "nec_L1": [0.23620000000000005, 0.3437, 0.4562000000000001, 0.5007999999999999, 0.5058999999999999], "nec_L1_std": [0.07116291168860364, 0.1004002490036753, 0.10804610127163312, 0.10311333570397185, 0.10219339508989804], "nec_KL": [0.24110000000000004, 0.3754, 0.5088999999999999, 0.5928, 0.6073999999999999], "nec_KL_std": [0.08598889463180696, 0.12168171596423187, 0.1295163696217586, 0.13068955581835912, 0.13278267959338672], "nec_acc_int": [0.477222204208374, 0.34932538866996765, 0.20480656623840332, 0.1800694465637207, 0.18096725642681122], "nec_acc_int_std": [0.1593470424413681, 0.16811399161815643, 0.14540977776050568, 0.13544043898582458, 0.13543570041656494], "faith_aritm_L1": [0.3332500159740448, 0.3868999779224396, 0.44380003213882446, 0.46640005707740784, 0.524399995803833], "faith_aritm_L1_std": [0.061061128973960876, 0.057950325310230255, 0.041803233325481415, 0.030078060925006866, 0.013586392626166344], "faith_armon_L1": [0.29076069593429565, 0.3608720302581787, 0.41865378618240356, 0.4392731785774231, 0.502589762210846], "faith_armon_L1_std": [0.0484904907643795, 0.0473642498254776, 0.03995732590556145, 0.03733004257082939, 0.03074897639453411], "faith_gmean_L1": [0.3108058571815491, 0.37353280186653137, 0.4308781027793884, 0.4524090886116028, 0.513249397277832], "faith_gmean_L1_std": [0.05139085277915001, 0.05158844217658043, 0.03900308534502983, 0.031078139320015907, 0.02150101773440838], "faith_aritm_KL": [0.3037499785423279, 0.3708000183105469, 0.4384000301361084, 0.4813999533653259, 0.5527499914169312], "faith_aritm_KL_std": [0.0723053365945816, 0.06841791421175003, 0.047276731580495834, 0.02124006301164627, 0.03383433818817139], "faith_armon_KL": [0.26477834582328796, 0.3353729546070099, 0.3880891501903534, 0.41591253876686096, 0.5170365571975708], "faith_armon_KL_std": [0.055751483887434006, 0.06711220741271973, 0.07479893416166306, 0.07795524597167969, 0.064225934445858], "faith_gmean_KL": [0.28318947553634644, 0.3521711230278015, 0.41113629937171936, 0.44561395049095154, 0.5339993834495544], "faith_gmean_KL_std": [0.06149481609463692, 0.06557286530733109, 0.05703645572066307, 0.0486190989613533, 0.04731353744864464]}, "test": {"suff_simple_L1": [0.43600000000000005, 0.4385, 0.44719999999999993, 0.5261, 0.7432], "suff_simple_L1_std": [0.042206634549558676, 0.04121225545878313, 0.044083557025267374, 0.062179498228917864, 0.03204309598025762], "suff_simple_KL": [0.24569999999999997, 0.2541, 0.2721, 0.384, 0.6973], "suff_simple_KL_std": [0.04865398236526995, 0.048395144384535106, 0.05340121721459166, 0.0764970587669879, 0.036848473509766985], "suff_simple_acc_int": [0.3376772701740265, 0.3352714478969574, 0.34074148535728455, 0.42154067754745483, 0.6345444321632385], "suff_simple_acc_int_std": [0.11287639290094376, 0.10857036709785461, 0.10590123385190964, 0.11969040334224701, 0.08968935161828995], "nec_L1": [0.1204, 0.17980000000000002, 0.2555, 0.3467, 0.4454000000000001], "nec_L1_std": [0.017499714283381887, 0.023924046480476503, 0.03498642593921248, 0.048754589527551156, 0.04140338150441337], "nec_KL": [0.12450000000000001, 0.2024, 0.31389999999999996, 0.4648999999999999, 0.6372], "nec_KL_std": [0.014486200329969206, 0.02366938951472978, 0.041319365919626594, 0.06276535668663087, 0.05053671932367593], "nec_acc_int": [0.7322123050689697, 0.6964141130447388, 0.6328555345535278, 0.5504304766654968, 0.46276339888572693], "nec_acc_int_std": [0.0835394561290741, 0.08455110341310501, 0.09520412981510162, 0.10430305451154709, 0.10349854826927185], "faith_aritm_L1": [0.2782000005245209, 0.30915001034736633, 0.35135000944137573, 0.43639999628067017, 0.5942999720573425], "faith_aritm_L1_std": [0.021354392170906067, 0.019660940393805504, 0.01560776587575674, 0.011838075704872608, 0.007966186851263046], "faith_armon_L1": [0.1875247061252594, 0.253116637468338, 0.32159850001335144, 0.4114137291908264, 0.5546432733535767], "faith_armon_L1_std": [0.02141827531158924, 0.022536247968673706, 0.0218063797801733, 0.017497839406132698, 0.02388322539627552], "faith_gmean_L1": [0.2280641794204712, 0.27951696515083313, 0.3359938859939575, 0.42359620332717896, 0.5740496516227722],