{"GOODMotif2 basis": {"CIGAGIN": {"id_val": {"suff++_L1": [0.5183333333333333], "suff++_L1_std": [0.05557777333511021], "suff++_KL": [0.555], "suff++_KL_std": [0.13576695719749582], "suff++_acc_int": [0.4765625], "suff++_acc_int_std": [0.05163930729031563], "nec_L1": [0.49233333333333335], "nec_L1_std": [0.0433615292883245], "nec_KL": [0.4693333333333334], "nec_KL_std": [0.12404658623096229], "nec_acc_int": [0.47708332538604736], "nec_acc_int_std": [0.07018441706895828], "faith_aritm_L1": [0.5053333640098572], "faith_aritm_L1_std": [0.0061958953738212585], "faith_armon_L1": [0.500217616558075], "faith_armon_L1_std": [0.003108541015535593], "faith_gmean_L1": [0.5027613043785095], "faith_gmean_L1_std": [0.004011070821434259], "faith_aritm_KL": [0.5121666789054871], "faith_aritm_KL_std": [0.006381401792168617], "faith_armon_KL": [0.47615742683410645], "faith_armon_KL_std": [0.038400594145059586], "faith_gmean_KL": [0.49329695105552673], "faith_gmean_KL_std": [0.017590587958693504]}, "test": {"suff++_L1": [0.584], "suff++_L1_std": [0.05107510809255978], "suff++_KL": [0.49500000000000005], "suff++_KL_std": [0.11469379524048663], "suff++_acc_int": [0.4183333218097687], "suff++_acc_int_std": [0.043498214334249496], "nec_L1": [0.3583333333333334], "nec_L1_std": [0.022425184255405555], "nec_KL": [0.409], "nec_KL_std": [0.06397395303298575], "nec_acc_int": [0.42093750834465027], "nec_acc_int_std": [0.03085716813802719], "faith_aritm_L1": [0.4711667001247406], "faith_aritm_L1_std": [0.03063313104212284], "faith_armon_L1": [0.443255215883255], "faith_armon_L1_std": [0.02586662583053112], "faith_gmean_L1": [0.4569668769836426], "faith_gmean_L1_std": [0.027729501947760582], "faith_aritm_KL": [0.4520000219345093], "faith_aritm_KL_std": [0.0480988509953022], "faith_armon_KL": [0.43572935461997986], "faith_armon_KL_std": [0.033309873193502426], "faith_gmean_KL": [0.4436914026737213], "faith_gmean_KL_std": [0.03995322808623314]}}}, "GOODSST2 length": {"CIGAvGIN": {"id_val": {"suff++_L1": [0.8936666666666667], "suff++_L1_std": [0.005436502143433369], "suff++_KL": [0.781], "suff++_KL_std": [0.03699549522126532], "suff++_acc_int": [0.83625727891922], "suff++_acc_int_std": [0.00461856834590435], "nec_L1": [0.07566666666666667], "nec_L1_std": [0.004027681991198188], "nec_KL": [0.11333333333333333], "nec_KL_std": [0.011671427600007729], "nec_acc_int": [0.8501462340354919], "nec_acc_int_std": [0.0025152990128844976], "faith_aritm_L1": [0.4846666753292084], "faith_aritm_L1_std": [0.004326923750340939], "faith_armon_L1": [0.13949550688266754], "faith_armon_L1_std": [0.006906694732606411], "faith_gmean_L1": [0.25995907187461853], "faith_gmean_L1_std": [0.007525025866925716], "faith_aritm_KL": [0.44716668128967285], "faith_aritm_KL_std": [0.018873851746320724], "faith_armon_KL": [0.19764183461666107], "faith_armon_KL_std": [0.017521986737847328], "faith_gmean_KL": [0.2970150411128998], "faith_gmean_KL_std": [0.015981627628207207]}, "test": {"suff++_L1": [0.9283333333333333], "suff++_L1_std": [0.1013519719700718], "suff++_KL": [0.8663333333333334], "suff++_KL_std": [0.18832654855035413], "suff++_acc_int": [0.5416145920753479], "suff++_acc_int_std": [0.06032902002334595], "nec_L1": [0.052333333333333336], "nec_L1_std": [0.07330453980181278], "nec_KL": [0.09999999999999999], "nec_KL_std": [0.13930541985149034], "nec_acc_int": [0.5564583539962769], "nec_acc_int_std": [0.08081962168216705], "faith_aritm_L1": [0.49033334851264954], "faith_aritm_L1_std": [0.014025765471160412], "faith_armon_L1": [0.08742477744817734], "faith_armon_L1_std": [0.12222722172737122], "faith_gmean_L1": [0.1271885484457016], "faith_gmean_L1_std": [0.15803925693035126], "faith_aritm_KL": [0.4831666946411133], "faith_aritm_KL_std": [0.024526631459593773], "faith_armon_KL": [0.1344354897737503], "faith_armon_KL_std": [0.18590658903121948], "faith_gmean_KL": [0.15896989405155182], "faith_gmean_KL_std": [0.18742619454860687]}}}, "LBAPcore assay": {"CIGAvGIN": {"id_val": {"suff++_L1": [0.9416666666666668], "suff++_L1_std": [0.039109532796436655], "suff++_KL": [0.9899999999999999], "suff++_KL_std": [0.005715476066494087], "suff++_acc_int": [0.5205343835074752], "suff++_acc_int_std": [0.12072028683269703], "nec_L1": [0.016666666666666666], "nec_L1_std": [0.008498365855987974], "nec_KL": [0.001], "nec_KL_std": [0.0], "nec_acc_int": [0.5046865573654139], "nec_acc_int_std": [0.1970240839249479], "faith_aritm_L1": [0.4791666567325592], "faith_aritm_L1_std": [0.01532609760761261], "faith_armon_L1": [0.03258579596877098], "faith_armon_L1_std": [0.01646815985441208], "faith_gmean_L1": [0.11898443847894669], "faith_gmean_L1_std": [0.034727998077869415], "faith_aritm_KL": [0.49549996852874756], "faith_aritm_KL_std": [0.002857737708836794], "faith_armon_KL": [0.001997981918975711], "faith_armon_KL_std": [1.1596431370719529e-08], "faith_gmean_KL": [0.03146413341164589], "faith_gmean_KL_std": [9.082481847144663e-05]}, "test": {"suff++_L1": [0.9380000000000001], "suff++_L1_std": [0.038505410875183055], "suff++_KL": [0.989], "suff++_KL_std": [0.005354126134736342], "suff++_acc_int": [0.525228163643742], "suff++_acc_int_std": [0.07363721184295707], "nec_L1": [0.018], "nec_L1_std": [0.007874007874011811], "nec_KL": [0.0013333333333333333], "nec_KL_std": [0.0004714045207910317], "nec_acc_int": [0.5265785516546239], "nec_acc_int_std": [0.11095850948082851], "faith_aritm_L1": [0.4780000150203705], "faith_aritm_L1_std": [0.015367726795375347], "faith_armon_L1": [0.03517543897032738], "faith_armon_L1_std": [0.01521966140717268], "faith_gmean_L1": [0.12527012825012207], "faith_gmean_L1_std": [0.029856249690055847], "faith_aritm_KL": [0.4951666593551636], "faith_aritm_KL_std": [0.0028674418572336435], "faith_armon_KL": [0.002662641229107976], "faith_armon_KL_std": [0.0009399816044606268], "faith_gmean_KL": [0.035803522914648056], "faith_gmean_KL_std": [0.00622692471370101]}}}, "GOODCMNIST color": {"CIGAvGIN": {"id_val": {"suff++_L1": [0.4203333333333334], "suff++_L1_std": [0.07045250567265551], "suff++_KL": [0.3753333333333333], "suff++_KL_std": [0.18052208236728884], "suff++_acc_int": [0.2241145819425583], "suff++_acc_int_std": [0.028063975274562836], "nec_L1": [0.40399999999999997], "nec_L1_std": [0.02362202362203543], "nec_KL": [0.2846666666666667], "nec_KL_std": [0.05086146762421322], "nec_acc_int": [0.3069270849227905], "nec_acc_int_std": [0.027879223227500916], "faith_aritm_L1": [0.41216668486595154], "faith_aritm_L1_std": [0.02417413890361786], "faith_armon_L1": [0.40700221061706543], "faith_armon_L1_std": [0.019522078335285187], "faith_gmean_L1": [0.40956947207450867], "faith_gmean_L1_std": [0.02180633880198002], "faith_aritm_KL": [0.33000001311302185], "faith_aritm_KL_std": [0.06483184546232224], "faith_armon_KL": [0.29084500670433044], "faith_armon_KL_std": [0.031800564378499985], "faith_gmean_KL": [0.3092561662197113], "faith_gmean_KL_std": [0.04499214142560959]}, "test": {"suff++_L1": [0.4063333333333334], "suff++_L1_std": [0.021452790546272107], "suff++_KL": [0.30466666666666664], "suff++_KL_std": [0.1407535276842309], "suff++_acc_int": [0.1848437637090683], "suff++_acc_int_std": [0.008694018237292767], "nec_L1": [0.48133333333333334], "nec_L1_std": [0.03842163742245017], "nec_KL": [0.47000000000000003], "nec_KL_std": [0.06463745044476928], "nec_acc_int": [0.19979166984558105], "nec_acc_int_std": [0.015220995992422104], "faith_aritm_L1": [0.4438333511352539], "faith_aritm_L1_std": [0.029850544407963753], "faith_armon_L1": [0.440572589635849], "faith_armon_L1_std": [0.02864009514451027], "faith_gmean_L1": [0.4421996772289276], "faith_gmean_L1_std": [0.029242902994155884], "faith_aritm_KL": [0.38733330368995667], "faith_aritm_KL_std": [0.04607301205396652], "faith_armon_KL": [0.3389379680156708], "faith_armon_KL_std": [0.1009771078824997], "faith_gmean_KL": [0.36020636558532715], "faith_gmean_KL_std": [0.07546776533126831]}}}}