{"TopoFeature basis": {"repr_GiSSTGIN_3l_sumpool_0.0dp_mitig_backboneNone_mitig_samplingfeatavgedgeattnmean/0.001lr_0.0wd/GiSST_no_param_True_0.1_0.01_0.01_0.01": {"id_val": {"suff_simple_L1": [0.20800000000000002, 0.26200000000000007, 0.4114, 0.9181000000000001], "suff_simple_L1_std": [0.05201538234022702, 0.21206602745371544, 0.35649549786778517, 0.24569999999999997], "suff_simple_KL": [0.0315, 0.1075, 0.29669999999999996, 0.9023], "suff_simple_KL_std": [0.02182315284279519, 0.24677165558467204, 0.4227791503846896, 0.2931], "suff_simple_acc_int": [0.13673285245895386, 0.19101433083415031, -0.049050503969192506, -0.890388086438179], "suff_simple_acc_int_std": [0.07641265320981014, 0.24015906088052585, 0.5281975984265953, 0.32883574068546295], "nec_L1": [0.3113, 0.30900000000000005, 0.3179, 0.37699999999999995], "nec_L1_std": [0.05103929858452211, 0.04980562217260216, 0.054767599910896234, 0.05229722745997153], "nec_KL": [0.43740000000000007, 0.43800000000000006, 0.46699999999999997, 0.6056999999999999], "nec_KL_std": [0.11869978938481734, 0.113480394782535, 0.12027135984930079, 0.09349764702921674], "nec_acc_int": [0.707129955291748, 0.7113718330860138, 0.7095667839050293, 0.6701714813709259], "nec_acc_int_std": [0.04951987563807856, 0.052472541347780205, 0.058225307572327155, 0.05698492920158238], "faith_aritm_L1": [0.25964999198913574, 0.2854999899864197, 0.36465001106262207, 0.6475500464439392], "faith_aritm_L1_std": [0.044898249208927155, 0.11087042838335037, 0.19550473988056183, 0.1387682408094406], "faith_armon_L1": [0.2468818724155426, 0.2578696608543396, 0.3138408362865448, 0.5225762724876404], "faith_armon_L1_std": [0.045847393572330475, 0.07487572729587555, 0.14402787387371063, 0.11017904430627823], "faith_gmean_L1": [0.25314798951148987, 0.27107590436935425, 0.33785197138786316, 0.5814145803451538], "faith_gmean_L1_std": [0.04519829899072647, 0.09129102528095245, 0.16745159029960632, 0.12264695763587952], "faith_aritm_KL": [0.23445001244544983, 0.27274999022483826, 0.3818499743938446, 0.7540000081062317], "faith_aritm_KL_std": [0.06899219006299973, 0.15812814235687256, 0.2659203112125397, 0.1871623545885086], "faith_armon_KL": [0.05811917036771774, 0.1120264083147049, 0.2540966868400574, 0.6997843980789185], "faith_armon_KL_std": [0.0378991961479187, 0.19425754249095917, 0.3259938359260559, 0.22260044515132904], "faith_gmean_KL": [0.11506880819797516, 0.16268792748451233, 0.2949528992176056, 0.7237793803215027], "faith_gmean_KL_std": [0.05267038196325302, 0.18368354439735413, 0.3104596734046936, 0.21307587623596191]}, "val": {"suff_simple_L1": [0.5845999999999998, 0.6012999999999998, 0.6958, 0.9151], "suff_simple_L1_std": [0.23746081782054065, 0.24078166458432834, 0.2719944117072996, 0.25470000000000004], "suff_simple_KL": [0.5578000000000001, 0.5771, 0.6788, 0.9027000000000001], "suff_simple_KL_std": [0.2738681434559339, 0.2782065599514145, 0.306119845812061, 0.29190000000000005], "suff_simple_acc_int": [0.0012202381178212818, 0.0340204954642104, -0.1936560050573462, -0.8999900793649431], "suff_simple_acc_int_std": [0.0024705369215998305, 0.10048243951319115, 0.4036061567598535, 0.3000297619051708], "nec_L1": [0.39339999999999997, 0.39649999999999996, 0.40599999999999997, 0.40659999999999996], "nec_L1_std": [0.21483677525042122, 0.21795056779003813, 0.22268812271874763, 0.22257142673757566], "nec_KL": [0.42169999999999996, 0.42510000000000003, 0.4356, 0.4372], "nec_KL_std": [0.2511732668896115, 0.2547463248017525, 0.259630583714631, 0.25904007411981644], "nec_acc_int": [0.034955357946455476, 0.030644841957837343, 0.01846230194205418, 0.01813492099754512], "nec_acc_int_std": [0.032343469638520334, 0.0285181146082995, 0.029048424319365763, 0.029202482704850954], "faith_aritm_L1": [0.48900002241134644, 0.49890002608299255, 0.5508999824523926, 0.6608499884605408], "faith_aritm_L1_std": [0.013249524869024754, 0.03022979013621807, 0.11344289034605026, 0.11534103006124496], "faith_armon_L1": [0.3662765622138977, 0.37266939878463745, 0.4170382618904114, 0.4797891676425934], "faith_armon_L1_std": [0.11533963680267334, 0.12292247265577316, 0.18071599304676056, 0.22060276567935944], "faith_gmean_L1": [0.41734352707862854, 0.4254520535469055, 0.47347360849380493, 0.5559021830558777], "faith_gmean_L1_std": [0.06989921629428864, 0.08058885484933853, 0.14923347532749176, 0.18015126883983612], "faith_aritm_KL": [0.4897499680519104, 0.5010999441146851, 0.557200014591217, 0.669950008392334], "faith_aritm_KL_std": [0.012667381204664707, 0.033686645328998566, 0.1231958344578743, 0.12494108080863953], "faith_armon_KL": [0.33902329206466675, 0.34661272168159485, 0.4008942246437073, 0.4732242226600647], "faith_armon_KL_std": [0.14276303350925446, 0.15205013751983643, 0.2190212607383728, 0.2628478705883026], "faith_gmean_KL": [0.39509159326553345, 0.40449613332748413, 0.45960626006126404, 0.5486008524894714], "faith_gmean_KL_std": [0.10199008882045746, 0.1132713034749031, 0.18504874408245087, 0.22082655131816864]}, "test": {"suff_simple_L1": [0.8940000000000001, 0.898, 0.9164999999999999, 0.99], "suff_simple_L1_std": [0.014352700094407337, 0.023588132609428828, 0.047422041288835294, 0.029999999999999992], "suff_simple_KL": [0.8624, 0.8686, 0.8927000000000002, 0.9869], "suff_simple_KL_std": [0.021289433999052226, 0.03403292523424926, 0.06142157601364524, 0.0393], "suff_simple_acc_int": [0.7401912987232209, 0.7424193441867828, 0.3859912872314453, -0.8276200652122497], "suff_simple_acc_int_std": [0.03791938426942324, 0.04416585253575715, 0.6938333519530893, 0.5171398043632507], "nec_L1": [0.0702, 0.0716, 0.07899999999999999, 0.09259999999999999], "nec_L1_std": [0.016593974810153234, 0.015913516267626084, 0.01513935269422045, 0.012792185114357906], "nec_KL": [0.09079999999999999, 0.0933, 0.10759999999999999, 0.1424], "nec_KL_std": [0.02979865768788923, 0.030423839336941018, 0.03314875563275339, 0.0252475741408952], "nec_acc_int": [0.7980399191379547, 0.7990123629570007, 0.7990984678268432, 0.7571059584617614], "nec_acc_int_std": [0.027410730576919003, 0.02701348530458915, 0.03143381351488237, 0.015134173835061783], "faith_aritm_L1": [0.4821000099182129, 0.4848000109195709, 0.4977499842643738, 0.5412999987602234], "faith_aritm_L1_std": [0.014813508838415146, 0.01911832205951214, 0.030784131959080696, 0.020467298105359077], "faith_armon_L1": [0.12975569069385529, 0.13227955996990204, 0.145241379737854, 0.16917452216148376], "faith_armon_L1_std": [0.028139222413301468, 0.02713373303413391, 0.026153523474931717, 0.02189459837973118], "faith_gmean_L1": [0.24913492798805237, 0.2524363398551941, 0.2683788537979126, 0.3022250533103943], "faith_gmean_L1_std": [0.029812373220920563, 0.02998148463666439, 0.03213388845324516, 0.025298267602920532], "faith_aritm_KL": [0.4765999913215637, 0.4809499680995941, 0.5001499652862549, 0.5646499991416931], "faith_aritm_KL_std": [0.02471720054745674, 0.031555864959955215, 0.04693721607327461, 0.03131138160824776], "faith_armon_KL": [0.16305530071258545, 0.16735826432704926, 0.19103266298770905, 0.2482629120349884], "faith_armon_KL_std": [0.047334037721157074, 0.04865914210677147, 0.053569626063108444, 0.040589768439531326], "faith_gmean_KL": [0.27711209654808044, 0.282191663980484, 0.3078373074531555, 0.37368637323379517], "faith_gmean_KL_std": [0.04545404016971588, 0.04855773597955704, 0.05710682272911072, 0.041986849159002304]}}}}