{"TopoFeature basis": {"repr_GiSSTGIN_3l_sumpool_0.0dp_mitig_backboneNone_mitig_samplingfeatavgedgeattnmean/0.001lr_0.0wd/GiSST_no_param_True_0.1_0.01_0.01_0.01": {"id_val": {"suff_simple_L1": [0.1566, 0.2244, 0.3861, 0.9145], "suff_simple_L1_std": [0.027074711448139204, 0.22365965215031525, 0.3732930350274433, 0.25649999999999995], "suff_simple_KL": [0.0327, 0.10840000000000001, 0.29519999999999996, 0.9021000000000001], "suff_simple_KL_std": [0.02759728247491046, 0.24761671995242968, 0.4243175226172023, 0.2937], "suff_simple_acc_int": [0.017689530551433564, 0.09809916615486144, -0.11326530575752258, -0.9], "suff_simple_acc_int_std": [0.03546184942451993, 0.2677668026622276, 0.5122499803465251, 0.3], "nec_L1": [0.6514, 0.6712999999999999, 0.7709, 0.8341999999999998], "nec_L1_std": [0.1072242509882909, 0.11143791993751499, 0.09615867095587377, 0.0734571984219382], "nec_KL": [0.7577999999999999, 0.7794, 0.8867, 0.9576], "nec_KL_std": [0.12053115779747574, 0.1243070392214375, 0.10637015558886806, 0.08017381118544883], "nec_acc_int": [0.2581678715097951, 0.23366426239372232, 0.10780685755016747, 0.03127256212173961], "nec_acc_int_std": [0.13020754911021978, 0.13684060754270624, 0.11658163451889143, 0.09186290070078405], "faith_aritm_L1": [0.4039999544620514, 0.44784998893737793, 0.578499972820282, 0.8743499517440796], "faith_aritm_L1_std": [0.06702946871519089, 0.1530008167028427, 0.21932920813560486, 0.16495636105537415], "faith_armon_L1": [0.2524718642234802, 0.30702829360961914, 0.43811529874801636, 0.8550211191177368], "faith_armon_L1_std": [0.04316992312669754, 0.1926175057888031, 0.3053562343120575, 0.20681443810462952], "faith_gmean_L1": [0.3193621039390564, 0.36863431334495544, 0.4976269602775574, 0.8638150095939636], "faith_gmean_L1_std": [0.0537395142018795, 0.17420083284378052, 0.26818907260894775, 0.18848517537117004], "faith_aritm_KL": [0.39524999260902405, 0.4439000189304352, 0.5909499526023865, 0.9298499822616577], "faith_aritm_KL_std": [0.07389426231384277, 0.1699410080909729, 0.24942538142204285, 0.18681621551513672], "faith_armon_KL": [0.06173301488161087, 0.1365775316953659, 0.3147578835487366, 0.89691162109375], "faith_armon_KL_std": [0.04997817426919937, 0.262380450963974, 0.4245125949382782, 0.28539055585861206], "faith_gmean_KL": [0.15050570666790009, 0.21387049555778503, 0.3772347569465637, 0.9051448106765747], "faith_gmean_KL_std": [0.07351280748844147, 0.24108736217021942, 0.38495954871177673, 0.26080799102783203]}, "val": {"suff_simple_L1": [0.5845999999999998, 0.6012999999999998, 0.6958, 0.9151], "suff_simple_L1_std": [0.23746081782054065, 0.24078166458432834, 0.2719944117072996, 0.25470000000000004], "suff_simple_KL": [0.5578000000000001, 0.5771, 0.6788, 0.9027000000000001], "suff_simple_KL_std": [0.2738681434559339, 0.2782065599514145, 0.306119845812061, 0.29190000000000005], "suff_simple_acc_int": [0.0011904762126505376, 0.03398081292398274, -0.19367088600993157, -0.9], "suff_simple_acc_int_std": [0.002484520005410887, 0.10049583922796389, 0.4035990148044479, 0.3], "nec_L1": [0.39319999999999994, 0.39629999999999993, 0.4063, 0.4069], "nec_L1_std": [0.21609479401410855, 0.21916799492626654, 0.2241740618358868, 0.22430133749043943], "nec_KL": [0.4187, 0.4223, 0.43340000000000006, 0.43360000000000004], "nec_KL_std": [0.2518805470853198, 0.2555202731682948, 0.2598823580006923, 0.26009967320240907], "nec_acc_int": [0.03103174683637917, 0.026984127657487988, 0.01341269874246791, 0.009682539850473404], "nec_acc_int_std": [0.03125201007136721, 0.027542084544375345, 0.02804340166367592, 0.029047619551420212], "faith_aritm_L1": [0.4889000356197357, 0.49880003929138184, 0.5510500073432922, 0.6609999537467957], "faith_aritm_L1_std": [0.012372953817248344, 0.029876571148633957, 0.11407244205474854, 0.11568145453929901], "faith_armon_L1": [0.3654854893684387, 0.3718928396701813, 0.4168124794960022, 0.47938257455825806], "faith_armon_L1_std": [0.1158842146396637, 0.12347336113452911, 0.18189390003681183, 0.2219465672969818], "faith_gmean_L1": [0.41676220297813416, 0.42487770318984985, 0.4733341634273529, 0.5555875301361084], "faith_gmean_L1_std": [0.07026997208595276, 0.08095782995223999, 0.15021947026252747, 0.18124443292617798], "faith_aritm_KL": [0.4882500171661377, 0.49969998002052307, 0.5561000108718872, 0.668150007724762], "faith_aritm_KL_std": [0.012114559300243855, 0.03327401727437973, 0.12324506044387817, 0.12537384033203125], "faith_armon_KL": [0.3362177610397339, 0.3438340723514557, 0.3988463282585144, 0.4691527485847473], "faith_armon_KL_std": [0.14365822076797485, 0.15288788080215454, 0.2195017784833908, 0.2641620934009552], "faith_gmean_KL": [0.3925894796848297, 0.4020559787750244, 0.4578081965446472, 0.5451024770736694], "faith_gmean_KL_std": [0.10244086384773254, 0.11370983719825745, 0.1853594034910202, 0.22199660539627075]}, "test": {"suff_simple_L1": [0.7306999999999999, 0.7363, 0.7774, 0.97], "suff_simple_L1_std": [0.08757630958198685, 0.09912825026197125, 0.13724882513158357, 0.09000000000000001], "suff_simple_KL": [0.6835, 0.6909, 0.7388999999999999, 0.9643], "suff_simple_KL_std": [0.10330851852582149, 0.11804867640088133, 0.16068879861396684, 0.1071], "suff_simple_acc_int": [0.5440984964370728, 0.54829540848732, 0.21963495314121245, -0.8514194130897522], "suff_simple_acc_int_std": [0.12816712407607234, 0.1368921626649484, 0.6186669624835255, 0.44574176073074334], "nec_L1": [0.1018, 0.10470000000000002, 0.13010000000000002, 0.20650000000000004], "nec_L1_std": [0.06505812785501901, 0.06323456333367063, 0.06448325363999556, 0.04692174336062121], "nec_KL": [0.11909999999999998, 0.12289999999999997, 0.1524, 0.24300000000000002], "nec_KL_std": [0.07763175896500092, 0.07651725295644116, 0.07747799687653263, 0.05559136623613419], "nec_acc_int": [0.7585393071174622, 0.7577289283275604, 0.7348713517189026, 0.6065032422542572], "nec_acc_int_std": [0.08870803991589049, 0.08739929962796666, 0.09882872527470257, 0.06230691631514009], "faith_aritm_L1": [0.41624999046325684, 0.4204999804496765, 0.45375004410743713, 0.5882499814033508], "faith_aritm_L1_std": [0.07618571072816849, 0.08083038777112961, 0.10049011558294296, 0.06821225583553314], "faith_armon_L1": [0.17450442910194397, 0.1797131597995758, 0.22030898928642273, 0.3391898572444916], "faith_armon_L1_std": [0.0974363461136818, 0.09564501792192459, 0.09908036142587662, 0.07261545211076736], "faith_gmean_L1": [0.26607611775398254, 0.27190229296684265, 0.3141997456550598, 0.44567933678627014], "faith_gmean_L1_std": [0.09615723043680191, 0.09651084244251251, 0.105437733232975, 0.07635395228862762], "faith_aritm_KL": [0.40129995346069336, 0.406900018453598, 0.44565001130104065, 0.6036499738693237], "faith_aritm_KL_std": [0.09033055603504181, 0.09691280126571655, 0.11870720237493515, 0.08104074746370316], "faith_armon_KL": [0.19781716167926788, 0.20432619750499725, 0.24985912442207336, 0.38678279519081116], "faith_armon_KL_std": [0.11080916970968246, 0.11065724492073059, 0.11469943821430206, 0.08299565315246582], "faith_gmean_KL": [0.27893319725990295, 0.28585556149482727, 0.3321860134601593, 0.48243236541748047], "faith_gmean_KL_std": [0.10756707936525345, 0.10994179546833038, 0.12054774165153503, 0.086248017847538]}}}}