{"TopoFeature basis": {"repr_GSATGIN_3l_sumpool_0.0dp_mitig_backboneNone_mitig_samplingfeatnormnoneavgedgeattnmean/0.001lr_0.0wd/GSAT_1.0_True_10_0.5": {"id_val": {"suff_simple_L1": [0.9655000000000001, 0.9679, 0.9679, 0.9601, 0.9318], "suff_simple_L1_std": [0.00978008179924893, 0.011596982366115775, 0.009159148432032322, 0.01014347080638576, 0.018104143172213337], "suff_simple_KL": [0.9044000000000001, 0.9151, 0.9217000000000001, 0.9038, 0.8647], "suff_simple_KL_std": [0.02741605369122259, 0.0307390630956768, 0.022689424849475563, 0.025364542179980312, 0.04062277686224812], "suff_simple_acc_int": [0.9784296154975891, 0.9795125722885132, 0.978249192237854, 0.9717960357666016, 0.9425992965698242], "suff_simple_acc_int_std": [0.006804362870752811, 0.008372612297534943, 0.006792373955249786, 0.007043910212814808, 0.014955544844269753], "nec_L1": [0.0947, 0.061299999999999986, 0.0352, 0.0206, 0.0142], "nec_L1_std": [0.0650969277308845, 0.04071866893698761, 0.02154437281519237, 0.011976643937263895, 0.00812157620169878], "nec_KL": [0.2405, 0.17570000000000002, 0.11080000000000001, 0.068, 0.048100000000000004], "nec_KL_std": [0.14751355869885316, 0.11069692859334446, 0.06688766702464663, 0.04119223227745736, 0.02770360987308333], "nec_acc_int": [0.9491876363754272, 0.9702617526054382, 0.9846118688583374, 0.9906137585639954, 0.9932762384414673], "nec_acc_int_std": [0.0397343635559082, 0.021766111254692078, 0.009953300468623638, 0.006067106034606695, 0.004874682519584894], "faith_aritm_L1": [0.5301000475883484, 0.5145999789237976, 0.501550018787384, 0.49035000801086426, 0.4729999899864197], "faith_aritm_L1_std": [0.032670944929122925, 0.022066719830036163, 0.012738628312945366, 0.008500149473547935, 0.010295628570020199], "faith_armon_L1": [0.166289284825325, 0.11259283870458603, 0.0670950710773468, 0.04006046801805496, 0.027840960770845413], "faith_armon_L1_std": [0.10075322538614273, 0.06900602579116821, 0.0393042266368866, 0.022715849801898003, 0.01566234789788723], "faith_gmean_L1": [0.28702887892723083, 0.23166927695274353, 0.17619439959526062, 0.13494622707366943, 0.1105206161737442], "faith_gmean_L1_std": [0.09494949132204056, 0.07575774937868118, 0.05546286329627037, 0.039861224591732025, 0.03212308883666992], "faith_aritm_KL": [0.5724499821662903, 0.5454000234603882, 0.5162500143051147, 0.48590001463890076, 0.45639997720718384], "faith_aritm_KL_std": [0.0754302367568016, 0.060200415551662445, 0.03921304643154144, 0.027543406933546066, 0.029299141839146614], "faith_armon_KL": [0.3587377965450287, 0.28056734800338745, 0.19144093990325928, 0.12365134805440903, 0.08976682275533676], "faith_armon_KL_std": [0.16612981259822845, 0.14472109079360962, 0.10284983366727829, 0.06979615986347198, 0.04931121692061424], "faith_gmean_KL": [0.44672727584838867, 0.3827708661556244, 0.3050777018070221, 0.2366214245557785, 0.1957673281431198], "faith_gmean_KL_std": [0.13441142439842224, 0.12214073538780212, 0.09814728051424026, 0.07626201957464218, 0.061443060636520386]}, "val": {"suff_simple_L1": [0.8084999999999999, 0.8082999999999998, 0.8023, 0.7923, 0.7743999999999999], "suff_simple_L1_std": [0.06532878385520427, 0.06581192900986872, 0.06883175139425118, 0.07216931480899619, 0.07444487893737217], "suff_simple_KL": [0.7801, 0.7794, 0.7707, 0.7549, 0.7312000000000001], "suff_simple_KL_std": [0.09631661331255369, 0.09842479362437086, 0.10301558134573623, 0.1080050461784078, 0.11506241784353394], "suff_simple_acc_int": [0.5559325218200684, 0.5543303489685059, 0.5458184480667114, 0.5331944227218628, 0.5149106979370117], "suff_simple_acc_int_std": [0.1647251695394516, 0.16484121978282928, 0.16525770723819733, 0.16572305560112, 0.1644817739725113], "nec_L1": [0.4936, 0.37810000000000005, 0.27390000000000003, 0.1969, 0.1578], "nec_L1_std": [0.09962951369950572, 0.06744842474068613, 0.049348657529865995, 0.039243980430124566, 0.03699945945551097], "nec_KL": [0.6125, 0.5389000000000002, 0.4091, 0.2791, 0.19860000000000005], "nec_KL_std": [0.15332726437264835, 0.12870466192022728, 0.08988042055976375, 0.06508678821389176, 0.05023186239828263], "nec_acc_int": [0.1918105185031891, 0.37284722924232483, 0.4890972077846527, 0.5529116988182068, 0.5727480053901672], "nec_acc_int_std": [0.09860403835773468, 0.1347055435180664, 0.14691296219825745, 0.15237271785736084, 0.1560603231191635], "faith_aritm_L1": [0.6510499715805054, 0.5932000279426575, 0.538100004196167, 0.49459999799728394, 0.4661000370979309], "faith_aritm_L1_std": [0.049456771463155746, 0.02890952117741108, 0.020639531314373016, 0.020955659449100494, 0.025180157274007797], "faith_armon_L1": [0.6043846607208252, 0.5087694525718689, 0.40322136878967285, 0.31118470430374146, 0.25823038816452026], "faith_armon_L1_std": [0.0733637884259224, 0.05258256942033768, 0.04368974268436432, 0.041191667318344116, 0.04373690113425255], "faith_gmean_L1": [0.6270114779472351, 0.5489407777786255, 0.46507033705711365, 0.3911413252353668, 0.34536123275756836], "faith_gmean_L1_std": [0.06105078011751175, 0.038903895765542984, 0.026925453916192055, 0.02272377721965313, 0.027176128700375557], "faith_aritm_KL": [0.6963000893592834, 0.6591500639915466, 0.5898999571800232, 0.5170000195503235, 0.46490001678466797], "faith_aritm_KL_std": [0.07743100076913834, 0.062386296689510345, 0.04404361918568611, 0.035758212208747864, 0.038668978959321976], "faith_armon_KL": [0.6693214178085327, 0.6214976906776428, 0.5215617418289185, 0.3965056240558624, 0.30303245782852173], "faith_armon_KL_std": [0.09733173996210098, 0.08506888151168823, 0.0657748132944107, 0.05236776918172836, 0.043321412056684494], "faith_gmean_KL": [0.6824960112571716, 0.6397714614868164, 0.5541355609893799, 0.4516223967075348, 0.3736424446105957], "faith_gmean_KL_std": [0.08722645044326782, 0.07327389717102051, 0.052549950778484344, 0.036557387560606, 0.026775285601615906]}, "test": {"suff_simple_L1": [0.8528, 0.8517000000000001, 0.8426, 0.8252, 0.8477], "suff_simple_L1_std": [0.014393053880257668, 0.01583066644206745, 0.016578299068360437, 0.02083650642502238, 0.023507658326596483], "suff_simple_KL": [0.8039, 0.8065, 0.7998000000000001, 0.7823, 0.8308], "suff_simple_KL_std": [0.016729913329123953, 0.019252272593125192, 0.016375591592366956, 0.018697860840213777, 0.02357880404091775], "suff_simple_acc_int": [0.6908224821090698, 0.6907972097396851, 0.6919976472854614, 0.6896930932998657, 0.7058263421058655], "suff_simple_acc_int_std": [0.0832989290356636, 0.08262459188699722, 0.08253073692321777, 0.07878351211547852, 0.08147627115249634], "nec_L1": [0.47379999999999994, 0.3864000000000001, 0.27240000000000003, 0.1849, 0.1326], "nec_L1_std": [0.04998559792580259, 0.05267105466952413, 0.049759823150811136, 0.03548929416035208, 0.01987561319808775], "nec_KL": [0.6195999999999999, 0.5715, 0.4671, 0.33930000000000005, 0.2379], "nec_KL_std": [0.08169234970301686, 0.06844888603914605, 0.06444447222221623, 0.058273578918751845, 0.035112533374850624], "nec_acc_int": [0.35964342951774597, 0.4799179434776306, 0.5992656946182251, 0.6722143888473511, 0.7061486840248108], "nec_acc_int_std": [0.08915816992521286, 0.11163730174303055, 0.10664626210927963, 0.10157814621925354, 0.09062162041664124], "faith_aritm_L1": [0.6633000373840332, 0.6190499663352966, 0.5575000047683716, 0.5050500631332397, 0.49014997482299805], "faith_aritm_L1_std": [0.030948501080274582, 0.031206130981445312, 0.02876715548336506, 0.02152957394719124, 0.013647446408867836], "faith_armon_L1": [0.6079882979393005, 0.5297794938087463, 0.4093364179134369, 0.3004755973815918, 0.22866518795490265], "faith_armon_L1_std": [0.04351893067359924, 0.05116056278347969, 0.05713588744401932, 0.04692208766937256, 0.028820445761084557], "faith_gmean_L1": [0.6349920034408569, 0.5725147128105164, 0.47721996903419495, 0.3888716995716095, 0.33428531885147095], "faith_gmean_L1_std": [0.0374772772192955, 0.04194052144885063, 0.04544229432940483, 0.03792765736579895, 0.023601023480296135],