{"TopoFeature basis": {"repr_GiSSTGIN_3l_sumpool_0.0dp_mitig_backboneNone_mitig_samplingfeatavgedgeattnmean/0.001lr_0.0wd/GiSST_no_param_True_0.1_0.01_0.01_0.01": {"id_val": {"suff_simple_L1": [0.173, 0.169, 1.0, 1.0], "suff_simple_L1_std": [0.0, 0.0, 0.0, 0.0], "suff_simple_KL": [0.017, 0.018, 1.0, 1.0], "suff_simple_KL_std": [0.0, 0.0, 0.0, 0.0], "suff_simple_acc_int": [0.08124999701976776, 0.07500000298023224], "suff_simple_acc_int_std": [0.0, 0.0], "nec_L1": [0.312, 0.324, 0.421, 0.421], "nec_L1_std": [0.0, 0.0, 0.0, 0.0], "nec_KL": [0.413, 0.466, 0.69, 0.69], "nec_KL_std": [0.0, 0.0, 0.0, 0.0], "nec_acc_int": [0.6725000143051147, 0.6850000023841858, 0.6187499761581421, 0.6187499761581421], "nec_acc_int_std": [0.0, 0.0, 0.0, 0.0], "faith_aritm_L1": [0.24250000715255737, 0.24650000035762787, 0.7105000019073486, 0.7105000019073486], "faith_aritm_L1_std": [0.0, 0.0, 0.0, 0.0], "faith_armon_L1": [0.2225814312696457, 0.22213387489318848, 0.592540442943573, 0.592540442943573], "faith_armon_L1_std": [0.0, 0.0, 0.0, 0.0], "faith_gmean_L1": [0.23232735693454742, 0.23400001227855682, 0.6488451361656189, 0.6488451361656189], "faith_gmean_L1_std": [0.0, 0.0, 0.0, 0.0], "faith_aritm_KL": [0.2149999886751175, 0.24199999868869781, 0.8450000286102295, 0.8450000286102295], "faith_aritm_KL_std": [0.0, 0.0, 0.0, 0.0], "faith_armon_KL": [0.03265581652522087, 0.03466115519404411, 0.8165680170059204, 0.8165680170059204], "faith_armon_KL_std": [0.0, 0.0, 0.0, 0.0], "faith_gmean_KL": [0.08379140496253967, 0.09158602356910706, 0.8306623697280884, 0.8306623697280884], "faith_gmean_KL_std": [0.0, 0.0, 0.0, 0.0]}, "val": {"suff_simple_L1": [0.341, 0.341, 1.0, 1.0], "suff_simple_L1_std": [0.0, 0.0, 0.0, 0.0], "suff_simple_KL": [0.268, 0.268, 1.0, 1.0], "suff_simple_KL_std": [0.0, 0.0, 0.0, 0.0], "suff_simple_acc_int": [0.0, 0.0012499999720603228], "suff_simple_acc_int_std": [0.0, 0.0], "nec_L1": [0.598, 0.615, 0.643, 0.643], "nec_L1_std": [0.0, 0.0, 0.0, 0.0], "nec_KL": [0.671, 0.69, 0.734, 0.734], "nec_KL_std": [0.0, 0.0, 0.0, 0.0], "nec_acc_int": [0.07874999940395355, 0.054999999701976776, 0.03750000149011612, 0.03750000149011612], "nec_acc_int_std": [0.0, 0.0, 0.0, 0.0], "faith_aritm_L1": [0.46950000524520874, 0.4779999852180481, 0.8215000033378601, 0.8215000033378601], "faith_aritm_L1_std": [0.0, 0.0, 0.0, 0.0], "faith_armon_L1": [0.43433013558387756, 0.4387343227863312, 0.7827145457267761, 0.7827145457267761], "faith_armon_L1_std": [0.0, 0.0, 0.0, 0.0], "faith_gmean_L1": [0.45157280564308167, 0.4579465091228485, 0.8018727898597717, 0.8018727898597717], "faith_gmean_L1_std": [0.0, 0.0, 0.0, 0.0], "faith_aritm_KL": [0.46950000524520874, 0.4790000021457672, 0.8669999837875366, 0.8669999837875366], "faith_aritm_KL_std": [0.0, 0.0, 0.0, 0.0], "faith_armon_KL": [0.38302022218704224, 0.38605427742004395, 0.8465974926948547, 0.8465974926948547], "faith_armon_KL_std": [0.0, 0.0, 0.0, 0.0], "faith_gmean_KL": [0.4240613281726837, 0.4300232529640198, 0.8567380309104919, 0.8567380309104919], "faith_gmean_KL_std": [0.0, 0.0, 0.0, 0.0]}, "test": {"suff_simple_L1": [0.859, 0.852, 1.0, 1.0], "suff_simple_L1_std": [0.0, 0.0, 0.0, 0.0], "suff_simple_KL": [0.813, 0.806, 1.0, 1.0], "suff_simple_KL_std": [0.0, 0.0, 0.0, 0.0], "suff_simple_acc_int": [0.7400000095367432, 0.7400000095367432], "suff_simple_acc_int_std": [0.0, 0.0], "nec_L1": [0.046, 0.057, 0.116, 0.116], "nec_L1_std": [0.0, 0.0, 0.0, 0.0], "nec_KL": [0.058, 0.074, 0.204, 0.204], "nec_KL_std": [0.0, 0.0, 0.0, 0.0], "nec_acc_int": [0.862500011920929, 0.856249988079071, 0.793749988079071, 0.793749988079071], "nec_acc_int_std": [0.0, 0.0, 0.0, 0.0], "faith_aritm_L1": [0.45250001549720764, 0.4544999897480011, 0.5579999685287476, 0.5579999685287476], "faith_aritm_L1_std": [0.0, 0.0, 0.0, 0.0], "faith_armon_L1": [0.08732375502586365, 0.1068514809012413, 0.20788531005382538, 0.20788531005382538], "faith_armon_L1_std": [0.0, 0.0, 0.0, 0.0], "faith_gmean_L1": [0.19878128170967102, 0.22037240862846375, 0.3405877351760864, 0.3405877351760864], "faith_gmean_L1_std": [0.0, 0.0, 0.0, 0.0], "faith_aritm_KL": [0.43550002574920654, 0.4399999976158142, 0.6019999980926514, 0.6019999980926514], "faith_aritm_KL_std": [0.0, 0.0, 0.0, 0.0], "faith_armon_KL": [0.10827553272247314, 0.13555453717708588, 0.33887043595314026, 0.33887043595314026], "faith_armon_KL_std": [0.0, 0.0, 0.0, 0.0], "faith_gmean_KL": [0.21714971959590912, 0.24422121047973633, 0.4516635835170746, 0.4516635835170746], "faith_gmean_KL_std": [0.0, 0.0, 0.0, 0.0]}}}}