{"TopoFeature basis": {"repr_GSATGIN_3l_sumpool_0.0dp_mitig_backboneNone_mitig_samplingfeatnormnoneavgedgeattnmean/0.001lr_0.0wd/GSAT_1.0_True_10_0.5": {"id_val": {"suff_simple_L1": [0.41600000000000004, 0.37360000000000004, 0.3675, 0.3672], "suff_simple_L1_std": [0.12068388459110851, 0.11077021260248623, 0.11045564720737461, 0.11253159556320172], "suff_simple_KL": [0.1476, 0.1016, 0.09219999999999999, 0.0901], "suff_simple_KL_std": [0.10317480312556938, 0.084492839933334, 0.08269316779516915, 0.08225503024131717], "suff_simple_acc_int": [0.42364615201950073, 0.37576717138290405, 0.3722924292087555, 0.37409746646881104], "suff_simple_acc_int_std": [0.142853781580925, 0.1357964426279068, 0.13878345489501953, 0.1402764916419983], "nec_L1": [0.2431, 0.0098, 0.007700000000000001, 0.007700000000000001], "nec_L1_std": [0.07578449709538225, 0.004643274706497559, 0.004290687590584986, 0.004290687590584986], "nec_KL": [0.35950000000000004, 0.0164, 0.0132, 0.0132], "nec_KL_std": [0.10607568053045902, 0.008126499861564017, 0.006095900261651269, 0.006095900261651269], "nec_acc_int": [0.7604241967201233, 0.9916966557502747, 0.9938627481460571, 0.9938627481460571], "nec_acc_int_std": [0.07879439741373062, 0.003971107769757509, 0.004286759067326784, 0.004286759067326784], "faith_aritm_L1": [0.32954999804496765, 0.19169998168945312, 0.18759998679161072, 0.18744997680187225], "faith_aritm_L1_std": [0.030927691608667374, 0.05432181432843208, 0.05518776550889015, 0.05621851980686188], "faith_armon_L1": [0.2816857695579529, 0.01884925737977028, 0.014940123073756695, 0.01493866927921772], "faith_armon_L1_std": [0.032457899302244186, 0.008613589219748974, 0.008111787028610706, 0.008111034519970417], "faith_gmean_L1": [0.3038507401943207, 0.056945253163576126, 0.05052416771650314, 0.05047743394970894], "faith_gmean_L1_std": [0.023736469447612762, 0.013207499869167805, 0.01609373837709427, 0.01611298695206642], "faith_aritm_KL": [0.2535499930381775, 0.05899999663233757, 0.05270000174641609, 0.051649998873472214], "faith_aritm_KL_std": [0.034425608813762665, 0.03981770947575569, 0.0404927134513855, 0.04024304449558258], "faith_armon_KL": [0.1713281273841858, 0.017530467361211777, 0.015568137168884277, 0.015437522903084755], "faith_armon_KL_std": [0.09133805334568024, 0.008245626464486122, 0.008877933025360107, 0.008944448083639145], "faith_gmean_KL": [0.1999472975730896, 0.030857756733894348, 0.027417827397584915, 0.026990745216608047], "faith_gmean_KL_std": [0.06711911410093307, 0.016804730519652367, 0.017520351335406303, 0.01727135293185711]}, "val": {"suff_simple_L1": [0.43170000000000003, 0.43030000000000007, 0.42990000000000006, 0.4297000000000001], "suff_simple_L1_std": [0.12027223287193102, 0.1206922118448411, 0.12099541313620117, 0.12087601085409792], "suff_simple_KL": [0.3698, 0.36630000000000007, 0.3665, 0.3664], "suff_simple_KL_std": [0.14835619299510217, 0.1488482784583013, 0.14864807432321483, 0.14859623144615747], "suff_simple_acc_int": [0.040325868874788284, 0.03944940119981766, 0.03902282193303108, 0.039052583277225494], "suff_simple_acc_int_std": [0.03418293222784996, 0.03368731960654259, 0.03340468928217888, 0.033466871827840805], "nec_L1": [0.40149999999999997, 0.0335, 0.0328, 0.0328], "nec_L1_std": [0.11164788399248773, 0.00680073525436772, 0.00663023378170031, 0.00663023378170031], "nec_KL": [0.4497999999999999, 0.0144, 0.014099999999999998, 0.014099999999999998], "nec_KL_std": [0.1353955686128612, 0.003611094017053558, 0.0033301651610693427, 0.0033301651610693427], "nec_acc_int": [0.27719244360923767, 0.6175397038459778, 0.6176984310150146, 0.6176984310150146], "nec_acc_int_std": [0.14145246148109436, 0.16077890992164612, 0.1607893407344818, 0.1607893407344818], "faith_aritm_L1": [0.4166000485420227, 0.23189997673034668, 0.23134998977184296, 0.23125000298023224], "faith_aritm_L1_std": [0.0444582924246788, 0.06014183163642883, 0.06031709536910057, 0.060256220400333405], "faith_armon_L1": [0.3897053003311157, 0.06158777326345444, 0.060403041541576385, 0.06040143221616745], "faith_armon_L1_std": [0.03839830309152603, 0.011266120709478855, 0.011056465096771717, 0.011055988259613514], "faith_gmean_L1": [0.4027809500694275, 0.11818142980337143, 0.11689306795597076, 0.11686704307794571], "faith_gmean_L1_std": [0.03978416323661804, 0.0193868987262249, 0.01926421746611595, 0.019245613366365433], "faith_aritm_KL": [0.40980005264282227, 0.1903499811887741, 0.19030000269412994, 0.19025000929832458], "faith_aritm_KL_std": [0.05299019068479538, 0.07357174903154373, 0.07344289869070053, 0.07341738045215607], "faith_armon_KL": [0.36420878767967224, 0.02731105126440525, 0.026774978265166283, 0.02677484229207039], "faith_armon_KL_std": [0.06540936976671219, 0.006306167226284742, 0.0057869222946465015, 0.00578700378537178], "faith_gmean_KL": [0.38555508852005005, 0.06958864629268646, 0.06890470534563065, 0.06889647990465164], "faith_gmean_KL_std": [0.05593259632587433, 0.013165116310119629, 0.012403279542922974, 0.012400592677295208]}, "test": {"suff_simple_L1": [0.4971000000000001, 0.4343, 0.43310000000000004, 0.4332], "suff_simple_L1_std": [0.0529328820299821, 0.03911022884105896, 0.039302544446893004, 0.038256502715224766], "suff_simple_KL": [0.34390000000000004, 0.24440000000000003, 0.2415, 0.2399], "suff_simple_KL_std": [0.0676408900000584, 0.048380161223377495, 0.04892085444879311, 0.046996702011949734], "suff_simple_acc_int": [0.39388465881347656, 0.33754053711891174, 0.33668458461761475, 0.3374493420124054], "suff_simple_acc_int_std": [0.09762877225875854, 0.1121499314904213, 0.11287127435207367, 0.11276917159557343], "nec_L1": [0.31379999999999997, 0.04769999999999999, 0.040400000000000005, 0.0398], "nec_L1_std": [0.04402453861200593, 0.007810889834071404, 0.004943682837723309, 0.004955804677345545], "nec_KL": [0.4039, 0.0504, 0.04209999999999999, 0.041], "nec_KL_std": [0.0585020512460888, 0.008534635317340748, 0.005356304696336832, 0.005347896782848375], "nec_acc_int": [0.570644199848175, 0.7518638372421265, 0.7566450238227844, 0.7569692730903625], "nec_acc_int_std": [0.10773693770170212, 0.0885830968618393, 0.08686788380146027, 0.08701774477958679], "faith_aritm_L1": [0.4054500162601471, 0.2410000115633011, 0.23675000667572021, 0.23649999499320984], "faith_aritm_L1_std": [0.024648984894156456, 0.019291184842586517, 0.020091358572244644, 0.0195089690387249], "faith_armon_L1": [0.380449116230011, 0.08563932776451111, 0.07377825677394867, 0.07277492433786392], "faith_armon_L1_std": [0.030076108872890472, 0.012451610527932644, 0.008360231295228004, 0.008387106470763683], "faith_gmean_L1": [0.39262914657592773, 0.14321278035640717, 0.131922647356987, 0.1309433877468109], "faith_gmean_L1_std": [0.026028279215097427, 0.01245784666389227, 0.010789786465466022, 0.010598573833703995], "faith_aritm_KL": [0.37389999628067017, 0.14739999175071716, 0.14180000126361847, 0.14044998586177826], "faith_aritm_KL_std": [0.03650466352701187, 0.02448652870953083, 0.024539967998862267, 0.023528119549155235], "faith_armon_KL": [0.3638971447944641, 0.08267860114574432, 0.07111568003892899, 0.06948678940534592], "faith_armon_KL_std": [0.04303082823753357, 0.011717780493199825, 0.007935850881040096, 0.007864722050726414], "faith_gmean_KL": [0.36879828572273254, 0.11000523716211319, 0.10006535053253174, 0.09844148904085159], "faith_gmean_KL_std": [0.03943774849176407, 0.01445847935974598, 0.01214603055268526, 0.011561768129467964]}}}}