{"TopoFeature basis": {"repr_SMGNNGIN_3l_sumpool_0.0dp_mitig_backboneNone_mitig_samplingfeatgchannelsimple_concept2temperaturenormnoneavgedgeattnmean/0.001lr_0.0wd/SMGNN_0.001_True_10_0.01": {"id_val": {"suff_simple_L1": [0.8959999999999999, 0.9084, 0.9158, 0.9177000000000002], "suff_simple_L1_std": [0.1489724806801578, 0.14529707498776429, 0.14016832737819196, 0.1330165779141833], "suff_simple_KL": [0.8366, 0.8478, 0.8557, 0.8562000000000001], "suff_simple_KL_std": [0.23131415866738467, 0.23384131371509184, 0.23253991055300596, 0.22608175512411433], "suff_simple_acc_int": [0.9143751859664917, 0.9294441342353821, 0.9369336366653442, 0.9397563934326172], "suff_simple_acc_int_std": [0.1273440569639206, 0.1167479157447815, 0.11075159907341003, 0.10142980515956879], "nec_L1": [0.40330000000000005, 0.8010999999999999, 0.8261000000000001, 0.6263000000000001], "nec_L1_std": [0.29648745336017174, 0.08974012480490542, 0.10021920973545939, 0.33035134326955595], "nec_KL": [0.5525, 0.9527000000000001, 0.9574999999999999, 0.7245000000000001], "nec_KL_std": [0.3381979449967134, 0.06468701569867015, 0.10516867404317695, 0.38092998044260057], "nec_acc_int": [0.5948556065559387, 0.0949007123708725, 0.04801443591713905, 0.27558666467666626], "nec_acc_int_std": [0.34987902641296387, 0.13892219960689545, 0.12986047565937042, 0.38346928358078003], "faith_aritm_L1": [0.649649977684021, 0.8547499775886536, 0.8709501028060913, 0.7720000147819519], "faith_aritm_L1_std": [0.16105030477046967, 0.07803694903850555, 0.07749658823013306, 0.17187553644180298], "faith_armon_L1": [0.4840095639228821, 0.8402060270309448, 0.8568798303604126, 0.665053129196167], "faith_armon_L1_std": [0.2958463132381439, 0.09191426634788513, 0.09665742516517639, 0.3400891423225403], "faith_gmean_L1": [0.5455938577651978, 0.8473993539810181, 0.8637874722480774, 0.683648943901062], "faith_gmean_L1_std": [0.24598726630210876, 0.08503495901823044, 0.0870608389377594, 0.32101303339004517], "faith_aritm_KL": [0.6945499777793884, 0.9002500772476196, 0.9066001176834106, 0.7903499603271484], "faith_aritm_KL_std": [0.18360209465026855, 0.1149267852306366, 0.11706147342920303, 0.21016280353069305], "faith_armon_KL": [0.5683847665786743, 0.870173454284668, 0.8738303184509277, 0.6749755144119263], "faith_armon_KL_std": [0.29029425978660583, 0.1889009028673172, 0.18985532224178314, 0.3728686273097992], "faith_gmean_KL": [0.6215337514877319, 0.8832481503486633, 0.888379693031311, 0.7002695202827454], "faith_gmean_KL_std": [0.24371038377285004, 0.1567007303237915, 0.15796668827533722, 0.346649706363678]}, "val": {"suff_simple_L1": [0.771, 0.7796000000000001, 0.7807, 0.7816000000000001], "suff_simple_L1_std": [0.24316619830889324, 0.23925726739223618, 0.2395024216996563, 0.23903355412995891], "suff_simple_KL": [0.6951, 0.7045, 0.7059, 0.7071000000000002], "suff_simple_KL_std": [0.2958210438761922, 0.28958392565886665, 0.2907120396543631, 0.28954082613683346], "suff_simple_acc_int": [0.6586707234382629, 0.6679960489273071, 0.6699453592300415, 0.6706497669219971], "suff_simple_acc_int_std": [0.31218698620796204, 0.3081717789173126, 0.3079860210418701, 0.3079356253147125], "nec_L1": [0.7095999999999999, 0.7664, 0.7332, 0.5497], "nec_L1_std": [0.13333881655392024, 0.08796271937588107, 0.10942467728990568, 0.28991103807892515], "nec_KL": [0.8138, 0.8472999999999999, 0.8107, 0.6076], "nec_KL_std": [0.12788573024383915, 0.10822943222617402, 0.12428519622223719, 0.3251855470343047], "nec_acc_int": [0.10297123342752457, 0.0, 0.042023807764053345, 0.24638888239860535], "nec_acc_int_std": [0.11487040668725967, 0.0, 0.12593919038772583, 0.3360099196434021], "faith_aritm_L1": [0.7402999997138977, 0.7729999423027039, 0.7569500207901001, 0.6656500101089478], "faith_aritm_L1_std": [0.15736012160778046, 0.14697687327861786, 0.138467937707901, 0.20088143646717072], "faith_armon_L1": [0.7185794115066528, 0.7566442489624023, 0.7337649464607239, 0.5750545859336853], "faith_armon_L1_std": [0.16733196377754211, 0.15950925648212433, 0.1512293517589569, 0.30939576029777527], "faith_gmean_L1": [0.7292553186416626, 0.7646547555923462, 0.745092511177063, 0.5963922739028931], "faith_gmean_L1_std": [0.16235195100307465, 0.15330396592617035, 0.14465640485286713, 0.289958119392395], "faith_aritm_KL": [0.7544499635696411, 0.7759000062942505, 0.7582999467849731, 0.6573499441146851], "faith_aritm_KL_std": [0.17940714955329895, 0.17638903856277466, 0.16457799077033997, 0.22865739464759827], "faith_armon_KL": [0.7171504497528076, 0.7406010627746582, 0.7181508541107178, 0.565549373626709], "faith_armon_KL_std": [0.20887750387191772, 0.20961594581604004, 0.19529184699058533, 0.32065922021865845], "faith_gmean_KL": [0.7350283265113831, 0.7575260400772095, 0.7374695539474487, 0.589983344078064], "faith_gmean_KL_std": [0.19454362988471985, 0.1936931312084198, 0.18056412041187286, 0.3022122085094452]}, "test": {"suff_simple_L1": [0.9765, 0.9732, 0.9743999999999999, 0.9728999999999999], "suff_simple_L1_std": [0.03710862433451286, 0.04415382203162033, 0.04075585847458006, 0.03206072363500236], "suff_simple_KL": [0.9635, 0.9598000000000001, 0.9616999999999999, 0.9591999999999998], "suff_simple_KL_std": [0.05638129122324176, 0.06387926111031654, 0.06025786255751193, 0.04970472814531834], "suff_simple_acc_int": [0.9789759516716003, 0.9777429699897766, 0.9799154996871948, 0.98412024974823], "suff_simple_acc_int_std": [0.03302754834294319, 0.039481088519096375, 0.03680215775966644, 0.029448842629790306], "nec_L1": [0.7527, 0.7900999999999999, 0.7742, 0.6594999999999999], "nec_L1_std": [0.05355567196852264, 0.03227522269481653, 0.09717901007933762, 0.3055078558728073], "nec_KL": [0.8996000000000001, 0.9292, 0.9019, 0.762], "nec_KL_std": [0.05055333816871048, 0.030082553083141044, 0.11123259414398283, 0.3538039004872614], "nec_acc_int": [0.1519043743610382, 0.09462621062994003, 0.10427979379892349, 0.22749698162078857], "nec_acc_int_std": [0.07353131473064423, 0.047551434487104416, 0.11685587465763092, 0.35941964387893677], "faith_aritm_L1": [0.8646000027656555, 0.8816499710083008, 0.8743001222610474, 0.8161999583244324], "faith_aritm_L1_std": [0.024689873680472374, 0.023309927433729172, 0.048471227288246155, 0.152384415268898], "faith_armon_L1": [0.8482238054275513, 0.8710765838623047, 0.858044445514679, 0.7262420058250427], "faith_armon_L1_std": [0.03066186234354973, 0.0233799759298563, 0.06999305635690689, 0.31783416867256165], "faith_gmean_L1": [0.8563596606254578, 0.8763435482978821, 0.8660260438919067, 0.7463264465332031], "faith_gmean_L1_std": [0.027498705312609673, 0.023206600919365883, 0.059380318969488144, 0.2896290719509125], "faith_aritm_KL": [0.9315500259399414, 0.9444999694824219, 0.9318000674247742, 0.8605999946594238], "faith_aritm_KL_std": [0.02657296508550644, 0.030545037239789963, 0.057464417070150375, 0.17667539417743683], "faith_armon_KL": [0.9280807375907898, 0.9425350427627563, 0.9248825311660767, 0.778453528881073], "faith_armon_KL_std": [0.02848810888826847, 0.03261103481054306, 0.07275135070085526, 0.33981624245643616], "faith_gmean_KL": [0.9298127889633179, 0.9435160756111145, 0.9282862544059753, 0.7954264879226685], "faith_gmean_KL_std": [0.027522806078195572, 0.03157282620668411, 0.06514809280633926, 0.3111456334590912]}}, "repr_SMGNNGIN_3l_sumpool_0.0dp_mitig_backboneNone_mitig_samplingfeatnormnoneavgedgeattnmean/0.001lr_0.0wd/SMGNN_0.001_True_10_0.01": {"id_val": {"suff_simple_L1": [0.3378, 0.3315, 0.3381, 0.2894], "suff_simple_L1_std": [0.06285666233582561, 0.07674275210076845, 0.08098697426129711, 0.09137527017743916], "suff_simple_KL": [0.20329999999999998, 0.1834, 0.18619999999999998, 0.1403], "suff_simple_KL_std": [0.0559554286910573, 0.0634652660909887, 0.07087848756851405, 0.0801399401047942], "suff_simple_acc_int": [0.29272136092185974, 0.2940033972263336, 0.3104976713657379, 0.23795127868652344], "suff_simple_acc_int_std": [0.10819296538829803, 0.12893132865428925, 0.13137687742710114, 0.14396539330482483],