{"TopoFeature basis": {"repr_GSATGIN_3l_sumpool_0.0dp_mitig_backboneNone_mitig_samplingfeatnormnoneavgedgeattnmean/0.001lr_0.0wd/GSAT_1.0_True_10_0.5": {"id_val": {"suff_simple_L1": [0.5586, 0.5578, 0.5381, 0.5330000000000001, 0.8099000000000001], "suff_simple_L1_std": [0.015213152204589261, 0.01762838619953622, 0.020892343095019278, 0.029889797590482277, 0.03842251943847513], "suff_simple_KL": [0.33390000000000003, 0.3322, 0.3139, 0.3133, 0.7523], "suff_simple_KL_std": [0.01845237112134914, 0.017599999999999998, 0.017426703646989585, 0.03175232274968243, 0.044857663782234575], "suff_simple_acc_int": [0.5798999071121216, 0.5805500745773315, 0.5560500025749207, 0.5459750294685364, 0.8001999855041504], "suff_simple_acc_int_std": [0.022256242111325264, 0.02782934345304966, 0.03142388164997101, 0.03763333335518837, 0.04365730285644531], "nec_L1": [0.4266, 0.47309999999999997, 0.4569, 0.3699, 0.2793], "nec_L1_std": [0.03201936913807016, 0.018052423659996458, 0.03909334981809567, 0.0587204393716532, 0.04780177820960222], "nec_KL": [0.5204, 0.5657, 0.6251, 0.6222999999999999, 0.5379], "nec_KL_std": [0.03351775648816609, 0.02176717712520388, 0.02883210016630769, 0.05599651774887435, 0.07258574240165902], "nec_acc_int": [0.525600016117096, 0.4672500193119049, 0.5379249453544617, 0.671049952507019, 0.7772499918937683], "nec_acc_int_std": [0.0401776023209095, 0.02089049480855465, 0.054693352431058884, 0.05905736982822418, 0.0439145602285862], "faith_aritm_L1": [0.49260005354881287, 0.5154500007629395, 0.4975000321865082, 0.4514499604701996, 0.5446000099182129], "faith_aritm_L1_std": [0.017588071525096893, 0.011290387250483036, 0.023458465933799744, 0.03745827451348305, 0.03953782096505165], "faith_armon_L1": [0.4829963743686676, 0.5116041898727417, 0.4932428002357483, 0.43442797660827637, 0.4137279987335205], "faith_armon_L1_std": [0.021021751686930656, 0.01127525232732296, 0.02518598921597004, 0.0452347993850708, 0.056450262665748596], "faith_gmean_L1": [0.48776835203170776, 0.5135225653648376, 0.49536433815956116, 0.4428178668022156, 0.4743770658969879], "faith_gmean_L1_std": [0.019264785572886467, 0.01124140527099371, 0.024296434596180916, 0.04128611832857132, 0.049166180193424225], "faith_aritm_KL": [0.4271499514579773, 0.44894999265670776, 0.46950000524520874, 0.4678000509738922, 0.645099937915802], "faith_aritm_KL_std": [0.017145048826932907, 0.013278643600642681, 0.011625406332314014, 0.03247629478573799, 0.052931927144527435], "faith_armon_KL": [0.40593868494033813, 0.4181389808654785, 0.4171895384788513, 0.4150833487510681, 0.6254357099533081], "faith_armon_KL_std": [0.015002149157226086, 0.01436570379883051, 0.012575631961226463, 0.031823478639125824, 0.0601392462849617], "faith_gmean_KL": [0.416387140750885, 0.4332537055015564, 0.44251829385757446, 0.4405311048030853, 0.635164737701416], "faith_gmean_KL_std": [0.015468547120690346, 0.013327449560165405, 0.009965204633772373, 0.030601490288972855, 0.05648930370807648]}, "val": {"suff_simple_L1": [0.6860999999999999, 0.6848, 0.6832999999999999, 0.6803999999999999, 0.7449], "suff_simple_L1_std": [0.0737406943281659, 0.07405781525267943, 0.07522905023991729, 0.07829201747304763, 0.0647278147321536], "suff_simple_KL": [0.6302000000000001, 0.6292, 0.6272, 0.6259, 0.7135], "suff_simple_KL_std": [0.09891794579347064, 0.09884007284497517, 0.10079464271477923, 0.1046159165710457, 0.08024992211834224], "suff_simple_acc_int": [0.4911474585533142, 0.48969751596450806, 0.486534982919693, 0.48036250472068787, 0.5612799525260925], "suff_simple_acc_int_std": [0.006175614893436432, 0.007849112153053284, 0.011610851623117924, 0.0192376971244812, 0.0392962284386158], "nec_L1": [0.291, 0.2891, 0.2783, 0.29900000000000004, 0.2952], "nec_L1_std": [0.06929213519585033, 0.06794181334053427, 0.05931955832606983, 0.05962549790148506, 0.05802034126063031], "nec_KL": [0.319, 0.32130000000000003, 0.3326, 0.4152, 0.4090000000000001], "nec_KL_std": [0.0833834515956254, 0.08459083874746721, 0.08036815289652986, 0.10633795183282402, 0.09981683224787291], "nec_acc_int": [0.4955599904060364, 0.5034599900245667, 0.5434474945068359, 0.5574175119400024, 0.5634675621986389], "nec_acc_int_std": [0.0016169126611202955, 0.007571020629256964, 0.042338043451309204, 0.05568280816078186, 0.0520627386868], "faith_aritm_L1": [0.48855000734329224, 0.48695001006126404, 0.48080000281333923, 0.4897000193595886, 0.5200499892234802], "faith_aritm_L1_std": [0.011919425800442696, 0.013308743014931679, 0.018610751256346703, 0.01769068092107773, 0.013578392565250397], "faith_armon_L1": [0.39876437187194824, 0.3969268202781677, 0.3875669538974762, 0.40714365243911743, 0.4160807132720947], "faith_armon_L1_std": [0.057470228523015976, 0.05662894621491432, 0.05035153776407242, 0.04889623075723648, 0.05213148146867752], "faith_gmean_L1": [0.44015225768089294, 0.4384298324584961, 0.4306020140647888, 0.4454925060272217, 0.46421536803245544], "faith_gmean_L1_std": [0.03294941782951355, 0.03254033625125885, 0.02911863476037979, 0.027560243383049965, 0.031452909111976624], "faith_aritm_KL": [0.4745999872684479, 0.4752500057220459, 0.47989997267723083, 0.5205500721931458, 0.5612499117851257], "faith_aritm_KL_std": [0.023730574175715446, 0.024491073563694954, 0.022797808051109314, 0.01495568547397852, 0.028216352686285973], "faith_armon_KL": [0.40820401906967163, 0.4098215103149414, 0.41966795921325684, 0.4779532551765442, 0.5052365064620972], "faith_armon_KL_std": [0.0567045696079731, 0.05779954046010971, 0.05355260521173477, 0.06076089292764664, 0.07332807779312134], "faith_gmean_KL": [0.4389320909976959, 0.4400990605354309, 0.4476288855075836, 0.4978228509426117, 0.5315948724746704], "faith_gmean_KL_std": [0.033614348620176315, 0.03481307625770569, 0.031069107353687286, 0.03697701916098595, 0.05117616429924965]}, "test": {"suff_simple_L1": [0.7091, 0.7031, 0.6845, 0.6718999999999999, 0.8414000000000001], "suff_simple_L1_std": [0.02705716171367573, 0.02762770348762271, 0.029631908477180457, 0.030530149033373533, 0.02378318733895857], "suff_simple_KL": [0.6213, 0.619, 0.6032, 0.5947000000000001, 0.8204], "suff_simple_KL_std": [0.04284635340376121, 0.040449969097639614, 0.03709663057475706, 0.034848385902362826, 0.028587409816211037], "suff_simple_acc_int": [0.7089228630065918, 0.7019937038421631, 0.6852286458015442, 0.6758705377578735, 0.829268753528595], "suff_simple_acc_int_std": [0.02793649584054947, 0.02422443963587284, 0.019949285313487053, 0.01892874389886856, 0.026615481823682785], "nec_L1": [0.3104, 0.3329, 0.34299999999999997, 0.33310000000000006, 0.2834], "nec_L1_std": [0.04768060402301967, 0.048448838995377386, 0.046294708120907295, 0.03304678501760799, 0.01734473983661905], "nec_KL": [0.3527, 0.3787000000000001, 0.4027, 0.4161, 0.4088], "nec_KL_std": [0.058079342282777266, 0.05839871573930372, 0.060129942624286614, 0.054379132026909, 0.03469812675058985], "nec_acc_int": [0.5632379055023193, 0.5406118631362915, 0.5502976179122925, 0.5981813669204712, 0.6924029588699341], "nec_acc_int_std": [0.008838544599711895, 0.010603324510157108, 0.014081590808928013, 0.03190029039978981, 0.04987916722893715], "faith_aritm_L1": [0.5097499489784241, 0.5180000066757202, 0.5137499570846558, 0.5024999976158142, 0.5623999834060669], "faith_aritm_L1_std": [0.02711295522749424, 0.028145166113972664, 0.028501972556114197, 0.0247588399797678, 0.01736203208565712], "faith_armon_L1": [0.4294927716255188, 0.44965678453445435, 0.4550553858280182, 0.4443891644477844, 0.42374521493911743], "faith_armon_L1_std": [0.04510260373353958, 0.044178616255521774, 0.04163680970668793, 0.03185277059674263, 0.02070041187107563], "faith_gmean_L1": [0.4676974415779114, 0.4824610650539398, 0.4833918511867523, 0.47248250246047974, 0.48812922835350037], "faith_gmean_L1_std": [0.03648577630519867, 0.03636377304792404, 0.035069745033979416, 0.028001857921481133, 0.01876828633248806], "faith_aritm_KL": [0.4869999885559082, 0.498850017786026, 0.5029500126838684, 0.5054000020027161, 0.6146000027656555],