{"TopoFeature basis": {"repr_GSATGIN_3l_sumpool_0.0dp_mitig_backboneNone_mitig_samplingfeatnormnoneavgedgeattnmean/0.001lr_0.0wd/GSAT_1.0_True_10_0.5": {"id_val": {"suff_simple_L1": [0.6787, 0.6720999999999998, 0.6643999999999999, 0.6459, 0.7573999999999999], "suff_simple_L1_std": [0.02681436182347062, 0.022429667853091348, 0.01956629755472404, 0.02690520395759899, 0.05009031842581959], "suff_simple_KL": [0.469, 0.47040000000000004, 0.46699999999999997, 0.44980000000000003, 0.6689999999999999], "suff_simple_KL_std": [0.04643920757291192, 0.04379771683546986, 0.0416100949289953, 0.04611680821566038, 0.05982474404458408], "suff_simple_acc_int": [0.7065885066986084, 0.694675087928772, 0.682039737701416, 0.6564079523086548, 0.7462093830108643], "suff_simple_acc_int_std": [0.028111793100833893, 0.02589813619852066, 0.019853748381137848, 0.028423305600881577, 0.057085536420345306], "nec_L1": [0.7392, 0.7543000000000001, 0.5646, 0.3511, 0.1983], "nec_L1_std": [0.04745692783988446, 0.05036675490837185, 0.09930176232071615, 0.08515215792920341, 0.05724168061823482], "nec_KL": [0.9, 0.9615, 0.8993, 0.6904000000000001, 0.47800000000000004], "nec_KL_std": [0.049566117459409684, 0.01887458608817686, 0.07265817228639872, 0.13184930792385677, 0.12078907235342111], "nec_acc_int": [0.17184114456176758, 0.1939079314470291, 0.47450360655784607, 0.7086191177368164, 0.8612815737724304], "nec_acc_int_std": [0.060456108301877975, 0.07645556330680847, 0.1090746596455574, 0.07039741426706314, 0.04444622993469238], "faith_aritm_L1": [0.7089500427246094, 0.7131999731063843, 0.6144999861717224, 0.49849995970726013, 0.4778500199317932], "faith_aritm_L1_std": [0.025091279298067093, 0.028163986280560493, 0.05039543658494949, 0.046565547585487366, 0.04969307407736778], "faith_armon_L1": [0.7064787149429321, 0.7098779678344727, 0.6055699586868286, 0.4488906264305115, 0.31119078397750854], "faith_armon_L1_std": [0.02445346675813198, 0.02661745809018612, 0.05886496603488922, 0.07395750284194946, 0.07515542954206467], "faith_gmean_L1": [0.7077121734619141, 0.7115355730056763, 0.6099952459335327, 0.472675085067749, 0.38452887535095215], "faith_gmean_L1_std": [0.024741146713495255, 0.027360551059246063, 0.054622214287519455, 0.06085297465324402, 0.066150963306427], "faith_aritm_KL": [0.684499979019165, 0.7159500122070312, 0.683150053024292, 0.5701000094413757, 0.5735000371932983], "faith_aritm_KL_std": [0.029588012024760246, 0.02207312546670437, 0.0391816645860672, 0.0660184770822525, 0.08200366050004959], "faith_armon_KL": [0.6144778728485107, 0.6303530931472778, 0.6124427318572998, 0.5375275611877441, 0.5514506101608276], "faith_armon_KL_std": [0.04008932039141655, 0.03968251496553421, 0.03884728625416756, 0.05105729401111603, 0.09698944538831711], "faith_gmean_KL": [0.6484045386314392, 0.6716810464859009, 0.6466792821884155, 0.5534011125564575, 0.5622531175613403], "faith_gmean_KL_std": [0.03340243920683861, 0.03116617351770401, 0.03666127473115921, 0.057013776153326035, 0.08954379707574844]}, "val": {"suff_simple_L1": [0.4997, 0.49890000000000007, 0.4946, 0.4873, 0.525], "suff_simple_L1_std": [0.10702153988800572, 0.10843288246652857, 0.1108451171680557, 0.1138385259918627, 0.11999499989582899], "suff_simple_KL": [0.3994000000000001, 0.4, 0.3976, 0.394, 0.4739], "suff_simple_KL_std": [0.13226125660978727, 0.13349456917792574, 0.13672029841980304, 0.13813833646023105, 0.14641683646357065], "suff_simple_acc_int": [0.19927579164505005, 0.1943204402923584, 0.18648314476013184, 0.1706646978855133, 0.1671726405620575], "suff_simple_acc_int_std": [0.14433187246322632, 0.14092937111854553, 0.1365998536348343, 0.12763909995555878, 0.10097580403089523], "nec_L1": [0.5695, 0.5524000000000001, 0.5138, 0.4487, 0.4104], "nec_L1_std": [0.13178334492643598, 0.12351453355779635, 0.10686234135559636, 0.08993114032413912, 0.09565270513686479], "nec_KL": [0.6216999999999999, 0.6088, 0.6255, 0.5946, 0.5487], "nec_KL_std": [0.15798800587386375, 0.15084415799095435, 0.1462766215087018, 0.12759717865219436, 0.11924768341565382], "nec_acc_int": [0.003293650923296809, 0.03489087522029877, 0.16508431732654572, 0.28834325075149536, 0.3354613184928894], "nec_acc_int_std": [0.004165911115705967, 0.04317868873476982, 0.12983207404613495, 0.16550014913082123, 0.17368102073669434], "faith_aritm_L1": [0.5345999598503113, 0.5256499648094177, 0.5042000412940979, 0.46799999475479126, 0.4677000045776367], "faith_aritm_L1_std": [0.0342489518225193, 0.028790675103664398, 0.017731618136167526, 0.028644362464547157, 0.04935595020651817], "faith_armon_L1": [0.5074187517166138, 0.5000060796737671, 0.4810572564601898, 0.4468232989311218, 0.44144195318222046], "faith_armon_L1_std": [0.045781299471855164, 0.04177848994731903, 0.03138391301035881, 0.030054159462451935, 0.046320296823978424], "faith_gmean_L1": [0.5206282138824463, 0.5124691128730774, 0.4923277795314789, 0.457174688577652, 0.4542785584926605], "faith_gmean_L1_std": [0.03822484239935875, 0.033449091017246246, 0.022683098912239075, 0.02757531963288784, 0.046785421669483185], "faith_aritm_KL": [0.5105500221252441, 0.5044000148773193, 0.5115500092506409, 0.4943000376224518, 0.5112999677658081], "faith_aritm_KL_std": [0.024368470534682274, 0.02251754328608513, 0.021428324282169342, 0.013797101564705372, 0.035886071622371674], "faith_armon_KL": [0.4472249150276184, 0.4443907141685486, 0.4480678141117096, 0.43780356645584106, 0.47442546486854553], "faith_armon_KL_std": [0.06705812364816666, 0.06770164519548416, 0.075752854347229, 0.07562504708766937, 0.0753631740808487], "faith_gmean_KL": [0.47620445489883423, 0.4718790054321289, 0.4769512116909027, 0.46350613236427307, 0.4915749132633209], "faith_gmean_KL_std": [0.03869574889540672, 0.039710450917482376, 0.04571695625782013, 0.046190712600946426, 0.05594379082322121]}, "test": {"suff_simple_L1": [0.6698999999999999, 0.6698999999999999, 0.6582, 0.635, 0.7747999999999999], "suff_simple_L1_std": [0.035716802768444994, 0.036379802088521575, 0.03999199919983996, 0.04504664249419704, 0.04962821777980749], "suff_simple_KL": [0.5887000000000001, 0.5925, 0.5831000000000001, 0.5625, 0.7482], "suff_simple_KL_std": [0.04256301211145659, 0.04131646161035576, 0.04412810895563054, 0.04831821602667052, 0.05743657371396729], "suff_simple_acc_int": [0.5709734559059143, 0.5746555924415588, 0.5778666734695435, 0.5688209533691406, 0.7094539403915405], "suff_simple_acc_int_std": [0.07844066619873047, 0.08046326041221619, 0.07255939394235611, 0.05748686566948891, 0.06509984284639359], "nec_L1": [0.5748, 0.6007, 0.5621, 0.46769999999999995, 0.34450000000000003], "nec_L1_std": [0.07023930523574388, 0.06287296716395688, 0.04375488544151384, 0.0404995061698288, 0.04622823812346735], "nec_KL": [0.6609999999999999, 0.7068000000000001, 0.7076, 0.6550999999999999, 0.5442], "nec_KL_std": [0.09176927590430253, 0.08677879925419572, 0.07434541008024635, 0.058556724635177464, 0.050364273051439944], "nec_acc_int": [0.15135231614112854, 0.15868112444877625, 0.2584227919578552, 0.4092888832092285, 0.5517727136611938], "nec_acc_int_std": [0.018019594252109528, 0.039590489119291306, 0.07994716614484787, 0.11278942227363586, 0.11860673874616623], "faith_aritm_L1": [0.6223499178886414, 0.6353000402450562, 0.6101499795913696, 0.5513499975204468, 0.5596500039100647], "faith_aritm_L1_std": [0.05217377468943596, 0.048204872757196426, 0.03898722305893898, 0.03385930880904198, 0.0303389523178339], "faith_armon_L1": [0.6177969574928284, 0.6327561140060425, 0.6059494018554688, 0.5374229550361633, 0.47435474395751953], "faith_armon_L1_std": [0.0558699294924736, 0.05040093883872032, 0.03951673582196236, 0.03474278748035431, 0.04328782856464386], "faith_gmean_L1": [0.6200641393661499, 0.6340249180793762, 0.6080445647239685, 0.5443242788314819, 0.5149936676025391], "faith_gmean_L1_std": [0.05402325838804245, 0.049300383776426315, 0.03923147916793823, 0.03403988108038902, 0.03522820398211479],