{
    "TopoFeature basis": {
        "repr_GSATGIN_3l_sumpool_0.0dp_mitig_backboneNone_mitig_samplingfeatnormnoneavgedgeattnmean/0.001lr_0.0wd/GSAT_1.0_True_10_0.5": {
            "id_val": {
                "suff_simple_L1": [
                    0.5569,
                    0.558,
                    0.5656000000000001
                ],
                "suff_simple_L1_std": [
                    0.03308609980036931,
                    0.03157530680769387,
                    0.0323610877443883
                ],
                "suff_simple_KL": [
                    0.32589999999999997,
                    0.3312,
                    0.3456
                ],
                "suff_simple_KL_std": [
                    0.018923266102869245,
                    0.019543796969882794,
                    0.021708063018150647
                ],
                "suff_simple_acc_int": [
                    0.5838750004768372,
                    0.5805249989032746,
                    0.5865000069141388
                ],
                "suff_simple_acc_int_std": [
                    0.04381997583362014,
                    0.04358058717730766,
                    0.043047798351211426
                ],
                "nec_L1": [
                    0.028699999999999996,
                    0.0688,
                    0.14350000000000002
                ],
                "nec_L1_std": [
                    0.007197916365171243,
                    0.013833293172632466,
                    0.02343608329051593
                ],
                "nec_KL": [
                    0.045399999999999996,
                    0.10300000000000001,
                    0.23900000000000002
                ],
                "nec_KL_std": [
                    0.013749181793837773,
                    0.022311432047271193,
                    0.04182104733265297
                ],
                "nec_acc_int": [
                    0.977999997138977,
                    0.9377500057220459,
                    0.8757250010967255
                ],
                "nec_acc_int_std": [
                    0.0066932848714555595,
                    0.01547416905898273,
                    0.020968260620882202
                ],
                "faith_aritm_L1": [
                    0.29280000925064087,
                    0.313400000333786,
                    0.35454997420310974
                ],
                "faith_aritm_L1_std": [
                    0.014167217537760735,
                    0.010319400578737259,
                    0.007715081330388784
                ],
                "faith_armon_L1": [
                    0.05436228588223457,
                    0.12172821909189224,
                    0.22719240188598633
                ],
                "faith_armon_L1_std": [
                    0.012931306846439838,
                    0.021077217534184456,
                    0.026699185371398926
                ],
                "faith_gmean_L1": [
                    0.12495746463537216,
                    0.19437411427497864,
                    0.28325799107551575
                ],
                "faith_gmean_L1_std": [
                    0.014029582031071186,
                    0.015096389688551426,
                    0.015789784491062164
                ],
                "faith_aritm_KL": [
                    0.18565000593662262,
                    0.21709999442100525,
                    0.2923000454902649
                ],
                "faith_aritm_KL_std": [
                    0.00711705582216382,
                    0.008722959086298943,
                    0.012502402998507023
                ],
                "faith_armon_KL": [
                    0.07870656251907349,
                    0.15525849163532257,
                    0.2789362072944641
                ],
                "faith_armon_KL_std": [
                    0.020658250898122787,
                    0.024313341826200485,
                    0.02317005768418312
                ],
                "faith_gmean_KL": [
                    0.11980833858251572,
                    0.18315336108207703,
                    0.285460889339447
                ],
                "faith_gmean_KL_std": [
                    0.016418438404798508,
                    0.016755420714616776,
                    0.01769126020371914
                ]
            }
        }
    }
}