{"TopoFeature basis": {"repr_GiSSTGIN_3l_sumpool_0.0dp_mitig_backboneNone_mitig_samplingfeatavgedgeattnmean/0.001lr_0.0wd/GiSST_no_param_True_0.1_0.01_0.01_0.01": {"id_val": {"suff_simple_L1": [0.141, 0.15, 1.0, 1.0], "suff_simple_L1_std": [0.0, 0.0, 0.0, 0.0], "suff_simple_KL": [0.016, 0.026, 1.0, 1.0], "suff_simple_KL_std": [0.0, 0.0, 0.0, 0.0], "suff_simple_acc_int": [0.0, 0.009999999776482582], "suff_simple_acc_int_std": [0.0, 0.0], "nec_L1": [0.6, 0.85, 0.859, 0.859], "nec_L1_std": [0.0, 0.0, 0.0, 0.0], "nec_KL": [0.715, 0.974, 0.984, 0.984], "nec_KL_std": [0.0, 0.0, 0.0, 0.0], "nec_acc_int": [0.3199999928474426, 0.009999999776482582, 0.0, 0.0], "nec_acc_int_std": [0.0, 0.0, 0.0, 0.0], "faith_aritm_L1": [0.37050002813339233, 0.5, 0.9294999837875366, 0.9294999837875366], "faith_aritm_L1_std": [0.0, 0.0, 0.0, 0.0], "faith_armon_L1": [0.22834007441997528, 0.2550000250339508, 0.9241527915000916, 0.9241527915000916], "faith_armon_L1_std": [0.0, 0.0, 0.0, 0.0], "faith_gmean_L1": [0.2908608019351959, 0.3570714294910431, 0.9268225431442261, 0.9268225431442261], "faith_gmean_L1_std": [0.0, 0.0, 0.0, 0.0], "faith_aritm_KL": [0.36549997329711914, 0.5, 0.9919999837875366, 0.9919999837875366], "faith_aritm_KL_std": [0.0, 0.0, 0.0, 0.0], "faith_armon_KL": [0.03129959478974342, 0.050648000091314316, 0.9919355511665344, 0.9919355511665344], "faith_armon_KL_std": [0.0, 0.0, 0.0, 0.0], "faith_gmean_KL": [0.10695794224739075, 0.15913516283035278, 0.9919677972793579, 0.9919677972793579], "faith_gmean_KL_std": [0.0, 0.0, 0.0, 0.0]}, "val": {"suff_simple_L1": [0.341, 0.341, 1.0, 1.0], "suff_simple_L1_std": [0.0, 0.0, 0.0, 0.0], "suff_simple_KL": [0.268, 0.268, 1.0, 1.0], "suff_simple_KL_std": [0.0, 0.0, 0.0, 0.0], "suff_simple_acc_int": [0.0, 0.0], "suff_simple_acc_int_std": [0.0, 0.0], "nec_L1": [0.562, 0.659, 0.659, 0.659], "nec_L1_std": [0.0, 0.0, 0.0, 0.0], "nec_KL": [0.626, 0.732, 0.732, 0.732], "nec_KL_std": [0.0, 0.0, 0.0, 0.0], "nec_acc_int": [0.11999999731779099, 0.0, 0.0, 0.0], "nec_acc_int_std": [0.0, 0.0, 0.0, 0.0], "faith_aritm_L1": [0.4514999985694885, 0.5, 0.8294999599456787, 0.8294999599456787], "faith_aritm_L1_std": [0.0, 0.0, 0.0, 0.0], "faith_armon_L1": [0.42445623874664307, 0.4494379758834839, 0.7944545149803162, 0.7944545149803162], "faith_armon_L1_std": [0.0, 0.0, 0.0, 0.0], "faith_gmean_L1": [0.4377693235874176, 0.4740453362464905, 0.8117881417274475, 0.8117881417274475], "faith_gmean_L1_std": [0.0, 0.0, 0.0, 0.0], "faith_aritm_KL": [0.44699999690055847, 0.5, 0.8659999966621399, 0.8659999966621399], "faith_aritm_KL_std": [0.0, 0.0, 0.0, 0.0], "faith_armon_KL": [0.3753199279308319, 0.39235201478004456, 0.8452655673027039, 0.8452655673027039], "faith_armon_KL_std": [0.0, 0.0, 0.0, 0.0], "faith_gmean_KL": [0.40959492325782776, 0.4429176151752472, 0.8555700182914734, 0.8555700182914734], "faith_gmean_KL_std": [0.0, 0.0, 0.0, 0.0]}, "test": {"suff_simple_L1": [0.635, 0.629, 1.0, 1.0], "suff_simple_L1_std": [0.0, 0.0, 0.0, 0.0], "suff_simple_KL": [0.572, 0.562, 1.0, 1.0], "suff_simple_KL_std": [0.0, 0.0, 0.0, 0.0], "suff_simple_acc_int": [0.4699999988079071, 0.4637500047683716], "suff_simple_acc_int_std": [0.0, 0.0], "nec_L1": [0.116, 0.224, 0.271, 0.271], "nec_L1_std": [0.0, 0.0, 0.0, 0.0], "nec_KL": [0.141, 0.259, 0.322, 0.322], "nec_KL_std": [0.0, 0.0, 0.0, 0.0], "nec_acc_int": [0.800000011920929, 0.6312500238418579, 0.581250011920929, 0.581250011920929], "nec_acc_int_std": [0.0, 0.0, 0.0, 0.0], "faith_aritm_L1": [0.37549999356269836, 0.42650002241134644, 0.6355000138282776, 0.6355000138282776], "faith_aritm_L1_std": [0.0, 0.0, 0.0, 0.0], "faith_armon_L1": [0.19616509974002838, 0.3303540349006653, 0.4264358580112457, 0.4264358580112457], "faith_armon_L1_std": [0.0, 0.0, 0.0, 0.0], "faith_gmean_L1": [0.2714037597179413, 0.3753611743450165, 0.5205765962600708, 0.5205765962600708], "faith_gmean_L1_std": [0.0, 0.0, 0.0, 0.0], "faith_aritm_KL": [0.3565000295639038, 0.4104999899864197, 0.6610000133514404, 0.6610000133514404], "faith_aritm_KL_std": [0.0, 0.0, 0.0, 0.0], "faith_armon_KL": [0.22623281180858612, 0.3545871078968048, 0.4871406853199005, 0.4871406853199005], "faith_armon_KL_std": [0.0, 0.0, 0.0, 0.0], "faith_gmean_KL": [0.2839929759502411, 0.38152065873146057, 0.5674504637718201, 0.5674504637718201], "faith_gmean_KL_std": [0.0, 0.0, 0.0, 0.0]}}}}