{
    "TopoFeature basis": {
        "repr_GSATGIN_3l_sumpool_0.0dp_mitig_backboneNone_mitig_samplingfeatnormnoneavgedgeattnmean/0.001lr_0.0wd/GSAT_1.0_True_10_0.5": {
            "id_val": {
                "suff_simple_L1": [
                    0.9495999999999999,
                    0.9487,
                    0.9493
                ],
                "suff_simple_L1_std": [
                    0.011208925015361623,
                    0.007900000000000008,
                    0.008843641783790194
                ],
                "suff_simple_KL": [
                    0.8582000000000001,
                    0.8536999999999999,
                    0.8585
                ],
                "suff_simple_KL_std": [
                    0.034312679872024,
                    0.027799460426418374,
                    0.029210443337957068
                ],
                "suff_simple_acc_int": [
                    0.9715499997138977,
                    0.9712499916553498,
                    0.9710499882698059
                ],
                "suff_simple_acc_int_std": [
                    0.007292807795558617,
                    0.00455520786567428,
                    0.00587239315270936
                ],
                "nec_L1": [
                    0.010199999999999999,
                    0.0134,
                    0.014300000000000002
                ],
                "nec_L1_std": [
                    0.0033704599092705435,
                    0.003555277766926235,
                    0.002830194339616981
                ],
                "nec_KL": [
                    0.023399999999999997,
                    0.0322,
                    0.0382
                ],
                "nec_KL_std": [
                    0.007031358332498779,
                    0.008964373932405989,
                    0.008669486720677296
                ],
                "nec_acc_int": [
                    0.9945749998092651,
                    0.9926750063896179,
                    0.9923250019550324
                ],
                "nec_acc_int_std": [
                    0.002824115890043303,
                    0.0023559749362505314,
                    0.0016433565206624128
                ],
                "faith_aritm_L1": [
                    0.47989997267723083,
                    0.4810500144958496,
                    0.48179998993873596
                ],
                "faith_aritm_L1_std": [
                    0.0053094299510121346,
                    0.003927140962332487,
                    0.0040816632099449635
                ],
                "faith_armon_L1": [
                    0.020159531384706497,
                    0.026400793343782425,
                    0.028158873319625854
                ],
                "faith_armon_L1_std": [
                    0.006592220161110163,
                    0.0069025252014398575,
                    0.0054922327399253845
                ],
                "faith_gmean_L1": [
                    0.09693726152181625,
                    0.1117534264922142,
                    0.11590591818094254
                ],
                "faith_gmean_L1_std": [
                    0.016642330214381218,
                    0.014733309857547283,
                    0.011446305550634861
                ],
                "faith_aritm_KL": [
                    0.4408000111579895,
                    0.4429500102996826,
                    0.4483500123023987
                ],
                "faith_aritm_KL_std": [
                    0.015316987410187721,
                    0.012520880438387394,
                    0.012064513750374317
                ],
                "faith_armon_KL": [
                    0.04543395712971687,
                    0.061869919300079346,
                    0.0729561299085617
                ],
                "faith_armon_KL_std": [
                    0.013327422551810741,
                    0.01655835285782814,
                    0.015778470784425735
                ],
                "faith_gmean_KL": [
                    0.13962136209011078,
                    0.163985937833786,
                    0.17966021597385406
                ],
                "faith_gmean_KL_std": [
                    0.021061161532998085,
                    0.0220160074532032,
                    0.018542055040597916
                ]
            }
        }
    }
}