{"MUTAG basis": {"repr_GSATGIN_3l_sumpool_0.3dp_mitig_backboneNone_mitig_samplingfeatnormnoneavgedgeattnmean/0.001lr_0.001wd/GSAT_1_True_10_0.5": {"id_val": {"suff_simple_L1": [0.8540000000000001, 0.8863, 0.9379000000000002], "suff_simple_L1_std": [0.01897366596101026, 0.01917315832094443, 0.006007495318350195], "suff_simple_KL": [0.9622999999999999, 0.9757999999999999, 0.9918000000000001], "suff_simple_KL_std": [0.009879777325425892, 0.007871467461661777, 0.0018867962264113222], "suff_simple_acc_int": [0.7599018514156342, 0.7710253179073334, 0.7917777359485626], "suff_simple_acc_int_std": [0.01514037266245673, 0.012626708929796022, 0.010951265674807836], "nec_L1": [0.35730000000000006, 0.26739999999999997, 0.1979], "nec_L1_std": [0.027140560053175024, 0.018347751905887538, 0.011058480908334561], "nec_KL": [0.19729999999999998, 0.11269999999999998, 0.0655], "nec_KL_std": [0.03764850594645158, 0.022190313201935662, 0.011508692367076285], "nec_acc_int": [0.5770496487617492, 0.6746246993541718, 0.7301963150501252], "nec_acc_int_std": [0.026211922015123235, 0.013610110864999535, 0.01394924893828412], "faith_aritm_L1": [0.6056500673294067, 0.5768500566482544, 0.5678999423980713], "faith_aritm_L1_std": [0.018949998542666435, 0.01423207949846983, 0.005127373151481152], "faith_armon_L1": [0.5032798647880554, 0.41050252318382263, 0.3266744315624237], "faith_armon_L1_std": [0.028023863211274147, 0.02204456925392151, 0.014918960630893707], "faith_gmean_L1": [0.5520398020744324, 0.4865361750125885, 0.43063992261886597], "faith_gmean_L1_std": [0.023582857102155685, 0.018224628642201424, 0.011535102501511574], "faith_aritm_KL": [0.579800009727478, 0.5442500114440918, 0.5286499857902527], "faith_aritm_KL_std": [0.019491281360387802, 0.011439519003033638, 0.005162608809769154], "faith_armon_KL": [0.32579758763313293, 0.20133598148822784, 0.12266211211681366], "faith_armon_KL_std": [0.05112757906317711, 0.03537534549832344, 0.020116889849305153], "faith_gmean_KL": [0.43379896879196167, 0.3300299048423767, 0.2539082467556], "faith_gmean_KL_std": [0.041018370538949966, 0.032210204750299454, 0.0218817088752985]}}, "repr_GiSSTGIN_3l_sumpool_0.3dp_mitig_backboneNone_mitig_samplingfeatnormnoneavgedgeattnmean/0.001lr_0.001wd/GiSST_no_param_True_0.01_0.01_0.01_0.01": {"id_val": {"suff_simple_L1": [0.7415999999999999, 0.7728, 0.9011000000000001], "suff_simple_L1_std": [0.049534230588553614, 0.03858704445795247, 0.032315476168548116], "suff_simple_KL": [0.8859, 0.9114000000000001, 0.9827], "suff_simple_KL_std": [0.04664429225532315, 0.030910192493739008, 0.012514391715141423], "suff_simple_acc_int": [0.6415992975234985, 0.6855989158153534, 0.7331147134304047], "suff_simple_acc_int_std": [0.06536362695847199, 0.04640006928023538, 0.04369930738934229], "nec_L1": [0.27609999999999996, 0.26239999999999997, 0.22470000000000004], "nec_L1_std": [0.06930577176541648, 0.0565901051421536, 0.023354014644167715], "nec_KL": [0.1298, 0.11409999999999998, 0.07949999999999999], "nec_KL_std": [0.05698912176898325, 0.04530441479591144, 0.017534252193920335], "nec_acc_int": [0.635219395160675, 0.6580542683601379, 0.6931582033634186], "nec_acc_int_std": [0.06135599303134279, 0.04959887240620626, 0.026930775616252154], "faith_aritm_L1": [0.5088499784469604, 0.5175999999046326, 0.5628999471664429], "faith_aritm_L1_std": [0.05409160628914833, 0.043805141001939774, 0.021897265687584877], "faith_armon_L1": [0.3985505700111389, 0.3892328441143036, 0.3591102063655853], "faith_armon_L1_std": [0.07995807379484177, 0.0661625936627388, 0.03047466091811657], "faith_gmean_L1": [0.44969239830970764, 0.44838738441467285, 0.4493914246559143], "faith_gmean_L1_std": [0.06896251440048218, 0.0567762516438961, 0.026242142543196678], "faith_aritm_KL": [0.507849931716919, 0.5127500295639038, 0.5311000943183899], "faith_aritm_KL_std": [0.04722185060381889, 0.03450091555714607, 0.012024566531181335], "faith_armon_KL": [0.22200879454612732, 0.20000681281089783, 0.146620512008667], "faith_armon_KL_std": [0.08945179730653763, 0.07095016539096832, 0.02993486449122429], "faith_gmean_KL": [0.3304135203361511, 0.31681814789772034, 0.2778503894805908], "faith_gmean_KL_std": [0.08697577565908432, 0.0670347809791565, 0.031320445239543915]}}, "repr_GiSSTGIN_3l_sumpool_0.3dp_mitig_backboneNone_mitig_samplingfeatgchannelsimple_concept2temperaturenormnoneavgedgeattnmean/0.001lr_0.001wd/GiSST_no_param_True_0.01_0.01_0.01_0.01": {"id_val": {"suff_simple_L1": [0.7589000000000001, 0.7802, 0.9027000000000001], "suff_simple_L1_std": [0.04292190582907521, 0.035782118439242803, 0.031167450970523747], "suff_simple_KL": [0.8762000000000001, 0.8911, 0.9724999999999999], "suff_simple_KL_std": [0.033234921393016745, 0.026655018289245297, 0.02254883589012965], "suff_simple_acc_int": [0.6631639778614045, 0.6845053970813751, 0.7358516156673431], "suff_simple_acc_int_std": [0.03472344467887301, 0.03830239451140932, 0.05037383147424701], "nec_L1": [0.2817, 0.23950000000000005, 0.19699999999999998], "nec_L1_std": [0.061993628704891925, 0.05914600578230114, 0.02877846417027844], "nec_KL": [0.1607, 0.12049999999999998, 0.0837], "nec_KL_std": [0.054569313721174836, 0.05051979809935902, 0.02187715703650728], "nec_acc_int": [0.6299942135810852, 0.6746535658836365, 0.7104792177677155], "nec_acc_int_std": [0.043521017005085726, 0.042482806312165715, 0.018820067501827586], "faith_aritm_L1": [0.520300030708313, 0.5098499655723572, 0.5498499870300293], "faith_aritm_L1_std": [0.04773635417222977, 0.04431988298892975, 0.02264736220240593], "faith_armon_L1": [0.4079979956150055, 0.36341071128845215, 0.3224106431007385], "faith_armon_L1_std": [0.06991308182477951, 0.07225406914949417, 0.03931564465165138], "faith_gmean_L1": [0.46030721068382263, 0.4297059178352356, 0.42056435346603394], "faith_gmean_L1_std": [0.06011784449219704, 0.06123671680688858, 0.03291734680533409], "faith_aritm_KL": [0.5184500813484192, 0.5058000087738037, 0.5280999541282654], "faith_aritm_KL_std": [0.038087040185928345, 0.033674322068691254, 0.01720144972205162], "faith_armon_KL": [0.26788902282714844, 0.20865067839622498, 0.1533840000629425], "faith_armon_KL_std": [0.07824570685625076, 0.07847774773836136, 0.03744197264313698], "faith_gmean_KL": [0.3702780604362488, 0.3206629753112793, 0.2827364504337311], "faith_gmean_KL_std": [0.06752470880746841, 0.07203719019889832, 0.03945386782288551]}}, "repr_SMGNNGIN_3l_sumpool_0.3dp_mitig_backboneNone_mitig_samplingfeatgchannelsimple_concept2temperaturenormnoneavgedgeattnmean/0.001lr_0.001wd/SMGNN_0.001_True_10_0.01": {"id_val": {"suff_simple_L1": [0.8186, 0.8501000000000001, 0.9238], "suff_simple_L1_std": [0.021767866225241257, 0.028525251970841558, 0.02484270516670838], "suff_simple_KL": [0.9155, 0.9350000000000002, 0.9793], "suff_simple_KL_std": [0.017414074767267997, 0.020361728806758985, 0.011018620603324184], "suff_simple_acc_int": [0.7224307060241699, 0.7379023492336273, 0.7788882791996002], "suff_simple_acc_int_std": [0.02273948246894198, 0.02198461463569217, 0.011708922162876393], "nec_L1": [0.3538, 0.2548, 0.1988], "nec_L1_std": [0.01901473113141492, 0.015979987484350554, 0.014372195378577346], "nec_KL": [0.24510000000000004, 0.14110000000000003, 0.0933], "nec_KL_std": [0.02218310167672681, 0.01520164464786623, 0.0111], "nec_acc_int": [0.571304851770401, 0.6762413382530212, 0.7177829086780548], "nec_acc_int_std": [0.0261021632714653, 0.02137165151985696, 0.018072228238701984], "faith_aritm_L1": [0.5862000584602356, 0.5524499416351318, 0.5613000392913818], "faith_aritm_L1_std": [0.017582951113581657, 0.017816370353102684, 0.012526367790997028], "faith_armon_L1": [0.49383458495140076, 0.39179232716560364, 0.3268578052520752], "faith_armon_L1_std": [0.020712722092866898, 0.019749609753489494, 0.018915900960564613], "faith_gmean_L1": [0.5380159616470337, 0.4651687741279602, 0.4281767010688782], "faith_gmean_L1_std": [0.018976181745529175, 0.017994528636336327, 0.014768728986382484],