{
    "GOODMotif basis": {
        "LECIGIN": {
            "id_val": {
                "wiou": [
                    0.6787557333333333,
                    0.7509568,
                    0.7528469333333334,
                    0.7527689333333333
                ],
                "wiou_std": [
                    0.019071149873157753,
                    0.040459271272945324,
                    0.04141832942626037,
                    0.04148981569086829
                ],
                "F1": [
                    0.7124275999999999,
                    0.6116940000000001,
                    0.47401313333333334,
                    0.44482900000000003
                ],
                "F1_std": [
                    0.007509250554112875,
                    0.0014032952647251898,
                    0.00010169553688448466,
                    0.0
                ]
            },
            "test": {
                "wiou": [
                    0.35233006666666666,
                    0.5511485333333334,
                    0.5704100000000001,
                    0.5704338
                ],
                "wiou_std": [
                    0.028003684225393562,
                    0.02567665018442502,
                    0.030802560085522453,
                    0.03082608491636765
                ],
                "F1": [
                    0.4632506666666667,
                    0.6631834666666667,
                    0.5923164,
                    0.5559176666666666
                ],
                "F1_std": [
                    0.03148319428026465,
                    0.025748340290503286,
                    0.0001514588906454979,
                    0.0
                ]
            }
        },
        "GSATGIN": {
            "id_val": {
                "wiou": [
                    0.5744332222222223,
                    0.47816255555555554,
                    0.34619422222222224,
                    0.3258178888888889
                ],
                "wiou_std": [
                    0.010211380007340865,
                    0.009650206715626415,
                    0.000998255268078686,
                    0.002493562219638769
                ],
                "F1": [
                    0.696091,
                    0.5938517777777778,
                    0.46658922222222216,
                    0.4448290000000001
                ],
                "F1_std": [
                    0.012398944814721912,
                    0.013246320334155504,
                    0.00478543563815388,
                    5.551115123125783e-17
                ]
            },
            "test": {
                "wiou": [
                    0.28705566666666665,
                    0.49037499999999995,
                    0.4301345555555556,
                    0.40030633333333326
                ],
                "wiou_std": [
                    0.0807061060184833,
                    0.030719356508499558,
                    0.0025910770009190285,
                    0.0018882217972355855
                ],
                "F1": [
                    0.3914255555555555,
                    0.6285426666666667,
                    0.5879731111111112,
                    0.5559176666666666
                ],
                "F1_std": [
                    0.0950520804628757,
                    0.03433390282483461,
                    0.00112157674506103,
                    0.0
                ]
            }
        }
    },
    "GOODMotif size": {
        "LECIvGIN": {
            "id_val": {
                "wiou": [
                    0.47065599999999996,
                    0.5880432,
                    0.5933428000000001,
                    0.5927482666666666
                ],
                "wiou_std": [
                    0.0069761912626685844,
                    0.015064065673132346,
                    0.02294917157894812,
                    0.025729627819910474
                ],
                "F1": [
                    0.5662139333333333,
                    0.6025411333333335,
                    0.5267832666666667,
                    0.5029753333333333
                ],
                "F1_std": [
                    0.02639949422865687,
                    0.02591927556566518,
                    0.005638303954598791,
                    0.0
                ]
            },
            "test": {
                "wiou": [
                    0.31793673333333333,
                    0.2952461333333333,
                    0.2886095333333333,
                    0.2876764
                ],
                "wiou_std": [
                    0.09353389314572313,
                    0.1192160707105846,
                    0.1250103144355341,
                    0.12523102258473248
                ],
                "F1": [
                    0.2161116,
                    0.14655599999999996,
                    0.11818646666666668,
                    0.11296600000000001
                ],
                "F1_std": [
                    0.023176896156301852,
                    0.007335681196877508,
                    0.0018911812487320124,
                    0.0
                ]
            }
        },
        "GSATGIN": {
            "id_val": {
                "wiou": [
                    0.6192880000000001,
                    0.5299785555555556,
                    0.4013696666666667,
                    0.38217555555555555
                ],
                "wiou_std": [
                    0.004595165922124258,
                    0.0034330339279735143,
                    0.002815192487333807,
                    0.0014125622721988386
                ],
                "F1": [
                    0.7355908888888889,
                    0.6501985555555555,
                    0.5249093333333333,
                    0.5029753333333333
                ],
                "F1_std": [
                    0.002798004862375423,
                    0.0035606627382837788,
                    0.0027848242846355994,
                    0.0
                ]
            },
            "test": {
                "wiou": [
                    0.20362400000000003,
                    0.10862966666666668,
                    0.07464144444444443,
                    0.06782444444444445
                ],
                "wiou_std": [
                    0.0024362453808176783,
                    0.0012959098333974832,
                    0.0009117329991441571,
                    0.0008368555489907112
                ],
                "F1": [
                    0.31792988888888885,
                    0.1794311111111111,
                    0.12423811111111112,
                    0.11296600000000001
                ],
                "F1_std": [
                    0.0011386125843692166,
                    0.00013747466657757965,
                    4.981174436358752e-05,
                    0.0
                ]
            }
        }
    },
    "GOODMotif2 basis": {
        "LECIGIN": {
            "id_val": {
                "wiou": [
                    0.6703476666666666,
                    0.7337486666666668,
                    0.7351177999999999,
                    0.7351177999999999
                ],
                "wiou_std": [
                    0.018320477481647546,
                    0.03110175772953458,
                    0.03062360417325171,
                    0.03062360417325171
                ],
                "F1": [
                    0.7114966,
                    0.6160696666666666,
                    0.4769953333333333,
                    0.44780566666666666
                ],
                "F1_std": [
                    0.011913321951869204,
                    0.0017773525005218562,
                    0.0003131996878102401,
                    0.0
                ]
            },