{"TopoFeature basis": {"repr_GSATGIN_3l_sumpool_0.0dp_mitig_backboneNone_mitig_samplingfeatnormnoneavgedgeattnmean/0.001lr_0.0wd/GSAT_1.0_True_10_0.5": {"id_val": {"suff_simple_L1": [0.3838, 0.3888, 0.37589999999999996, 0.3628, 0.7206000000000001], "suff_simple_L1_std": [0.056896045556787164, 0.06376488061621381, 0.05436257904110141, 0.04842891698148948, 0.06480771559004375], "suff_simple_KL": [0.1226, 0.1277, 0.12010000000000001, 0.12810000000000002, 0.6583], "suff_simple_KL_std": [0.060725941738271956, 0.06357837682734593, 0.05765665616388103, 0.06139942996478062, 0.07090282081835671], "suff_simple_acc_int": [0.38104692101478577, 0.38921481370925903, 0.36493682861328125, 0.3408845067024231, 0.6862816214561462], "suff_simple_acc_int_std": [0.07353386282920837, 0.08169670403003693, 0.0636710524559021, 0.05254777893424034, 0.07934769243001938], "nec_L1": [0.7392, 0.8083, 0.7384, 0.5419, 0.37150000000000005], "nec_L1_std": [0.04745692783988446, 0.01811656700371235, 0.06461145409290833, 0.1161916089913553, 0.10613976634607784], "nec_KL": [0.9, 0.9575999999999999, 0.9596000000000002, 0.8715999999999999, 0.708], "nec_KL_std": [0.049566117459409684, 0.016608431593621353, 0.02600846016203187, 0.10352700130883728, 0.1511992063471234], "nec_acc_int": [0.17184114456176758, 0.07689531147480011, 0.21683211624622345, 0.4972924590110779, 0.6907941699028015], "nec_acc_int_std": [0.060456108301877975, 0.024593820795416832, 0.09635765850543976, 0.11924463510513306, 0.09956224262714386], "faith_aritm_L1": [0.5615000128746033, 0.5985499620437622, 0.5571500062942505, 0.452349990606308, 0.546049952507019], "faith_aritm_L1_std": [0.02104400098323822, 0.027376480400562286, 0.022359617054462433, 0.053801048547029495, 0.07808022946119308], "faith_armon_L1": [0.5007606148719788, 0.5214290022850037, 0.4928981363773346, 0.42550674080848694, 0.48388880491256714], "faith_armon_L1_std": [0.04385891184210777, 0.055061761289834976, 0.03950467333197594, 0.042649999260902405, 0.10432957857847214], "faith_gmean_L1": [0.5299661159515381, 0.5583890676498413, 0.5236847400665283, 0.4385301172733307, 0.5135446786880493], "faith_gmean_L1_std": [0.03133616968989372, 0.04207814484834671, 0.02745482511818409, 0.04646342992782593, 0.0918419137597084], "faith_aritm_KL": [0.5112999677658081, 0.5426499843597412, 0.5398499965667725, 0.49984997510910034, 0.6831499934196472], "faith_aritm_KL_std": [0.020117411389946938, 0.025783754885196686, 0.022370798513293266, 0.04823227599263191, 0.09907978773117065], "faith_armon_KL": [0.2091573029756546, 0.21915113925933838, 0.20812316238880157, 0.21638897061347961, 0.6763104200363159], "faith_armon_KL_std": [0.09593884646892548, 0.10046562552452087, 0.0933435708284378, 0.08960607647895813, 0.09856618195772171], "faith_gmean_KL": [0.315812885761261, 0.33520975708961487, 0.3244848847389221, 0.3215400278568268, 0.6797138452529907], "faith_gmean_KL_std": [0.09132038056850433, 0.09534426778554916, 0.09464698284864426, 0.07531812787055969, 0.09876655042171478]}, "val": {"suff_simple_L1": [0.4276000000000001, 0.42810000000000004, 0.42780000000000007, 0.4285, 0.5261], "suff_simple_L1_std": [0.12375960568780107, 0.12410032232029053, 0.12536889566395648, 0.12727391720222964, 0.12088626886458198], "suff_simple_KL": [0.3663, 0.36669999999999997, 0.36780000000000007, 0.3705, 0.48200000000000004], "suff_simple_KL_std": [0.15069840742356902, 0.15044803089439224, 0.15124470238656293, 0.15308249410040325, 0.14769157051098075], "suff_simple_acc_int": [0.03058035671710968, 0.03028273582458496, 0.026825394481420517, 0.021760910749435425, 0.15757936239242554], "suff_simple_acc_int_std": [0.027621738612651825, 0.02761220559477806, 0.025260766968131065, 0.021617574617266655, 0.09369239211082458], "nec_L1": [0.5695, 0.5490999999999999, 0.4937, 0.49669999999999986, 0.49510000000000004], "nec_L1_std": [0.13178334492643598, 0.12181169894554464, 0.1059566420758982, 0.0932298771853744, 0.09454147238117247], "nec_KL": [0.6216999999999999, 0.6011999999999998, 0.556, 0.6015, 0.5998], "nec_KL_std": [0.15798800587386375, 0.14752884463724375, 0.12580620016517471, 0.12477920499826885, 0.12382229201561404], "nec_acc_int": [0.003293650923296809, 0.034960322082042694, 0.1470535695552826, 0.19526785612106323, 0.20035219192504883], "nec_acc_int_std": [0.004165911115705967, 0.046144310384988785, 0.12746326625347137, 0.15742163360118866, 0.15080849826335907], "faith_aritm_L1": [0.49855002760887146, 0.48860007524490356, 0.460750013589859, 0.4625999331474304, 0.5105999708175659], "faith_aritm_L1_std": [0.0065971557050943375, 0.013872281648218632, 0.03804224729537964, 0.03676329553127289, 0.03621657192707062], "faith_armon_L1": [0.4561849534511566, 0.4507841467857361, 0.43267545104026794, 0.4357938766479492, 0.4892670512199402], "faith_armon_L1_std": [0.03717753291130066, 0.038671933114528656, 0.04532337188720703, 0.04867304861545563, 0.0447697639465332], "faith_gmean_L1": [0.47638970613479614, 0.468862920999527, 0.44620198011398315, 0.4487681984901428, 0.4997251033782959], "faith_gmean_L1_std": [0.017789414152503014, 0.022419769316911697, 0.03912781551480293, 0.04124210774898529, 0.03993024304509163], "faith_aritm_KL": [0.49400001764297485, 0.4839499890804291, 0.461899995803833, 0.4859999716281891, 0.5409000515937805], "faith_aritm_KL_std": [0.00951051153242588, 0.016251850873231888, 0.03612671419978142, 0.020096007734537125, 0.03558918461203575], "faith_armon_KL": [0.41383934020996094, 0.4105112552642822, 0.4027959704399109, 0.41703304648399353, 0.49998512864112854], "faith_armon_KL_std": [0.08100543171167374, 0.08073604851961136, 0.08295103907585144, 0.08915238827466965, 0.0835852175951004], "faith_gmean_KL": [0.4494682252407074, 0.4432838559150696, 0.42946600914001465, 0.44804587960243225, 0.5189597010612488], "faith_gmean_KL_std": [0.04530782252550125, 0.0478336401283741, 0.05757569894194603, 0.05844881013035774, 0.06119794026017189]}, "test": {"suff_simple_L1": [0.55, 0.5472999999999999, 0.5337, 0.5298, 0.7539], "suff_simple_L1_std": [0.05052128264405012, 0.04813325253917502, 0.04785404894050241, 0.05865969655564201, 0.05963799124719075], "suff_simple_KL": [0.44109999999999994, 0.4457999999999999, 0.43739999999999996, 0.44139999999999996, 0.7256], "suff_simple_KL_std": [0.05299518846084049, 0.053999629628359504, 0.056597173074279965, 0.06928953744974778, 0.06978710482603502], "suff_simple_acc_int": [0.48835086822509766, 0.4894499182701111, 0.4852360188961029, 0.49408426880836487, 0.7166177034378052], "suff_simple_acc_int_std": [0.08828390389680862, 0.08360376954078674, 0.05930771306157112, 0.046693798154592514, 0.06748101860284805], "nec_L1": [0.5745000000000001, 0.6129, 0.6208, 0.5753, 0.4516], "nec_L1_std": [0.0688494734910878, 0.06816076584076794, 0.05993463105751131, 0.04273183824737709, 0.055420573797101746], "nec_KL": [0.6601, 0.7042, 0.7349, 0.7271999999999998, 0.6602], "nec_KL_std": [0.09097961310095795, 0.0882392203048055, 0.08400886857945414, 0.07022364274231292, 0.055376529324254346], "nec_acc_int": [0.14967584609985352, 0.10844814777374268, 0.14122772216796875, 0.26142624020576477, 0.45460397005081177], "nec_acc_int_std": [0.016483869403600693, 0.01937699504196644, 0.04247461259365082, 0.09052091091871262, 0.13294042646884918], "faith_aritm_L1": [0.562250018119812, 0.5800999999046326, 0.5772500038146973, 0.5525500178337097, 0.6027499437332153], "faith_aritm_L1_std": [0.05671783164143562, 0.056280467659235, 0.05241146683692932, 0.04650023952126503, 0.040893297642469406], "faith_armon_L1": [0.561242938041687, 0.5777785778045654, 0.5736746788024902, 0.5507060289382935, 0.5620647072792053], "faith_armon_L1_std": [0.056487489491701126, 0.055534716695547104, 0.05192956328392029, 0.047182463109493256, 0.046839967370033264], "faith_gmean_L1": [0.5617461800575256, 0.5789376497268677, 0.575458824634552, 0.5516263246536255, 0.5819448232650757], "faith_gmean_L1_std": [0.05660172924399376, 0.055902235209941864, 0.05216246843338013, 0.04683356359601021, 0.04280013591051102],