{"TopoFeature basis": {"repr_SMGNNGIN_3l_sumpool_0.0dp_mitig_backboneNone_mitig_samplingfeatgchannelsimple_concept2temperaturenormnoneavgedgeattnmean/0.001lr_0.0wd/SMGNN_0.001_True_10_0.01": {"id_val": {"suff_simple_L1": [0.8633000000000001, 0.8335000000000001, 0.8275, 0.8107], "suff_simple_L1_std": [0.1410227286645667, 0.14530192703470934, 0.14726184162911993, 0.14947110088575652], "suff_simple_KL": [0.778, 0.7335, 0.7199000000000001, 0.6858], "suff_simple_KL_std": [0.22418340705770354, 0.22689303647313636, 0.23051570445416508, 0.23294668918016412], "suff_simple_acc_int": [0.889515221118927, 0.8623446226119995, 0.8597434163093567, 0.8522049784660339], "suff_simple_acc_int_std": [0.11791311949491501, 0.12257343530654907, 0.12347567826509476, 0.125990092754364], "nec_L1": [0.0822, 0.0561, 0.038900000000000004, 0.0048000000000000004], "nec_L1_std": [0.06822287006568985, 0.04677274847600898, 0.04416435214061223, 0.0050754310161798075], "nec_KL": [0.1392, 0.0811, 0.0501, 0.005699999999999999], "nec_KL_std": [0.11843546766066321, 0.06574868819984167, 0.059186907335997886, 0.005848931526355903], "nec_acc_int": [0.9360559582710266, 0.9486461877822876, 0.9593862295150757, 0.994494616985321], "nec_acc_int_std": [0.0538499653339386, 0.043911345303058624, 0.04449467733502388, 0.00585531210526824], "faith_aritm_L1": [0.4727500081062317, 0.4447999894618988, 0.43320006132125854, 0.4077499806880951], "faith_aritm_L1_std": [0.03934033215045929, 0.0507228784263134, 0.05375230312347412, 0.07305724918842316], "faith_armon_L1": [0.13721846044063568, 0.09778884053230286, 0.06776776164770126, 0.009451338090002537], "faith_armon_L1_std": [0.09742075949907303, 0.07061761617660522, 0.0708388015627861, 0.009930660016834736], "faith_gmean_L1": [0.2327914535999298, 0.18789032101631165, 0.13343025743961334, 0.04393254593014717], "faith_gmean_L1_std": [0.08715410530567169, 0.07037066668272018, 0.09135898947715759, 0.03810946270823479], "faith_aritm_KL": [0.4585999846458435, 0.40730005502700806, 0.38499999046325684, 0.34575000405311584], "faith_aritm_KL_std": [0.059255704283714294, 0.08322416245937347, 0.08839739859104156, 0.11453629285097122], "faith_armon_KL": [0.18878166377544403, 0.12246082723140717, 0.0733603835105896, 0.011040951125323772], "faith_armon_KL_std": [0.10851170867681503, 0.06857191026210785, 0.06835479289293289, 0.01121810544282198], "faith_gmean_KL": [0.27418607473373413, 0.20196008682250977, 0.1291510909795761, 0.04096410423517227], "faith_gmean_KL_std": [0.08943992853164673, 0.06818963587284088, 0.08182233572006226, 0.03631724789738655]}, "val": {"suff_simple_L1": [0.7426999999999999, 0.7419, 0.7425, 0.7409999999999999], "suff_simple_L1_std": [0.24311974415912826, 0.242907163336119, 0.2425103090592233, 0.24262604971437013], "suff_simple_KL": [0.6510000000000001, 0.6502, 0.6507, 0.6484], "suff_simple_KL_std": [0.2967187220247485, 0.2959316813049931, 0.29589425476004094, 0.29535849403733083], "suff_simple_acc_int": [0.6373114585876465, 0.6372420191764832, 0.6379612684249878, 0.6364582777023315], "suff_simple_acc_int_std": [0.30780962109565735, 0.306918740272522, 0.3066709637641907, 0.30743521451950073], "nec_L1": [0.1479, 0.0481, 0.029200000000000004, 0.0047], "nec_L1_std": [0.2196517470907072, 0.09414186103960341, 0.06884881988821595, 0.011349449325848368], "nec_KL": [0.17429999999999998, 0.047700000000000006, 0.0263, 0.0019], "nec_KL_std": [0.25417476271258715, 0.09233747884797376, 0.05933978429350751, 0.003961060464067672], "nec_acc_int": [0.7178273797035217, 0.8158332705497742, 0.8359920382499695, 0.8564683198928833], "nec_acc_int_std": [0.3058377802371979, 0.18371862173080444, 0.15237019956111908, 0.12498664855957031], "faith_aritm_L1": [0.44530001282691956, 0.39500001072883606, 0.3858500123023987, 0.3728500008583069], "faith_aritm_L1_std": [0.06655343621969223, 0.09320059418678284, 0.10182731598615646, 0.11765777319669724], "faith_armon_L1": [0.14498786628246307, 0.06040836498141289, 0.03796794265508652, 0.008559847250580788], "faith_armon_L1_std": [0.18865247070789337, 0.10765139013528824, 0.08209376782178879, 0.020303167402744293], "faith_gmean_L1": [0.18629026412963867, 0.08080586045980453, 0.05343659594655037, 0.019662510603666306], "faith_gmean_L1_std": [0.17413483560085297, 0.1122283935546875, 0.0882464274764061, 0.03584251180291176], "faith_aritm_KL": [0.4126500189304352, 0.34894996881484985, 0.3384999632835388, 0.3251500129699707], "faith_aritm_KL_std": [0.10448302328586578, 0.1260603964328766, 0.13415774703025818, 0.14657661318778992], "faith_armon_KL": [0.140254944562912, 0.05511033535003662, 0.03354316204786301, 0.003664293559268117], "faith_armon_KL_std": [0.17127725481987, 0.09824832528829575, 0.06935843825340271, 0.00760730030015111], "faith_gmean_KL": [0.18043246865272522, 0.07011034339666367, 0.04457356780767441, 0.010724733583629131], "faith_gmean_KL_std": [0.1625528186559677, 0.09914957731962204, 0.07473886013031006, 0.021451808512210846]}, "test": {"suff_simple_L1": [0.9038999999999999, 0.8969000000000001, 0.8911999999999999, 0.8637], "suff_simple_L1_std": [0.09300586003043032, 0.09823283565081484, 0.09454924642745703, 0.11046723496132237], "suff_simple_KL": [0.8331000000000002, 0.8253, 0.8192, 0.7786000000000001], "suff_simple_KL_std": [0.15926107496811645, 0.16407013744127844, 0.15365858257839035, 0.1709375324497227], "suff_simple_acc_int": [0.9246128797531128, 0.9160812497138977, 0.9110406041145325, 0.8867794275283813], "suff_simple_acc_int_std": [0.07626713812351227, 0.08407561480998993, 0.08198416978120804, 0.10371415317058563], "nec_L1": [0.0879, 0.0685, 0.05639999999999999, 0.0298], "nec_L1_std": [0.05592038984127346, 0.04635569004987413, 0.04200523776864023, 0.023301502097504357], "nec_KL": [0.13340000000000002, 0.0982, 0.0756, 0.0365], "nec_KL_std": [0.06604725580976094, 0.05392550417010489, 0.04919390206112948, 0.02859108252585061], "nec_acc_int": [0.9242807626724243, 0.937226414680481, 0.9455024600028992, 0.9647285342216492], "nec_acc_int_std": [0.06769111007452011, 0.05806829035282135, 0.05167453736066818, 0.030387645587325096], "faith_aritm_L1": [0.4959000051021576, 0.48270002007484436, 0.47380000352859497, 0.4467499852180481], "faith_aritm_L1_std": [0.020971175283193588, 0.02718197926878929, 0.027590028941631317, 0.04414592310786247], "faith_armon_L1": [0.15280595421791077, 0.12167249619960785, 0.10144829750061035, 0.05586133152246475], "faith_armon_L1_std": [0.08426131308078766, 0.07300543040037155, 0.06894253939390182, 0.04138004779815674], "faith_gmean_L1": [0.26294201612472534, 0.22852393984794617, 0.20214959979057312, 0.13963116705417633], "faith_gmean_L1_std": [0.07283754646778107, 0.0692308098077774, 0.07462999224662781, 0.06136884167790413], "faith_aritm_KL": [0.4832499921321869, 0.46174997091293335, 0.4474000036716461, 0.40755003690719604], "faith_aritm_KL_std": [0.05326220765709877, 0.058626044541597366, 0.054903917014598846, 0.07211741805076599], "faith_armon_KL": [0.2154516726732254, 0.16418956220149994, 0.12935063242912292, 0.06563664972782135], "faith_armon_KL_std": [0.08117750287055969, 0.07171690464019775, 0.0714091956615448, 0.046388253569602966], "faith_gmean_KL": [0.31361621618270874, 0.2636716067790985, 0.22409406304359436, 0.14269450306892395], "faith_gmean_KL_std": [0.059924475848674774, 0.05901079624891281, 0.06875139474868774, 0.058655623346567154]}}}}