{"TopoFeature basis": {"repr_GiSSTGIN_3l_sumpool_0.0dp_mitig_backboneNone_mitig_samplingfeatavgedgeattnmean/0.001lr_0.0wd/GiSST_no_param_True_0.1_0.01_0.01_0.01": {"id_val": {"suff_simple_L1": [0.175, 0.176, 1.0, 1.0], "suff_simple_L1_std": [0.0, 0.0, 0.0, 0.0], "suff_simple_KL": [0.017, 0.026, 1.0, 1.0], "suff_simple_KL_std": [0.0, 0.0, 0.0, 0.0], "suff_simple_acc_int": [0.08624999970197678, 0.08250000327825546], "suff_simple_acc_int_std": [0.0, 0.0], "nec_L1": [0.379, 0.418, 0.421, 0.421], "nec_L1_std": [0.0, 0.0, 0.0, 0.0], "nec_KL": [0.537, 0.665, 0.69, 0.69], "nec_KL_std": [0.0, 0.0, 0.0, 0.0], "nec_acc_int": [0.6212499737739563, 0.6187499761581421, 0.6187499761581421, 0.6187499761581421], "nec_acc_int_std": [0.0, 0.0, 0.0, 0.0], "faith_aritm_L1": [0.2770000100135803, 0.296999990940094, 0.7105000019073486, 0.7105000019073486], "faith_aritm_L1_std": [0.0, 0.0, 0.0, 0.0], "faith_armon_L1": [0.2394404262304306, 0.24770371615886688, 0.592540442943573, 0.592540442943573], "faith_armon_L1_std": [0.0, 0.0, 0.0, 0.0], "faith_gmean_L1": [0.2575364112854004, 0.2712342143058777, 0.6488451361656189, 0.6488451361656189], "faith_gmean_L1_std": [0.0, 0.0, 0.0, 0.0], "faith_aritm_KL": [0.2770000100135803, 0.34550002217292786, 0.8450000286102295, 0.8450000286102295], "faith_aritm_KL_std": [0.0, 0.0, 0.0, 0.0], "faith_armon_KL": [0.03295668214559555, 0.05004341900348663, 0.8165680170059204, 0.8165680170059204], "faith_armon_KL_std": [0.0, 0.0, 0.0, 0.0], "faith_gmean_KL": [0.09554580599069595, 0.13149145245552063, 0.8306623697280884, 0.8306623697280884], "faith_gmean_KL_std": [0.0, 0.0, 0.0, 0.0]}, "val": {"suff_simple_L1": [0.341, 0.341, 1.0, 1.0], "suff_simple_L1_std": [0.0, 0.0, 0.0, 0.0], "suff_simple_KL": [0.268, 0.268, 1.0, 1.0], "suff_simple_KL_std": [0.0, 0.0, 0.0, 0.0], "suff_simple_acc_int": [0.0, 0.0], "suff_simple_acc_int_std": [0.0, 0.0], "nec_L1": [0.556, 0.645, 0.643, 0.643], "nec_L1_std": [0.0, 0.0, 0.0, 0.0], "nec_KL": [0.626, 0.721, 0.734, 0.734], "nec_KL_std": [0.0, 0.0, 0.0, 0.0], "nec_acc_int": [0.13124999403953552, 0.023749999701976776, 0.03750000149011612, 0.03750000149011612], "nec_acc_int_std": [0.0, 0.0, 0.0, 0.0], "faith_aritm_L1": [0.44849997758865356, 0.49299997091293335, 0.8215000033378601, 0.8215000033378601], "faith_aritm_L1_std": [0.0, 0.0, 0.0, 0.0], "faith_armon_L1": [0.4227335751056671, 0.44613590836524963, 0.7827145457267761, 0.7827145457267761], "faith_armon_L1_std": [0.0, 0.0, 0.0, 0.0], "faith_gmean_L1": [0.4354262351989746, 0.46898290514945984, 0.8018727898597717, 0.8018727898597717], "faith_gmean_L1_std": [0.0, 0.0, 0.0, 0.0], "faith_aritm_KL": [0.44699999690055847, 0.4945000112056732, 0.8669999837875366, 0.8669999837875366], "faith_aritm_KL_std": [0.0, 0.0, 0.0, 0.0], "faith_armon_KL": [0.3753199279308319, 0.3907543122768402, 0.8465974926948547, 0.8465974926948547], "faith_armon_KL_std": [0.0, 0.0, 0.0, 0.0], "faith_gmean_KL": [0.40959492325782776, 0.4395770728588104, 0.8567380309104919, 0.8567380309104919], "faith_gmean_KL_std": [0.0, 0.0, 0.0, 0.0]}, "test": {"suff_simple_L1": [0.86, 0.862, 1.0, 1.0], "suff_simple_L1_std": [0.0, 0.0, 0.0, 0.0], "suff_simple_KL": [0.796, 0.822, 1.0, 1.0], "suff_simple_KL_std": [0.0, 0.0, 0.0, 0.0], "suff_simple_acc_int": [0.7537500262260437, 0.7437499761581421], "suff_simple_acc_int_std": [0.0, 0.0], "nec_L1": [0.109, 0.114, 0.116, 0.116], "nec_L1_std": [0.0, 0.0, 0.0, 0.0], "nec_KL": [0.142, 0.2, 0.204, 0.204], "nec_KL_std": [0.0, 0.0, 0.0, 0.0], "nec_acc_int": [0.824999988079071, 0.7912499904632568, 0.793749988079071, 0.793749988079071], "nec_acc_int_std": [0.0, 0.0, 0.0, 0.0], "faith_aritm_L1": [0.484499990940094, 0.4880000054836273, 0.5579999685287476, 0.5579999685287476], "faith_aritm_L1_std": [0.0, 0.0, 0.0, 0.0], "faith_armon_L1": [0.1934778243303299, 0.20136885344982147, 0.20788531005382538, 0.20788531005382538], "faith_armon_L1_std": [0.0, 0.0, 0.0, 0.0], "faith_gmean_L1": [0.30616989731788635, 0.3134772777557373, 0.3405877351760864, 0.3405877351760864], "faith_gmean_L1_std": [0.0, 0.0, 0.0, 0.0], "faith_aritm_KL": [0.4690000116825104, 0.5110000371932983, 0.6019999980926514, 0.6019999980926514], "faith_aritm_KL_std": [0.0, 0.0, 0.0, 0.0], "faith_armon_KL": [0.24100640416145325, 0.3217221200466156, 0.33887043595314026, 0.33887043595314026], "faith_armon_KL_std": [0.0, 0.0, 0.0, 0.0], "faith_gmean_KL": [0.33620232343673706, 0.40546271204948425, 0.4516635835170746, 0.4516635835170746], "faith_gmean_KL_std": [0.0, 0.0, 0.0, 0.0]}}}}