{"GOODMotif basis": {"repr_GSATGIN_3l_meanpool_0.5dp_mitig_backboneNone_mitig_samplingfeatavgedgeattnmean/0.001lr_0.0wd/GSAT_1_True_20_0.7": {"id_val": {"suff_simple_L1": [0.5028, 0.5508, 0.8404], "suff_simple_L1_std": [0.009967948635501697, 0.018448848202530132, 0.0220961535114146], "suff_simple_KL": [0.49110000000000004, 0.5559999999999999, 0.8987], "suff_simple_KL_std": [0.01585212919452779, 0.020332240407785827, 0.017216561793807744], "suff_simple_acc_int": [0.5210291624069214, 0.5766999959945679, 0.8779583871364594], "suff_simple_acc_int_std": [0.012841728893362516, 0.025543244528662502, 0.009562230559149388], "nec_L1": [0.6913, 0.6737, 0.6365000000000001], "nec_L1_std": [0.013899999999999973, 0.006034069936618242, 0.008127115109311552], "nec_KL": [0.7430999999999999, 0.7341, 0.6928], "nec_KL_std": [0.010718675291284842, 0.0176943493805226, 0.022039963702329447], "nec_acc_int": [0.28938333690166473, 0.3312541663646698, 0.3860583335161209], "nec_acc_int_std": [0.018985931376723508, 0.008662991608528396, 0.009162825252972923], "faith_aritm_L1": [0.5970500111579895, 0.6122499704360962, 0.7384500503540039], "faith_aritm_L1_std": [0.007656533271074295, 0.011422020383179188, 0.01327864546328783], "faith_armon_L1": [0.5820333361625671, 0.6059623956680298, 0.7242708802223206], "faith_armon_L1_std": [0.007490924559533596, 0.012813509441912174, 0.01158843096345663], "faith_gmean_L1": [0.5894922018051147, 0.609097421169281, 0.7313251495361328], "faith_gmean_L1_std": [0.007449332624673843, 0.012115025892853737, 0.012395130470395088], "faith_aritm_KL": [0.6171000599861145, 0.6450499892234802, 0.7957500219345093], "faith_aritm_KL_std": [0.010069265030324459, 0.014187052845954895, 0.01637871563434601], "faith_armon_KL": [0.5912119746208191, 0.6324882507324219, 0.7822580337524414], "faith_armon_KL_std": [0.012314817868173122, 0.015351733192801476, 0.017490554600954056], "faith_gmean_KL": [0.6040138006210327, 0.6387356519699097, 0.7889738082885742], "faith_gmean_KL_std": [0.011110792867839336, 0.014683865942060947, 0.016887521371245384]}, "val": {"suff_simple_L1": [0.3019, 0.4607, 0.9798], "suff_simple_L1_std": [0.058640344473749474, 0.0832935171546982, 0.025415743152620972], "suff_simple_KL": [0.2494, 0.4640000000000001, 0.9968000000000001], "suff_simple_KL_std": [0.09639419069632775, 0.1104155786109913, 0.0048948953002081715], "suff_simple_acc_int": [0.3755749940872192, 0.5237333297729492, 0.12302883863449096], "suff_simple_acc_int_std": [0.059204964465471376, 0.047261413445706855, 0.9223188300746836], "nec_L1": [0.4617000000000001, 0.499, 0.4993], "nec_L1_std": [0.08105929928145197, 0.06539113089708727, 0.056224638727163025], "nec_KL": [0.3703, 0.44029999999999997, 0.4539999999999999], "nec_KL_std": [0.062737628262471, 0.052065439592881575, 0.04222321636256528], "nec_acc_int": [0.2897250041365623, 0.3051166653633118, 0.3528500020503998], "nec_acc_int_std": [0.03790414526673327, 0.021033155677493615, 0.024958591582391217], "faith_aritm_L1": [0.38179999589920044, 0.47984999418258667, 0.739549994468689], "faith_aritm_L1_std": [0.05908774212002754, 0.05552254244685173, 0.026643436402082443], "faith_armon_L1": [0.3617846369743347, 0.47382408380508423, 0.6591408848762512], "faith_armon_L1_std": [0.05629127472639084, 0.055631041526794434, 0.050218574702739716], "faith_gmean_L1": [0.3715984523296356, 0.47682443261146545, 0.6980069875717163], "faith_gmean_L1_std": [0.05727007985115051, 0.05555476248264313, 0.038943804800510406], "faith_aritm_KL": [0.30984997749328613, 0.4521499574184418, 0.7253999710083008], "faith_aritm_KL_std": [0.07370518147945404, 0.07256241142749786, 0.019982241094112396], "faith_armon_KL": [0.29284578561782837, 0.44771140813827515, 0.6225978136062622], "faith_armon_KL_std": [0.08038455992937088, 0.0682854950428009, 0.04061143472790718], "faith_gmean_KL": [0.30113592743873596, 0.44991832971572876, 0.6719084978103638], "faith_gmean_KL_std": [0.07694767415523529, 0.07037119567394257, 0.03132830187678337]}}, "repr_SMGNNGIN_3l_meanpool_0.5dp_mitig_backboneNone_mitig_samplingfeatgchannelsimple_concept2temperatureavgedgeattnmean/0.005lr_0.0wd/SMGNN_0.001_True_10_0.01": {"id_val": {"suff_simple_L1": [0.3775, 0.4049999999999999, 0.37720000000000004], "suff_simple_L1_std": [0.019335201059208055, 0.02356692597688549, 0.01999899997499876], "suff_simple_KL": [0.27999999999999997, 0.3336, 0.31079999999999997], "suff_simple_KL_std": [0.012876334882255891, 0.03069592806871947, 0.024156986567036874], "suff_simple_acc_int": [0.3374666631221771, 0.33607500195503237, 0.2771382465958595], "suff_simple_acc_int_std": [0.006979829379719805, 0.034621320655875476, 0.03124757387600124], "nec_L1": [0.35409999999999997, 0.4514, 0.5884], "nec_L1_std": [0.051500388348050354, 0.02425365951768928, 0.013879481258317991], "nec_KL": [0.42060000000000003, 0.5429999999999999, 0.7108000000000001], "nec_KL_std": [0.06009192957461094, 0.030649632950493867, 0.017278888853164125], "nec_acc_int": [0.6238125085830688, 0.5375124931335449, 0.41221666634082793], "nec_acc_int_std": [0.057821787450033635, 0.029094277611621266, 0.011161936776683425], "faith_aritm_L1": [0.36579999327659607, 0.42820000648498535, 0.4828000068664551], "faith_aritm_L1_std": [0.030158912762999535, 0.018651004880666733, 0.011574098840355873], "faith_armon_L1": [0.363766610622406, 0.4264208674430847, 0.45930686593055725], "faith_armon_L1_std": [0.03029618412256241, 0.01873066835105419, 0.015061432495713234], "faith_gmean_L1": [0.36478134989738464, 0.42730841040611267, 0.4708961844444275], "faith_gmean_L1_std": [0.03022209368646145, 0.018666045740246773, 0.013148054480552673], "faith_aritm_KL": [0.35029998421669006, 0.4382999837398529, 0.5108000040054321], "faith_aritm_KL_std": [0.0315207913517952, 0.023694097995758057, 0.016274522989988327], "faith_armon_KL": [0.3345828354358673, 0.41239261627197266, 0.4319605827331543], "faith_armon_KL_std": [0.02171412669122219, 0.026046963408589363, 0.02424526959657669], "faith_gmean_KL": [0.3423102796077728, 0.42512089014053345, 0.46967601776123047], "faith_gmean_KL_std": [0.026274627074599266, 0.0244759451597929, 0.02024184912443161]}, "val": {"suff_simple_L1": [0.48740000000000006, 0.46740000000000004, 0.39280000000000004], "suff_simple_L1_std": [0.058441765887077717, 0.04552845264227637, 0.12973804376511927], "suff_simple_KL": [0.438, 0.4151999999999999, 0.34199999999999997], "suff_simple_KL_std": [0.0783109187789289, 0.05954124620798595, 0.15528167953754235], "suff_simple_acc_int": [0.39177083075046537, 0.34612083435058594, 0.18130132779479027], "suff_simple_acc_int_std": [0.053389367924546696, 0.01390501170319692, 0.09193091098510096], "nec_L1": [0.3853, 0.44670000000000004, 0.6366999999999999], "nec_L1_std": [0.14115881127297722, 0.10425262586621017, 0.043485744790678245], "nec_KL": [0.4194, 0.5056999999999999, 0.7578], "nec_KL_std": [0.16348223145039342, 0.11632200995512415, 0.04606907856686521], "nec_acc_int": [0.5534833312034607, 0.5027999997138977, 0.3396375000476837], "nec_acc_int_std": [0.15161237654125706, 0.11759723140692506, 0.03257296010631212], "faith_aritm_L1": [0.436350017786026, 0.45705002546310425, 0.5147500038146973], "faith_aritm_L1_std": [0.05174265801906586, 0.04156768321990967, 0.06987962126731873], "faith_armon_L1": [0.40689006447792053, 0.4461371898651123, 0.4724394679069519], "faith_armon_L1_std": [0.0809931755065918, 0.04700372740626335, 0.10736703872680664], "faith_gmean_L1": [0.42074069380760193, 0.4514927268028259, 0.49242478609085083], "faith_gmean_L1_std": [0.06675688922405243, 0.04389689862728119, 0.08954564481973648], "faith_aritm_KL": [0.4287000298500061, 0.4604499936103821, 0.5498999357223511], "faith_aritm_KL_std": [0.05880654603242874, 0.04427270218729973, 0.08572915941476822], "faith_armon_KL": [0.39673152565956116, 0.44261789321899414, 0.45019087195396423], "faith_armon_KL_std": [0.07780568301677704, 0.03797592967748642, 0.15941749513149261], "faith_gmean_KL": [0.4117707312107086, 0.45136627554893494, 0.49402475357055664],