{"GOODMotif size": {"LECIGIN": {"id_val": {"suff++_L1": [0.6904, 0.6138, 0.8062000000000001, 1.0], "suff++_KL": [0.8042, 0.6338, 0.8208, 1.0], "suff++_acc_int": [0.35418304800987244, 0.523562490940094, 0.782406210899353], "nec_L1": [0.358, 0.5363999999999999, 0.5770000000000001, 0.5549999999999999], "nec_KL": [0.23939999999999997, 0.5314, 0.6466000000000001, 0.6192], "nec_acc_int": [0.3150312304496765, 0.38203126192092896, 0.4443749785423279, 0.4580312669277191], "faith_aritm_L1": [0.5241999626159668, 0.5751000642776489, 0.69159996509552, 0.7775000333786011], "faith_armon_L1": [0.4601576328277588, 0.5712381601333618, 0.6723307371139526, 0.7137232422828674], "faith_gmean_L1": [0.49060457944869995, 0.5731635093688965, 0.6818932294845581, 0.7449247241020203], "faith_aritm_KL": [0.5217999219894409, 0.5825999975204468, 0.7336999773979187, 0.8096000552177429], "faith_armon_KL": [0.34497570991516113, 0.5659536123275757, 0.7218037843704224, 0.7641745805740356], "faith_gmean_KL": [0.4190528988838196, 0.5741774439811707, 0.7277168035507202, 0.7865406274795532]}, "val": {"suff++_L1": [0.6801999999999999, 0.6086, 0.7534, 1.0], "suff++_KL": [0.772, 0.69, 0.8286, 1.0], "suff++_acc_int": [0.5017679929733276, 0.5857187509536743, 0.6953125596046448], "nec_L1": [0.4484, 0.48019999999999996, 0.46579999999999994, 0.45120000000000005], "nec_KL": [0.37039999999999995, 0.38439999999999996, 0.3782, 0.3426], "nec_acc_int": [0.35106250643730164, 0.40281254053115845, 0.441593736410141, 0.45268750190734863], "faith_aritm_L1": [0.5642999410629272, 0.5444000363349915, 0.6095999479293823, 0.7255999445915222], "faith_armon_L1": [0.5305005311965942, 0.5349608659744263, 0.5732424855232239, 0.6212857961654663], "faith_gmean_L1": [0.5469545125961304, 0.5396472811698914, 0.5910760164260864, 0.6713719964027405], "faith_aritm_KL": [0.5712000131607056, 0.5371999740600586, 0.6034000515937805, 0.6713000535964966], "faith_armon_KL": [0.4707110524177551, 0.4849860668182373, 0.5115999579429626, 0.507783830165863], "faith_gmean_KL": [0.5164668560028076, 0.5100480318069458, 0.5550222396850586, 0.5834103226661682]}, "test": {"suff++_L1": [0.649, 0.6026, 0.8039999999999999, 1.0], "suff++_KL": [0.7310000000000001, 0.6048, 0.861, 1.0], "suff++_acc_int": [0.4053480625152588, 0.43553122878074646, 0.421687513589859], "nec_L1": [0.341, 0.353, 0.2332, 0.2636], "nec_KL": [0.2334, 0.2614, 0.14379999999999998, 0.1754], "nec_acc_int": [0.343812495470047, 0.3538437485694885, 0.3606249988079071, 0.3617499768733978], "faith_aritm_L1": [0.49500003457069397, 0.4777999818325043, 0.5185999870300293, 0.6317999958992004], "faith_armon_L1": [0.44135403633117676, 0.4403218626976013, 0.3593882620334625, 0.4143086373806], "faith_gmean_L1": [0.4671689569950104, 0.458505243062973, 0.43101173639297485, 0.5106282830238342], "faith_aritm_KL": [0.4821999967098236, 0.43309998512268066, 0.5023999810218811, 0.5877000093460083], "faith_armon_KL": [0.3455192446708679, 0.3573363721370697, 0.24367265403270721, 0.2926478981971741], "faith_gmean_KL": [0.40637660026550293, 0.3923646807670593, 0.34703487157821655, 0.40997314453125]}}}, "GOODSST2 length": {"LECIGIN": {"id_val": {"suff++_L1": [0.9418, 0.953, 1.0], "suff++_KL": [0.9328, 0.9704, 1.0], "suff++_acc_int": [0.8646491169929504, 0.8844444155693054], "nec_L1": [0.05419999999999999, 0.040799999999999996, 0.0388], "nec_KL": [0.0462, 0.0252, 0.0256], "nec_acc_int": [0.869561493396759, 0.8814911842346191, 0.8833333253860474], "faith_aritm_L1": [0.49799999594688416, 0.4969000220298767, 0.5194000005722046], "faith_armon_L1": [0.10242529213428497, 0.07817621529102325, 0.07467498630285263], "faith_gmean_L1": [0.22550472617149353, 0.19663366675376892, 0.19674314558506012], "faith_aritm_KL": [0.4894999861717224, 0.4978000223636627, 0.5128000378608704], "faith_armon_KL": [0.08800096064805984, 0.049073927104473114, 0.04989199340343475], "faith_gmean_KL": [0.2073473036289215, 0.15565326809883118, 0.15953132510185242]}, "val": {"suff++_L1": [0.9148, 0.938, 0.9598000000000001, 1.0], "suff++_KL": [0.9206, 0.9486000000000001, 0.9753999999999999, 1.0], "suff++_acc_int": [0.8013401031494141, 0.8399375081062317, 0.8672187924385071], "nec_L1": [0.09359999999999999, 0.0586, 0.048799999999999996, 0.0464], "nec_KL": [0.06999999999999999, 0.0342, 0.024200000000000003, 0.023399999999999997], "nec_acc_int": [0.8065937757492065, 0.8461250066757202, 0.8694999814033508, 0.8724687695503235], "faith_aritm_L1": [0.5042000412940979, 0.4983000159263611, 0.5042999982833862, 0.5231999754905701], "faith_armon_L1": [0.16968630254268646, 0.11022331565618515, 0.09281517565250397, 0.08865126967430115], "faith_gmean_L1": [0.2922782897949219, 0.23406222462654114, 0.2160479575395584, 0.21517696976661682], "faith_aritm_KL": [0.4952999949455261, 0.49140000343322754, 0.49980002641677856, 0.5116999745368958], "faith_armon_KL": [0.13005979359149933, 0.06598792225122452, 0.04722006246447563, 0.04572872817516327], "faith_gmean_KL": [0.2536746859550476, 0.17978183925151825, 0.15349586308002472, 0.1529487818479538]}, "test": {"suff++_L1": [0.9078000000000002, 0.915, 0.9545999999999999, 1.0], "suff++_KL": [0.9186, 0.9326000000000001, 0.9798, 1.0], "suff++_acc_int": [0.7231249809265137, 0.7560312747955322, 0.797624945640564], "nec_L1": [0.091, 0.077, 0.063, 0.059199999999999996], "nec_KL": [0.056999999999999995, 0.0426, 0.029800000000000004, 0.027200000000000002], "nec_acc_int": [0.7404062151908875, 0.7733749747276306, 0.7997499704360962, 0.8046562075614929], "faith_aritm_L1": [0.49939998984336853, 0.4959999918937683, 0.5088000297546387, 0.5296000242233276], "faith_armon_L1": [0.16517038643360138, 0.14181402325630188, 0.11819181591272354, 0.11175934970378876], "faith_gmean_L1": [0.28678175806999207, 0.2646896243095398, 0.24520036578178406, 0.2431926429271698], "faith_aritm_KL": [0.4878000319004059, 0.4875999987125397, 0.504800021648407, 0.5136000514030457], "faith_armon_KL": [0.10717909038066864, 0.0813499167561531, 0.057820357382297516, 0.0529547743499279], "faith_gmean_KL": [0.22807922959327698, 0.19844432175159454, 0.17059604823589325, 0.16485270857810974]}}}, "GOODTwitter length": {"LECIGIN": {"id_val": {"suff++_L1": [0.7293999999999998, 0.8098000000000001, 0.9042, 1.0], "suff++_KL": [0.5660000000000001, 0.76, 0.9342, 1.0], "suff++_acc_int": [0.5742701292037964, 0.6288777589797974, 0.6649815440177917], "nec_L1": [0.2072, 0.1524, 0.10839999999999998, 0.0964], "nec_KL": [0.23959999999999998, 0.1504, 0.0762, 0.0634], "nec_acc_int": [0.610447108745575, 0.6424270272254944, 0.6622263193130493, 0.6686131358146667], "faith_aritm_L1": [0.4683000147342682, 0.4810999929904938, 0.5062999725341797, 0.5482000112533569], "faith_armon_L1": [0.3218156695365906, 0.2563909590244293, 0.19353070855140686, 0.1758127510547638], "faith_gmean_L1": [0.3879214823246002, 0.3511302173137665, 0.31294745206832886, 0.31038668751716614], "faith_aritm_KL": [0.4027999937534332, 0.4552000164985657, 0.5052000284194946, 0.5317000150680542], "faith_armon_KL": [0.318209171295166, 0.24503612518310547, 0.13969561457633972, 0.11841847747564316], "faith_gmean_KL": [0.3532746434211731, 0.3282312750816345, 0.26150840520858765, 0.24674472212791443]}, "val": {"suff++_L1": [0.7258, 0.8126, 0.8902000000000001, 1.0], "suff++_KL": [0.6072, 0.8118000000000001, 0.9426, 1.0], "suff++_acc_int": [0.5058749914169312, 0.5392187237739563, 0.5591875314712524], "nec_L1": [0.2546, 0.18720000000000003, 0.1348, 0.125], "nec_KL": [0.305, 0.1714, 0.086, 0.0772], "nec_acc_int": [0.5299687385559082, 0.5461875200271606, 0.5596874952316284, 0.5649687647819519], "faith_aritm_L1": [0.4901999831199646, 0.4999000132083893, 0.512499988079071, 0.5625], "faith_armon_L1": [0.3751673996448517, 0.3040158450603485, 0.23408737778663635, 0.2221742570400238], "faith_gmean_L1": [0.42848119139671326, 0.3897249102592468, 0.3463151156902313, 0.35345548391342163], "faith_aritm_KL": [0.4560999870300293, 0.49160003662109375, 0.5142999887466431, 0.538599967956543],