{"TopoFeature basis": {"repr_GSATGIN_3l_sumpool_0.0dp_mitig_backboneNone_mitig_samplingfeatnormnoneavgedgeattnmean/0.001lr_0.0wd/GSAT_1.0_True_10_0.5": {"id_val": {"suff_simple_L1": [0.3766, 0.39719999999999994, 0.3896, 0.38330000000000003], "suff_simple_L1_std": [0.04174973053805258, 0.06994254785179048, 0.06855829636156373, 0.06356579268757687], "suff_simple_KL": [0.12279999999999999, 0.1376, 0.1253, 0.12249999999999998], "suff_simple_KL_std": [0.05269876658898195, 0.07112552284517844, 0.06695528358539003, 0.0649603725358776], "suff_simple_acc_int": [0.363312304019928, 0.4000902771949768, 0.3939982056617737, 0.38492774963378906], "suff_simple_acc_int_std": [0.042717497795820236, 0.08858297020196915, 0.08972736448049545, 0.07633853703737259], "nec_L1": [0.7661, 0.8494999999999999, 0.8353999999999999, 0.8036], "nec_L1_std": [0.0585140154151123, 0.018227726133558168, 0.027843132007732172, 0.03889781484865183], "nec_KL": [0.966, 0.9922000000000001, 0.9791000000000001, 0.9427], "nec_KL_std": [0.02654806960967218, 0.011702991070662246, 0.01524106295505666, 0.032711007321695226], "nec_acc_int": [0.16412454843521118, 0.018050542101264, 0.036101084202528, 0.07400722801685333], "nec_acc_int_std": [0.08474797755479813, 0.026380976662039757, 0.04271537810564041, 0.05194668844342232], "faith_aritm_L1": [0.5713499784469604, 0.6233500242233276, 0.6125000715255737, 0.5934499502182007], "faith_aritm_L1_std": [0.026402689516544342, 0.032593753188848495, 0.030431896448135376, 0.02206631377339363], "faith_armon_L1": [0.501916766166687, 0.5373150110244751, 0.5270916223526001, 0.5142560601234436], "faith_armon_L1_std": [0.03510408103466034, 0.0629797875881195, 0.060909755527973175, 0.053740955889225006], "faith_gmean_L1": [0.5352886915206909, 0.5783995985984802, 0.5678269267082214, 0.5520362854003906], "faith_gmean_L1_std": [0.028107983991503716, 0.048865556716918945, 0.046464335173368454, 0.03837702050805092], "faith_aritm_KL": [0.5443999767303467, 0.5648999810218811, 0.5522000193595886, 0.5326000452041626], "faith_aritm_KL_std": [0.025506658479571342, 0.03419268876314163, 0.029517972841858864, 0.023711595684289932], "faith_armon_KL": [0.21373192965984344, 0.23455390334129333, 0.21551398932933807, 0.2098904401063919], "faith_armon_KL_std": [0.0833432525396347, 0.11186964064836502, 0.10591954737901688, 0.10350442677736282], "faith_gmean_KL": [0.3344804644584656, 0.353401243686676, 0.3345317244529724, 0.32179954648017883], "faith_gmean_KL_std": [0.0794217586517334, 0.10665208846330643, 0.10077062249183655, 0.10200664401054382]}, "val": {"suff_simple_L1": [0.4293, 0.42750000000000005, 0.4276000000000001, 0.42730000000000007], "suff_simple_L1_std": [0.12742845051243465, 0.12460036115517482, 0.12453690216156817, 0.12452152424380294], "suff_simple_KL": [0.3712, 0.3669, 0.3673, 0.36690000000000006], "suff_simple_KL_std": [0.15352185512167316, 0.15145920242758446, 0.15115293579682798, 0.15139778730219278], "suff_simple_acc_int": [0.022921625524759293, 0.0276537723839283, 0.02655753865838051, 0.026130953803658485], "suff_simple_acc_int_std": [0.021739915013313293, 0.02414635941386223, 0.023343142122030258, 0.022275302559137344], "nec_L1": [0.5222, 0.5717, 0.5717, 0.5715999999999999], "nec_L1_std": [0.10000679976881571, 0.1333507030352671, 0.1333507030352671, 0.13325929611100307], "nec_KL": [0.5993000000000002, 0.6233000000000001, 0.6232, 0.623], "nec_KL_std": [0.12693624383918095, 0.15952683159895079, 0.15955237384633297, 0.15936310739942292], "nec_acc_int": [0.13450397551059723, 3.968254168285057e-05, 0.00019841271569021046, 0.0008333333535119891], "nec_acc_int_std": [0.10379590839147568, 0.00011904762504855171, 0.00026619856362231076, 0.0014895496424287558], "faith_aritm_L1": [0.4757499694824219, 0.49960002303123474, 0.4996500015258789, 0.49945002794265747], "faith_aritm_L1_std": [0.025379369035363197, 0.006617398001253605, 0.006830253172665834, 0.00679135462269187], "faith_armon_L1": [0.44457679986953735, 0.4564104974269867, 0.45651015639305115, 0.4562947154045105], "faith_armon_L1_std": [0.04605370759963989, 0.03710521012544632, 0.03699467331171036, 0.03676459193229675], "faith_gmean_L1": [0.4595607817173004, 0.47700220346450806, 0.477078914642334, 0.4768748879432678], "faith_gmean_L1_std": [0.033954083919525146, 0.017448265105485916, 0.017378289252519608, 0.017189132049679756], "faith_aritm_KL": [0.4852500557899475, 0.4950999617576599, 0.49524998664855957, 0.49494999647140503], "faith_aritm_KL_std": [0.020092591643333435, 0.009404250420629978, 0.009503289125859737, 0.009111662395298481], "faith_armon_KL": [0.4164462089538574, 0.41420382261276245, 0.41462093591690063, 0.41415587067604065], "faith_armon_KL_std": [0.08914946019649506, 0.08084128051996231, 0.08047875761985779, 0.0808122307062149], "faith_gmean_KL": [0.44728660583496094, 0.450174480676651, 0.4504929184913635, 0.4500829577445984], "faith_gmean_KL_std": [0.057977475225925446, 0.044880565255880356, 0.044565290212631226, 0.044846080243587494]}, "test": {"suff_simple_L1": [0.5161, 0.5388, 0.5418000000000001, 0.5444], "suff_simple_L1_std": [0.05763583954450563, 0.06907647935440833, 0.06727079604107566, 0.05961912444845194], "suff_simple_KL": [0.4205, 0.42069999999999996, 0.4225, 0.4255], "suff_simple_KL_std": [0.0665075183719856, 0.06399226515759543, 0.0682469779550714, 0.062016530054494354], "suff_simple_acc_int": [0.48741307854652405, 0.5206948518753052, 0.5146069526672363, 0.5052775144577026], "suff_simple_acc_int_std": [0.04222898185253143, 0.10815311223268509, 0.1009015217423439, 0.09598992019891739], "nec_L1": [0.6176, 0.6409, 0.625, 0.6087], "nec_L1_std": [0.05309651589322976, 0.06633468172833877, 0.06859154466842106, 0.06747303164968949], "nec_KL": [0.7536, 0.7353, 0.7144999999999999, 0.6944], "nec_KL_std": [0.06925200358112395, 0.08463693047364133, 0.08697039726251685, 0.08688406067858476], "nec_acc_int": [0.19878444075584412, 0.07809460908174515, 0.09124797582626343, 0.10850890725851059], "nec_acc_int_std": [0.09401922672986984, 0.026356415823101997, 0.024306321516633034, 0.02302214689552784], "faith_aritm_L1": [0.5668500065803528, 0.5898500680923462, 0.5833999514579773, 0.5765499472618103], "faith_aritm_L1_std": [0.049439895898103714, 0.06375541538000107, 0.06473244726657867, 0.06068790704011917], "faith_armon_L1": [0.5611591935157776, 0.584519624710083, 0.5797284841537476, 0.5741739273071289], "faith_armon_L1_std": [0.04998473450541496, 0.06410587579011917, 0.06456665694713593, 0.06014881283044815], "faith_gmean_L1": [0.5639959573745728, 0.5871763229370117, 0.5815601944923401, 0.5753600597381592], "faith_gmean_L1_std": [0.049699366092681885, 0.06391030550003052, 0.06463918834924698, 0.06041167676448822], "faith_aritm_KL": [0.5870500206947327, 0.5779999494552612, 0.5684999823570251, 0.559950053691864], "faith_aritm_KL_std": [0.06582190096378326, 0.07179415225982666, 0.07617349177598953, 0.07295698672533035], "faith_armon_KL": [0.5388556718826294, 0.5344470143318176, 0.5304470658302307, 0.527225136756897], "faith_armon_KL_std": [0.0705747976899147, 0.07195384800434113, 0.07667146623134613, 0.07155798375606537], "faith_gmean_KL": [0.5623968243598938, 0.5557646751403809, 0.5491229295730591, 0.5433269739151001], "faith_gmean_KL_std": [0.06822124868631363, 0.0717351958155632, 0.0763825848698616, 0.07218700647354126]}}}}