{"MUTAG basis": {"repr_GSATGIN_3l_sumpool_0.3dp_mitig_backboneNone_mitig_samplingfeatnormnoneavgedgeattnmean/0.001lr_0.001wd/GSAT_1_True_10_0.5": {"id_val": {"suff_simple_L1": [0.9351, 0.9340000000000002, 0.9359], "suff_simple_L1_std": [0.0040360872141220715, 0.004538722287164054, 0.00457055795281053], "suff_simple_KL": [0.9906, 0.9901, 0.9902000000000001], "suff_simple_KL_std": [0.001907878402833893, 0.0022113344387496, 0.0021817424229271447], "suff_simple_acc_int": [0.7793013870716095, 0.7788394927978516, 0.7835439085960388], "suff_simple_acc_int_std": [0.014581947898689995, 0.012727925426060488, 0.010975421826837046], "nec_L1": [0.06509999999999999, 0.06520000000000001, 0.0655], "nec_L1_std": [0.004459820624195553, 0.004044749683231337, 0.004177319714841086], "nec_KL": [0.009399999999999999, 0.0095, 0.009499999999999998], "nec_KL_std": [0.0019078784028338915, 0.001857417562100671, 0.001857417562100671], "nec_acc_int": [0.7787240207195282, 0.7790127098560333, 0.7796766698360443], "nec_acc_int_std": [0.01356459842000804, 0.014532143805211194, 0.014129445734425298], "faith_aritm_L1": [0.5000999569892883, 0.49960002303123474, 0.500700056552887], "faith_aritm_L1_std": [0.0015296979108825326, 0.0014282860793173313, 0.0008426210843026638], "faith_armon_L1": [0.12168757617473602, 0.1218588575720787, 0.1223965436220169], "faith_armon_L1_std": [0.007726004812866449, 0.007013172376900911, 0.0072482251562178135], "faith_gmean_L1": [0.24657508730888367, 0.24664147198200226, 0.24744808673858643], "faith_gmean_L1_std": [0.007894465699791908, 0.007098136004060507, 0.0072908117435872555], "faith_aritm_KL": [0.5, 0.49980002641677856, 0.49984997510910034], "faith_aritm_KL_std": [0.0005477236700244248, 0.000748331833165139, 0.0003905173798557371], "faith_armon_KL": [0.018616024404764175, 0.018812548369169235, 0.018812529742717743], "faith_armon_KL_std": [0.0037357457913458347, 0.003636602545157075, 0.0036403106059879065], "faith_gmean_KL": [0.09603118151426315, 0.09654660522937775, 0.09653113782405853], "faith_gmean_KL_std": [0.009306524880230427, 0.009036322124302387, 0.009210808202624321]}}, "repr_GiSSTGIN_3l_sumpool_0.3dp_mitig_backboneNone_mitig_samplingfeatnormnoneavgedgeattnmean/0.001lr_0.001wd/GiSST_no_param_True_0.01_0.01_0.01_0.01": {"id_val": {"suff_simple_L1": [0.9242999999999999, 0.9259000000000001, 0.932], "suff_simple_L1_std": [0.007563729238940279, 0.006503076195155649, 0.008473488065725909], "suff_simple_KL": [0.9911, 0.9914, 0.9928000000000001], "suff_simple_KL_std": [0.0021656407827707735, 0.0016852299546352733, 0.0016000000000000012], "suff_simple_acc_int": [0.7588625967502594, 0.7615184903144836, 0.7557324290275573], "suff_simple_acc_int_std": [0.010321844921134913, 0.010192976548539614, 0.015226868291791177], "nec_L1": [0.0808, 0.07959999999999999, 0.07899999999999999], "nec_L1_std": [0.006477653896280661, 0.006696267617113284, 0.007362064927722385], "nec_KL": [0.009999999999999998, 0.009899999999999997, 0.009499999999999998], "nec_KL_std": [0.001788854381999832, 0.0018138357147217054, 0.00191049731745428], "nec_acc_int": [0.7568129360675812, 0.7605658173561096, 0.7605080842971802], "nec_acc_int_std": [0.011674527678765213, 0.013380857542340753, 0.011638064310979333], "faith_aritm_L1": [0.5025500059127808, 0.502750039100647, 0.5054999589920044], "faith_aritm_L1_std": [0.0014221457531675696, 0.0016770485090091825, 0.002701851772144437], "faith_armon_L1": [0.14852410554885864, 0.1465098261833191, 0.14554819464683533], "faith_armon_L1_std": [0.01080801896750927, 0.01122817862778902, 0.012365535832941532], "faith_gmean_L1": [0.27302446961402893, 0.2712095081806183, 0.27101078629493713], "faith_gmean_L1_std": [0.009774881415069103, 0.010445485822856426, 0.011521660722792149], "faith_aritm_KL": [0.5005500316619873, 0.5006499886512756, 0.5011500120162964], "faith_aritm_KL_std": [0.0004716983821708709, 0.0004500018258113414, 0.0007433060673065484], "faith_armon_KL": [0.019793812185525894, 0.01959768682718277, 0.018812697380781174], "faith_armon_KL_std": [0.0035055121406912804, 0.0035543686244636774, 0.003747194306924939], "faith_gmean_KL": [0.0991421639919281, 0.09864835441112518, 0.09661374986171722], "faith_gmean_KL_std": [0.00885051116347313, 0.008983447216451168, 0.00976643618196249]}}, "repr_GiSSTGIN_3l_sumpool_0.3dp_mitig_backboneNone_mitig_samplingfeatgchannelsimple_concept2temperaturenormnoneavgedgeattnmean/0.001lr_0.001wd/GiSST_no_param_True_0.01_0.01_0.01_0.01": {"id_val": {"suff_simple_L1": [0.9286999999999999, 0.9319000000000001, 0.9412], "suff_simple_L1_std": [0.009716480844420977, 0.008791473141629867, 0.008646386528486882], "suff_simple_KL": [0.9860000000000001, 0.9873, 0.9904], "suff_simple_KL_std": [0.0037416573867739447, 0.00337786915081091, 0.0032000000000000028], "suff_simple_acc_int": [0.7657909870147706, 0.7648094713687896, 0.7653463900089263], "suff_simple_acc_int_std": [0.016195665389219856, 0.014533756180876947, 0.015669785132895558], "nec_L1": [0.0749, 0.07349999999999998, 0.07270000000000001], "nec_L1_std": [0.00920271699010678, 0.008947066558375431, 0.009613012014972206], "nec_KL": [0.014999999999999996, 0.014300000000000002, 0.014300000000000002], "nec_KL_std": [0.003974921382870358, 0.0038742741255621033, 0.0037696153649941526], "nec_acc_int": [0.7644919037818909, 0.7640011429786682, 0.7652136325836182], "nec_acc_int_std": [0.017120083130925935, 0.01746296930686224, 0.014961518851318656], "faith_aritm_L1": [0.501800000667572, 0.5027000308036804, 0.5069500207901001], "faith_aritm_L1_std": [0.0017058709636330605, 0.001720471540465951, 0.002196016488596797], "faith_armon_L1": [0.13845184445381165, 0.13609622418880463, 0.1347968876361847], "faith_armon_L1_std": [0.01567971706390381, 0.015343261882662773, 0.016544286161661148], "faith_gmean_L1": [0.263153612613678, 0.261141836643219, 0.2609182298183441], "faith_gmean_L1_std": [0.015035834163427353, 0.015061739832162857, 0.016522405669093132], "faith_aritm_KL": [0.5005000233650208, 0.5008000135421753, 0.5023499727249146], "faith_aritm_KL_std": [0.0011180381989106536, 0.0008124011219479144, 0.0009759630193002522], "faith_armon_KL": [0.029519107192754745, 0.028161868453025818, 0.02816484495997429], "faith_armon_KL_std": [0.007718255277723074, 0.007544970605522394, 0.007340763695538044], "faith_gmean_KL": [0.12045302242040634, 0.11755084991455078, 0.1178259626030922], "faith_gmean_KL_std": [0.016391148790717125, 0.016979379579424858, 0.016414761543273926]}}, "repr_SMGNNGIN_3l_sumpool_0.3dp_mitig_backboneNone_mitig_samplingfeatgchannelsimple_concept2temperaturenormnoneavgedgeattnmean/0.001lr_0.001wd/SMGNN_0.001_True_10_0.01": {"id_val": {"suff_simple_L1": [0.9286000000000001, 0.9287999999999998, 0.9329000000000001], "suff_simple_L1_std": [0.006988562083862451, 0.00693974062915898, 0.008395832299420914], "suff_simple_KL": [0.9832000000000001, 0.983, 0.9846999999999999], "suff_simple_KL_std": [0.0031874754901018484, 0.0039749213828703615, 0.0036069377593742897], "suff_simple_acc_int": [0.7805427253246308, 0.777345871925354, 0.7810883283615112], "suff_simple_acc_int_std": [0.01600661857530992, 0.016504341929267217, 0.017047561801033752], "nec_L1": [0.0718, 0.07210000000000001, 0.072], "nec_L1_std": [0.006675327707311454, 0.006472248450113762, 0.0063087241182350024], "nec_KL": [0.016999999999999998, 0.0173, 0.017099999999999997], "nec_KL_std": [0.002863564212655271, 0.0029342801502242415, 0.0025865034312755127], "nec_acc_int": [0.7778002321720123, 0.7786085486412049, 0.7792436480522156], "nec_acc_int_std": [0.014482045898498629, 0.01658886280174217, 0.016390046163121112], "faith_aritm_L1": [0.5002000331878662, 0.5004500150680542, 0.5024499893188477], "faith_aritm_L1_std": [0.001417741528712213, 0.0018364350544288754, 0.001752848387695849], "faith_armon_L1": [0.1332051008939743, 0.13372978568077087, 0.13360045850276947], "faith_armon_L1_std": [0.011381832882761955, 0.011023255065083504, 0.010756933130323887],