{"TopoFeature basis": {"repr_GiSSTGIN_3l_sumpool_0.0dp_mitig_backboneNone_mitig_samplingfeatavgedgeattnmean/0.001lr_0.0wd/GiSST_no_param_True_0.1_0.01_0.01_0.01": {"id_val": {"suff_simple_L1": [0.15639999999999998, 0.22410000000000002, 0.38589999999999997, 0.9144], "suff_simple_L1_std": [0.027181611431259925, 0.22376927849908265, 0.37342374054149263, 0.25680000000000003], "suff_simple_KL": [0.0327, 0.10840000000000001, 0.29519999999999996, 0.9021000000000001], "suff_simple_KL_std": [0.02759728247491046, 0.24761671995242968, 0.4243175226172023, 0.2937], "suff_simple_acc_int": [0.018050541382399386, 0.09841505062940996, -0.11294942128297407, -0.8999548736464931], "suff_simple_acc_int_std": [0.035284076204323764, 0.2676512821200339, 0.5123199033417518, 0.3001353790605208], "nec_L1": [0.6494999999999999, 0.6695999999999999, 0.7696999999999999, 0.8264999999999999], "nec_L1_std": [0.10457652700295608, 0.10883308320542978, 0.09328885249589043, 0.07021004201679415], "nec_KL": [0.7634999999999998, 0.7867999999999999, 0.8996999999999999, 0.9581999999999999], "nec_KL_std": [0.11766074111614289, 0.12314690414297877, 0.10433891891331824, 0.07706724336577765], "nec_acc_int": [0.26701263543218373, 0.24395306836813688, 0.12229241840541363, 0.05645306687802076], "nec_acc_int_std": [0.12263763188330137, 0.12803360665062097, 0.10935280368695677, 0.0848184440076058], "faith_aritm_L1": [0.4029499888420105, 0.4468500018119812, 0.5777999758720398, 0.8704500198364258], "faith_aritm_L1_std": [0.06572649627923965, 0.15139073133468628, 0.2167903482913971, 0.1634879857301712], "faith_armon_L1": [0.2520596385002136, 0.30600523948669434, 0.43635329604148865, 0.8503098487854004], "faith_armon_L1_std": [0.0430876798927784, 0.19106890261173248, 0.303067147731781, 0.20563115179538727], "faith_gmean_L1": [0.3186826705932617, 0.3676026463508606, 0.49627357721328735, 0.8594870567321777], "faith_gmean_L1_std": [0.05315595492720604, 0.1726420670747757, 0.2658229470252991, 0.18722307682037354], "faith_aritm_KL": [0.39809998869895935, 0.44760003685951233, 0.5974500179290771, 0.930150032043457], "faith_aritm_KL_std": [0.07245439291000366, 0.16875024139881134, 0.24549496173858643, 0.18525131046772003], "faith_armon_KL": [0.061741214245557785, 0.13658685982227325, 0.3147203326225281, 0.8967094421386719], "faith_armon_KL_std": [0.04997484013438225, 0.2623770534992218, 0.42442286014556885, 0.2853188216686249], "faith_gmean_KL": [0.15096494555473328, 0.21444711089134216, 0.3781627118587494, 0.9050281643867493], "faith_gmean_KL_std": [0.07329723238945007, 0.24086354672908783, 0.3842576742172241, 0.2604861259460449]}, "val": {"suff_simple_L1": [0.5845999999999998, 0.6012999999999998, 0.6958, 0.9151], "suff_simple_L1_std": [0.23746081782054065, 0.24078166458432834, 0.2719944117072996, 0.25470000000000004], "suff_simple_KL": [0.5578000000000001, 0.5771, 0.6788, 0.9027000000000001], "suff_simple_KL_std": [0.2738681434559339, 0.2782065599514145, 0.306119845812061, 0.29190000000000005], "suff_simple_acc_int": [0.0011904762126505376, 0.03398081292398274, -0.19367088600993157, -0.9], "suff_simple_acc_int_std": [0.002484520005410887, 0.10049583922796389, 0.4035990148044479, 0.3], "nec_L1": [0.39319999999999994, 0.39629999999999993, 0.4063, 0.4069], "nec_L1_std": [0.21609479401410855, 0.21916799492626654, 0.2241740618358868, 0.22430133749043943], "nec_KL": [0.4187, 0.4223, 0.43340000000000006, 0.43360000000000004], "nec_KL_std": [0.2518805470853198, 0.2555202731682948, 0.2598823580006923, 0.26009967320240907], "nec_acc_int": [0.03103174683637917, 0.026984127657487988, 0.01341269874246791, 0.009682539850473404], "nec_acc_int_std": [0.03125201007136721, 0.027542084544375345, 0.02804340166367592, 0.029047619551420212], "faith_aritm_L1": [0.4889000356197357, 0.49880003929138184, 0.5510500073432922, 0.6609999537467957], "faith_aritm_L1_std": [0.012372953817248344, 0.029876571148633957, 0.11407244205474854, 0.11568145453929901], "faith_armon_L1": [0.3654854893684387, 0.3718928396701813, 0.4168124794960022, 0.47938257455825806], "faith_armon_L1_std": [0.1158842146396637, 0.12347336113452911, 0.18189390003681183, 0.2219465672969818], "faith_gmean_L1": [0.41676220297813416, 0.42487770318984985, 0.4733341634273529, 0.5555875301361084], "faith_gmean_L1_std": [0.07026997208595276, 0.08095782995223999, 0.15021947026252747, 0.18124443292617798], "faith_aritm_KL": [0.4882500171661377, 0.49969998002052307, 0.5561000108718872, 0.668150007724762], "faith_aritm_KL_std": [0.012114559300243855, 0.03327401727437973, 0.12324506044387817, 0.12537384033203125], "faith_armon_KL": [0.3362177610397339, 0.3438340723514557, 0.3988463282585144, 0.4691527485847473], "faith_armon_KL_std": [0.14365822076797485, 0.15288788080215454, 0.2195017784833908, 0.2641620934009552], "faith_gmean_KL": [0.3925894796848297, 0.4020559787750244, 0.4578081965446472, 0.5451024770736694], "faith_gmean_KL_std": [0.10244086384773254, 0.11370983719825745, 0.1853594034910202, 0.22199660539627075]}, "test": {"suff_simple_L1": [0.8045, 0.8099000000000001, 0.8413, 0.9792], "suff_simple_L1_std": [0.051002450921499846, 0.06296260795106885, 0.09570167187672322, 0.0624], "suff_simple_KL": [0.7673, 0.7745000000000001, 0.8123999999999999, 0.9748999999999999], "suff_simple_KL_std": [0.06180946529456472, 0.07695745577915111, 0.11295149401402357, 0.0753], "suff_simple_acc_int": [0.6302604854106904, 0.6342081129550934, 0.2943754971027374, -0.8406847774982452], "suff_simple_acc_int_std": [0.08510608475156013, 0.09415539909136961, 0.6512577171755979, 0.47794566750526424], "nec_L1": [0.0901, 0.09300000000000001, 0.1123, 0.15259999999999999], "nec_L1_std": [0.04176469801159827, 0.04016964027720438, 0.038057982079978965, 0.029564167500540244], "nec_KL": [0.10629999999999998, 0.10999999999999999, 0.1332, 0.1842], "nec_KL_std": [0.05212110896748073, 0.050870423627093965, 0.048852430850470474, 0.03663550190730298], "nec_acc_int": [0.7725891470909119, 0.7719155251979828, 0.7563107728958129, 0.6711456596851348], "nec_acc_int_std": [0.060776729872314014, 0.059367502310587135, 0.06627548177659219, 0.04079645305972506], "faith_aritm_L1": [0.4473000168800354, 0.45145002007484436, 0.47680002450942993, 0.5658999681472778], "faith_aritm_L1_std": [0.04615853726863861, 0.05096834525465965, 0.06622619926929474, 0.04551691934466362], "faith_armon_L1": [0.15997236967086792, 0.1650938093662262, 0.19708381593227386, 0.2633710503578186], "faith_armon_L1_std": [0.06578955799341202, 0.06388915330171585, 0.061572927981615067, 0.0478757880628109], "faith_gmean_L1": [0.2650145888328552, 0.27088040113449097, 0.3053150773048401, 0.3852996230125427], "faith_gmean_L1_std": [0.06588765978813171, 0.06596295535564423, 0.0687669962644577, 0.05224774777889252], "faith_aritm_KL": [0.4368000030517578, 0.44225001335144043, 0.47280001640319824, 0.57955002784729], "faith_aritm_KL_std": [0.05672045052051544, 0.06327054649591446, 0.0802951455116272, 0.05543755367398262], "faith_armon_KL": [0.18385055661201477, 0.1901993453502655, 0.22742414474487305, 0.30900463461875916], "faith_armon_KL_std": [0.07837437838315964, 0.07753241062164307, 0.07610127329826355, 0.057305630296468735], "faith_gmean_KL": [0.2809968888759613, 0.287950336933136, 0.32674142718315125, 0.42249760031700134], "faith_gmean_KL_std": [0.07596474140882492, 0.07765819877386093, 0.08230449259281158, 0.06093340739607811]}}}}