{"TopoFeature basis": {"repr_GSATGIN_3l_sumpool_0.0dp_mitig_backboneNone_mitig_samplingfeatnormnoneavgedgeattnmean/0.001lr_0.0wd/GSAT_1.0_True_10_0.5": {"id_val": {"suff_simple_L1": [0.9423, 0.9417, 0.9418, 0.9433999999999999, 0.9606], "suff_simple_L1_std": [0.01524499918005899, 0.01681100829813605, 0.018048822676285537, 0.013078226179417422, 0.011473447607410784], "suff_simple_KL": [0.8248999999999999, 0.8237, 0.8221999999999999, 0.8339000000000001, 0.8991], "suff_simple_KL_std": [0.04499433297649827, 0.05023753576759115, 0.051934189124313856, 0.03777949179118215, 0.031232835285961498], "suff_simple_acc_int": [0.9673285484313965, 0.9661100506782532, 0.9670577049255371, 0.9665614366531372, 0.9751805067062378], "suff_simple_acc_int_std": [0.008829548954963684, 0.009569453075528145, 0.010527116246521473, 0.007204544264823198, 0.006064413581043482], "nec_L1": [0.0108, 0.0127, 0.0132, 0.015200000000000002, 0.013500000000000002], "nec_L1_std": [0.003969886648255842, 0.005710516614107693, 0.0047074409183759285, 0.004707440918375928, 0.004201190307520001], "nec_KL": [0.0256, 0.035, 0.03899999999999999, 0.045700000000000005, 0.0465], "nec_KL_std": [0.009478396488858228, 0.013564659966250536, 0.013498148021117562, 0.014805742129322664, 0.015863480072165752], "nec_acc_int": [0.9938176870346069, 0.992915153503418, 0.9925540685653687, 0.9923286437988281, 0.9934566617012024], "nec_acc_int_std": [0.0034488411620259285, 0.004847872070968151, 0.0034084643702954054, 0.002781767165288329, 0.002686822786927223], "faith_aritm_L1": [0.47655001282691956, 0.4771999716758728, 0.4775000214576721, 0.47929996252059937, 0.48704996705055237], "faith_aritm_L1_std": [0.006286693271249533, 0.00792212225496769, 0.007664848584681749, 0.00493558868765831, 0.0048757027834653854], "faith_armon_L1": [0.02132040075957775, 0.024993563070893288, 0.025986021384596825, 0.029869889840483665, 0.026588818058371544], "faith_armon_L1_std": [0.007740687113255262, 0.01106606237590313, 0.009114734828472137, 0.009123211726546288, 0.008157629519701004], "faith_gmean_L1": [0.09909230470657349, 0.10670670121908188, 0.109721340239048, 0.11807309091091156, 0.11243604123592377], "faith_gmean_L1_std": [0.017678063362836838, 0.023263249546289444, 0.01834471896290779, 0.018722761422395706, 0.01729554496705532], "faith_aritm_KL": [0.42524996399879456, 0.4293500483036041, 0.43060001730918884, 0.4398000240325928, 0.47280001640319824], "faith_aritm_KL_std": [0.018633630126714706, 0.02135421894490719, 0.021152779459953308, 0.013143819756805897, 0.014314671978354454], "faith_armon_KL": [0.04939800500869751, 0.06665439903736115, 0.07394333928823471, 0.08608635514974594, 0.08790042251348495], "faith_armon_KL_std": [0.017558932304382324, 0.024347027763724327, 0.023945963010191917, 0.026502598077058792, 0.028454236686229706], "faith_gmean_KL": [0.14229267835617065, 0.1662413775920868, 0.1758159101009369, 0.1917138248682022, 0.20122046768665314], "faith_gmean_KL_std": [0.022527631372213364, 0.02741180919110775, 0.024693382903933525, 0.029619403183460236, 0.03338750824332237]}, "val": {"suff_simple_L1": [0.7487, 0.7492, 0.7511, 0.7516, 0.7562], "suff_simple_L1_std": [0.06515374125865683, 0.06544279945112375, 0.06666400828033073, 0.06615769040708723, 0.06538164880147948], "suff_simple_KL": [0.6501, 0.6526, 0.6564, 0.6601999999999999, 0.6843], "suff_simple_KL_std": [0.0950467779569618, 0.09453591909956764, 0.09700329891297513, 0.09475948501337479, 0.09171264907306953], "suff_simple_acc_int": [0.5075545907020569, 0.5062797665596008, 0.5089533925056458, 0.5079017877578735, 0.5073412656784058], "suff_simple_acc_int_std": [0.15807980298995972, 0.1591193974018097, 0.158934086561203, 0.1589624583721161, 0.1589350551366806], "nec_L1": [0.143, 0.1493, 0.1514, 0.15309999999999999, 0.1538], "nec_L1_std": [0.03618839593018734, 0.03763787985527346, 0.03686244701589953, 0.03698499695822618, 0.03648506543779249], "nec_KL": [0.1423, 0.1638, 0.17509999999999998, 0.18280000000000002, 0.18749999999999997], "nec_KL_std": [0.042738858197195674, 0.048872896374166315, 0.04857869903568847, 0.050388093831777364, 0.05235312789127312], "nec_acc_int": [0.5742064118385315, 0.5737301111221313, 0.5739037394523621, 0.5738789439201355, 0.5737946033477783], "nec_acc_int_std": [0.1570560336112976, 0.15515632927417755, 0.15505027770996094, 0.155918151140213, 0.15432186424732208], "faith_aritm_L1": [0.4458499848842621, 0.4492499828338623, 0.45124998688697815, 0.452349990606308, 0.45500001311302185], "faith_aritm_L1_std": [0.015524252317845821, 0.014722853899002075, 0.015705488622188568, 0.015604567714035511, 0.014872802421450615], "faith_armon_L1": [0.23626935482025146, 0.24486371874809265, 0.2479686290025711, 0.2503647208213806, 0.25170770287513733], "faith_armon_L1_std": [0.04355897754430771, 0.04425843805074692, 0.04305834323167801, 0.04331353306770325, 0.042552825063467026], "faith_gmean_L1": [0.3227926194667816, 0.3299387991428375, 0.33283713459968567, 0.3348698019981384, 0.3368109166622162], "faith_gmean_L1_std": [0.023952586576342583, 0.024079058319330215, 0.02297528088092804, 0.02338348515331745, 0.022392021492123604], "faith_aritm_KL": [0.3962000012397766, 0.4082000255584717, 0.4157499670982361, 0.42149996757507324, 0.4359000325202942], "faith_aritm_KL_std": [0.027719303965568542, 0.02367192693054676, 0.024682236835360527, 0.02260087989270687, 0.02064800262451172], "faith_armon_KL": [0.2260749787092209, 0.2530023455619812, 0.2674758732318878, 0.2771146595478058, 0.28534823656082153], "faith_armon_KL_std": [0.042183130979537964, 0.0439847968518734, 0.04135452210903168, 0.0434078611433506, 0.04792705178260803], "faith_gmean_KL": [0.29706111550331116, 0.31933140754699707, 0.33162951469421387, 0.33994778990745544, 0.3507545292377472], "faith_gmean_KL_std": [0.01924586109817028, 0.01952538639307022, 0.017064373940229416, 0.019557658582925797, 0.023541074246168137]}, "test": {"suff_simple_L1": [0.7934000000000001, 0.7934, 0.7973000000000001, 0.8000999999999999, 0.8616999999999999], "suff_simple_L1_std": [0.02406324998831205, 0.02409647277092644, 0.025853626438084067, 0.024180363934399315, 0.021868013169924715], "suff_simple_KL": [0.6575, 0.6581999999999999, 0.6695, 0.6818000000000001, 0.8077], "suff_simple_KL_std": [0.03527676289003854, 0.035854706803988785, 0.03702769233965302, 0.03578211843924279, 0.029506101064017232], "suff_simple_acc_int": [0.6572224497795105, 0.6564525961875916, 0.6564069986343384, 0.6596940755844116, 0.7129729986190796], "suff_simple_acc_int_std": [0.09172216802835464, 0.09129226952791214, 0.09163396805524826, 0.09076289087533951, 0.09001251310110092], "nec_L1": [0.0756, 0.09059999999999999, 0.11230000000000002, 0.12810000000000002, 0.13460000000000003], "nec_L1_std": [0.012443472184241822, 0.01452033057474932, 0.01673349933516597, 0.015826875876179734, 0.01563457706495446], "nec_KL": [0.08879999999999999, 0.11860000000000001, 0.16469999999999999, 0.20659999999999998, 0.22940000000000005], "nec_KL_std": [0.014112405889854499, 0.01858063508064243, 0.025424594392044884, 0.02610823624835657, 0.02287006777427649], "nec_acc_int": [0.744332492351532, 0.7345826625823975, 0.7197477221488953, 0.7073389291763306, 0.7067666053771973], "nec_acc_int_std": [0.08765541762113571, 0.08803220838308334, 0.09007349610328674, 0.08783003687858582, 0.08817420899868011], "faith_aritm_L1": [0.43449997901916504, 0.44200000166893005, 0.45479997992515564, 0.46410003304481506, 0.4981500208377838], "faith_aritm_L1_std": [0.006576471496373415, 0.006078648380935192, 0.0052354526706039906, 0.004646506626158953, 0.0038668394554406404], "faith_armon_L1": [0.13763168454170227, 0.16209173202514648, 0.19617028534412384, 0.22022025287151337, 0.23228928446769714], "faith_armon_L1_std": [0.020107723772525787, 0.02250521630048752, 0.024286827072501183, 0.021946024149656296, 0.022118862718343735], "faith_gmean_L1": [0.2437984049320221, 0.2669539749622345, 0.29805779457092285, 0.31924372911453247, 0.3397486209869385],