{"TopoFeature basis": {"repr_SMGNNGIN_3l_sumpool_0.0dp_mitig_backboneNone_mitig_samplingfeatgchannelsimple_concept2temperaturenormnoneavgedgeattnmean/0.001lr_0.0wd/SMGNN_0.001_True_10_0.01": {"id_val": {"suff_simple_L1": [0.9869, 0.9793000000000001, 0.9751, 0.9758000000000001], "suff_simple_L1_std": [0.014869095466772697, 0.020238824076511973, 0.025422234362856448, 0.021325102578885754], "suff_simple_KL": [0.9728000000000001, 0.9567999999999998, 0.9494000000000001, 0.9507], "suff_simple_KL_std": [0.031320280969365524, 0.042850437570694656, 0.05248275907381395, 0.043213539544915774], "suff_simple_acc_int": [0.991390585899353, 0.9864919781684875, 0.9833763241767883, 0.9840625524520874], "suff_simple_acc_int_std": [0.009668449871242046, 0.013397176750004292, 0.017245983704924583, 0.014276302419602871], "nec_L1": [0.0055, 0.0067, 0.0054, 0.0039], "nec_L1_std": [0.004006245124802026, 0.004754997371187496, 0.0042, 0.00452658811910251], "nec_KL": [0.011600000000000003, 0.0134, 0.0105, 0.0051], "nec_KL_std": [0.008428523002282192, 0.010071742649611339, 0.008369587803470371, 0.005664803615307418], "nec_acc_int": [0.9963898658752441, 0.9957130551338196, 0.9964349865913391, 0.9959385991096497], "nec_acc_int_std": [0.0025286783929914236, 0.002905305940657854, 0.0025563130620867014, 0.004689664579927921], "faith_aritm_L1": [0.49619999527931213, 0.49299997091293335, 0.49024996161460876, 0.4898500442504883], "faith_aritm_L1_std": [0.0062657808884978294, 0.008306619711220264, 0.011334119364619255, 0.008740849792957306], "faith_armon_L1": [0.01090611144900322, 0.013261182233691216, 0.01070307195186615, 0.007725472562015057], "faith_armon_L1_std": [0.007923714816570282, 0.009375572204589844, 0.008292517624795437, 0.008944031782448292], "faith_gmean_L1": [0.06348401308059692, 0.07011769711971283, 0.06209532544016838, 0.04438908025622368], "faith_gmean_L1_std": [0.036846719682216644, 0.03958166018128395, 0.03653314337134361, 0.0418378971517086], "faith_aritm_KL": [0.49219998717308044, 0.4850999712944031, 0.4799500107765198, 0.477899968624115], "faith_aritm_KL_std": [0.0129869244992733, 0.017558196559548378, 0.02347707189619541, 0.01919088140130043], "faith_armon_KL": [0.022775769233703613, 0.026201268658041954, 0.020611528307199478, 0.010071983560919762], "faith_armon_KL_std": [0.016474490985274315, 0.019520992413163185, 0.01631094701588154, 0.011139740236103535], "faith_gmean_KL": [0.09086880832910538, 0.09676916152238846, 0.08430274575948715, 0.05065507814288139], "faith_gmean_KL_std": [0.05327907204627991, 0.05571921169757843, 0.050515804439783096, 0.045491352677345276]}, "val": {"suff_simple_L1": [0.9256999999999997, 0.9257, 0.9259999999999999, 0.925], "suff_simple_L1_std": [0.13454296711459873, 0.13297672728714602, 0.13501851724856112, 0.13457488621581665], "suff_simple_KL": [0.9041, 0.9037000000000001, 0.9046, 0.9029999999999999], "suff_simple_KL_std": [0.16649651648007532, 0.1646001518832835, 0.1673183791458667, 0.16726924403487928], "suff_simple_acc_int": [0.8025892972946167, 0.8021726608276367, 0.8023165464401245, 0.8017510175704956], "suff_simple_acc_int_std": [0.19782738387584686, 0.19818641245365143, 0.19891509413719177, 0.19891582429409027], "nec_L1": [0.034199999999999994, 0.0312, 0.0259, 0.0047], "nec_L1_std": [0.07133554513704932, 0.06694296079499322, 0.06075434140865984, 0.011349449325848368], "nec_KL": [0.0374, 0.030000000000000006, 0.0227, 0.0019], "nec_KL_std": [0.07306736617670025, 0.06028764384183546, 0.05023156378214797, 0.003961060464067672], "nec_acc_int": [0.8363839983940125, 0.8367360830307007, 0.8403620719909668, 0.8564683198928833], "nec_acc_int_std": [0.1502491533756256, 0.15007643401622772, 0.14578483998775482, 0.12498664855957031], "faith_aritm_L1": [0.4799500107765198, 0.4784499704837799, 0.4759500026702881, 0.4648500084877014], "faith_aritm_L1_std": [0.032303594052791595, 0.033866237848997116, 0.03849509358406067, 0.06178958714008331], "faith_armon_L1": [0.05281781405210495, 0.048666954040527344, 0.04038063436746597, 0.008898235857486725], "faith_armon_L1_std": [0.10170475393533707, 0.09746726602315903, 0.09020782262086868, 0.021269554272294044], "faith_gmean_L1": [0.09511806070804596, 0.08241027593612671, 0.06503190100193024, 0.025667766109108925], "faith_gmean_L1_std": [0.11446945369243622, 0.11533492803573608, 0.10843179374933243, 0.04695706441998482], "faith_aritm_KL": [0.47075000405311584, 0.4668499827384949, 0.46365004777908325, 0.4524499773979187], "faith_aritm_KL_std": [0.04713451489806175, 0.05255713313817978, 0.05925287306308746, 0.08171825110912323], "faith_armon_KL": [0.055914588272571564, 0.04667599871754646, 0.03579459711909294, 0.0037249349988996983], "faith_armon_KL_std": [0.09992696344852448, 0.08788463473320007, 0.07550695538520813, 0.007747048977762461], "faith_gmean_KL": [0.0985911637544632, 0.07910698652267456, 0.0572887659072876, 0.014656683430075645], "faith_gmean_KL_std": [0.1095740869641304, 0.1049460917711258, 0.09494680911302567, 0.029313506558537483]}, "test": {"suff_simple_L1": [0.978, 0.9644, 0.9545999999999999, 0.9408000000000001], "suff_simple_L1_std": [0.0269777686252959, 0.03477412831402103, 0.03833588397311323, 0.04363209827638363], "suff_simple_KL": [0.9562000000000002, 0.9358000000000001, 0.9208999999999999, 0.8993], "suff_simple_KL_std": [0.05716957232654446, 0.06679341284887304, 0.0703227559186925, 0.0774881281229583], "suff_simple_acc_int": [0.9847623109817505, 0.9721122980117798, 0.9639302492141724, 0.9534486532211304], "suff_simple_acc_int_std": [0.018224038183689117, 0.027217067778110504, 0.030235564336180687, 0.03722701594233513], "nec_L1": [0.047799999999999995, 0.047, 0.044, 0.027500000000000004], "nec_L1_std": [0.03450739051275828, 0.03352610922848042, 0.031695425537449404, 0.020785812469085733], "nec_KL": [0.08119999999999998, 0.0779, 0.07050000000000001, 0.03749999999999999], "nec_KL_std": [0.055427069199083585, 0.051904624071464005, 0.04862972342096961, 0.028716719868397224], "nec_acc_int": [0.9629508256912231, 0.9625455737113953, 0.963725745677948, 0.9699047207832336], "nec_acc_int_std": [0.03009994700551033, 0.0311313197016716, 0.02990053966641426, 0.02483798749744892], "faith_aritm_L1": [0.5128999948501587, 0.5056999921798706, 0.4993000030517578, 0.4841500222682953], "faith_aritm_L1_std": [0.009541486389935017, 0.006148977670818567, 0.005988328717648983, 0.012227124534547329], "faith_armon_L1": [0.08890831470489502, 0.08740707486867905, 0.08206205070018768, 0.05246681720018387], "faith_armon_L1_std": [0.060347165912389755, 0.05852431058883667, 0.05562807247042656, 0.038144148886203766], "faith_gmean_L1": [0.19949109852313995, 0.19676530361175537, 0.18773698806762695, 0.14365021884441376], "faith_gmean_L1_std": [0.07857803255319595, 0.07429138571023941, 0.0747784972190857, 0.06608869135379791], "faith_aritm_KL": [0.5187000036239624, 0.506850004196167, 0.49570003151893616, 0.4684000611305237], "faith_aritm_KL_std": [0.016967909410595894, 0.014354533515870571, 0.014980324544012547, 0.02597479708492756], "faith_armon_KL": [0.14382264018058777, 0.13820284605026245, 0.12575474381446838, 0.0698574036359787], "faith_armon_KL_std": [0.08724717050790787, 0.08181113749742508, 0.07782930135726929, 0.05033350735902786], "faith_gmean_KL": [0.25866374373435974, 0.2505728304386139, 0.23237058520317078, 0.16209745407104492], "faith_gmean_KL_std": [0.09023335576057434, 0.08334539085626602, 0.08786983788013458, 0.07336906343698502]}}}}