{"TopoFeature basis": {"repr_GSATGIN_3l_sumpool_0.0dp_mitig_backboneNone_mitig_samplingfeatnormnoneavgedgeattnmean/0.001lr_0.0wd/GSAT_1.0_True_10_0.5": {"id_val": {"suff_simple_L1": [0.9495999999999999, 0.9487, 0.9493, 0.9488999999999999, 0.9609], "suff_simple_L1_std": [0.011208925015361623, 0.007900000000000008, 0.008843641783790194, 0.010949429208867444, 0.00811726554943228], "suff_simple_KL": [0.8582000000000001, 0.8536999999999999, 0.8585, 0.8606, 0.9084], "suff_simple_KL_std": [0.034312679872024, 0.027799460426418374, 0.029210443337957068, 0.03449985507215937, 0.020631044568804553], "suff_simple_acc_int": [0.9715499877929688, 0.9712499380111694, 0.971049964427948, 0.9704500436782837, 0.9751250147819519], "suff_simple_acc_int_std": [0.007292808033525944, 0.004555208142846823, 0.005872393026947975, 0.007007853593677282, 0.006220180541276932], "nec_L1": [0.010199999999999999, 0.0134, 0.014300000000000002, 0.015799999999999998, 0.014599999999999998], "nec_L1_std": [0.0033704599092705435, 0.003555277766926235, 0.002830194339616981, 0.003655133376499413, 0.0032619012860600183], "nec_KL": [0.023399999999999997, 0.0322, 0.0382, 0.0454, 0.044599999999999994], "nec_KL_std": [0.007031358332498779, 0.008964373932405989, 0.008669486720677296, 0.011508257904652642, 0.01170640850132952], "nec_acc_int": [0.9945749044418335, 0.9926750063896179, 0.9923250079154968, 0.9916750192642212, 0.992824912071228], "nec_acc_int_std": [0.002824115799739957, 0.002355974866077304, 0.0016433565178886056, 0.0021037315018475056, 0.0022024139761924744], "faith_aritm_L1": [0.47989997267723083, 0.4810500144958496, 0.48179998993873596, 0.48235002160072327, 0.48774996399879456], "faith_aritm_L1_std": [0.0053094299510121346, 0.003927140962332487, 0.0040816632099449635, 0.0047225551679730415, 0.003051639534533024], "faith_armon_L1": [0.020159531384706497, 0.026400793343782425, 0.028158873319625854, 0.031054269522428513, 0.02874057926237583], "faith_armon_L1_std": [0.006592220161110163, 0.0069025252014398575, 0.0054922327399253845, 0.007078716065734625, 0.006314022466540337], "faith_gmean_L1": [0.09693726152181625, 0.1117534264922142, 0.11590591818094254, 0.12150895595550537, 0.11769253015518188], "faith_gmean_L1_std": [0.016642330214381218, 0.014733309857547283, 0.011446305550634861, 0.01435874868184328, 0.012568531557917595], "faith_aritm_KL": [0.4408000111579895, 0.4429500102996826, 0.4483500123023987, 0.4529999792575836, 0.4764999747276306], "faith_aritm_KL_std": [0.015316987410187721, 0.012520880438387394, 0.012064513750374317, 0.014120909385383129, 0.007602632511407137], "faith_armon_KL": [0.04543395712971687, 0.061869919300079346, 0.0729561299085617, 0.08592521399259567, 0.08473227918148041], "faith_armon_KL_std": [0.013327422551810741, 0.01655835285782814, 0.015778470784425735, 0.02077453024685383, 0.020939558744430542], "faith_gmean_KL": [0.13962136209011078, 0.163985937833786, 0.17966021597385406, 0.19551397860050201, 0.19947373867034912], "faith_gmean_KL_std": [0.021061161532998085, 0.0220160074532032, 0.018542055040597916, 0.02414511889219284, 0.023645976558327675]}, "val": {"suff_simple_L1": [0.8706000000000002, 0.8708, 0.8708, 0.8705999999999999, 0.8744000000000002], "suff_simple_L1_std": [0.03504910840520769, 0.03453925303187665, 0.03445809048685084, 0.03509757826403412, 0.03498056603315619], "suff_simple_KL": [0.8167, 0.8168, 0.8178000000000001, 0.8198000000000001, 0.8341000000000001], "suff_simple_KL_std": [0.05331238130115743, 0.05233125261256413, 0.05222413235277347, 0.052660801361164265, 0.05147125411333982], "suff_simple_acc_int": [0.7500399947166443, 0.7506024837493896, 0.7508100271224976, 0.7504274845123291, 0.7503025531768799], "suff_simple_acc_int_std": [0.07891407608985901, 0.07885517179965973, 0.07872436195611954, 0.07849056273698807, 0.07893060892820358], "nec_L1": [0.0738, 0.07660000000000002, 0.0782, 0.0786, 0.07909999999999999], "nec_L1_std": [0.01984338680769994, 0.020075856146127367, 0.019523319389898836, 0.02012063617284503, 0.0197152225450285], "nec_KL": [0.07399999999999998, 0.08459999999999998, 0.09179999999999998, 0.09479999999999997, 0.09719999999999998], "nec_KL_std": [0.0237823463939116, 0.02565618833731932, 0.02536059936200247, 0.027956394617332188, 0.027370787347096907], "nec_acc_int": [0.7835100293159485, 0.7833974957466125, 0.7837449312210083, 0.7839676141738892, 0.783972442150116], "nec_acc_int_std": [0.07719364017248154, 0.07730820029973984, 0.07725873589515686, 0.07729728519916534, 0.07722846418619156], "faith_aritm_L1": [0.4722000062465668, 0.47369998693466187, 0.47450000047683716, 0.4745999872684479, 0.47675004601478577], "faith_aritm_L1_std": [0.008277079090476036, 0.007743388880044222, 0.008003124967217445, 0.008070933632552624, 0.008081618696451187], "faith_armon_L1": [0.13511386513710022, 0.139844611287117, 0.14258989691734314, 0.14320608973503113, 0.14413698017597198], "faith_armon_L1_std": [0.03214790299534798, 0.03232186287641525, 0.03133445978164673, 0.032255277037620544, 0.031586725264787674], "faith_gmean_L1": [0.250755250453949, 0.2556114196777344, 0.25847357511520386, 0.25898101925849915, 0.2604890465736389], "faith_gmean_L1_std": [0.026419635862112045, 0.02622980624437332, 0.025135383009910583, 0.02588289976119995, 0.02519880048930645], "faith_aritm_KL": [0.4453499913215637, 0.45069998502731323, 0.45479997992515564, 0.45730000734329224, 0.4656500220298767], "faith_aritm_KL_std": [0.015986014157533646, 0.013975335285067558, 0.013935921713709831, 0.012730274349451065, 0.012235301546752453], "faith_armon_KL": [0.13411855697631836, 0.15150539577007294, 0.16328702867031097, 0.16784410178661346, 0.17213167250156403], "faith_armon_KL_std": [0.03714519739151001, 0.03889394924044609, 0.037788454443216324, 0.041429076343774796, 0.04064100235700607], "faith_gmean_KL": [0.24177560210227966, 0.25886109471321106, 0.2703576683998108, 0.2746083736419678, 0.28081458806991577], "faith_gmean_KL_std": [0.02806348353624344, 0.02800764888525009, 0.02615193836390972, 0.029224110767245293, 0.02859828621149063]}, "test": {"suff_simple_L1": [0.8564999999999999, 0.8572, 0.8596, 0.8608, 0.9027000000000001], "suff_simple_L1_std": [0.009091204540653574, 0.010351811435686035, 0.0088453377549984, 0.0086925255248403, 0.009317188417113832], "suff_simple_KL": [0.769, 0.7712000000000001, 0.7776, 0.7847000000000002, 0.8713999999999998], "suff_simple_KL_std": [0.01837389452456938, 0.018454267799075656, 0.018634376834227664, 0.01854750657096529, 0.01677617358040863], "suff_simple_acc_int": [0.8010506629943848, 0.8005377650260925, 0.8018786311149597, 0.8015483617782593, 0.8274774551391602], "suff_simple_acc_int_std": [0.03774440288543701, 0.039138901978731155, 0.03693533316254616, 0.03699235990643501, 0.03651130571961403], "nec_L1": [0.053200000000000004, 0.06460000000000002, 0.08009999999999998, 0.09029999999999998, 0.09609999999999999], "nec_L1_std": [0.0023579652245103193, 0.00352703841770968, 0.005448853090330113, 0.006148983655857282, 0.005872818744010408], "nec_KL": [0.05840000000000001, 0.07979999999999998, 0.11099999999999999, 0.13879999999999998, 0.1576], "nec_KL_std": [0.004498888751680796, 0.006493073232299169, 0.011260550608207397, 0.012139192724394813, 0.011976643937263897], "nec_acc_int": [0.8502852320671082, 0.8434284925460815, 0.8343755602836609, 0.8298678398132324, 0.8289823532104492], "nec_acc_int_std": [0.03526034578680992, 0.03594173491001129, 0.03670106083154678, 0.03719107061624527, 0.036672208458185196], "faith_aritm_L1": [0.4548499584197998, 0.4608999788761139, 0.46984997391700745, 0.47554999589920044, 0.49939998984336853], "faith_aritm_L1_std": [0.003654112573713064, 0.003891009371727705, 0.002693046350032091, 0.0019805291667580605, 0.0032000052742660046], "faith_armon_L1": [0.10016194730997086, 0.12011271715164185, 0.1464773565530777, 0.1633690893650055, 0.173635333776474], "faith_armon_L1_std": [0.004126923158764839, 0.006000680848956108, 0.00901013519614935, 0.00990796834230423, 0.009474821388721466],