{"TopoFeature basis": {"repr_GSATGIN_3l_sumpool_0.0dp_mitig_backboneNone_mitig_samplingfeatnormnoneavgedgeattnmean/0.001lr_0.0wd/GSAT_1.0_True_10_0.5": {"id_val": {"suff_simple_L1": [0.7487, 0.7471, 0.7375, 0.728, 0.8329000000000001], "suff_simple_L1_std": [0.01145469336123845, 0.016831220989577685, 0.017839562774911288, 0.024754797514825278, 0.03247291178813504], "suff_simple_KL": [0.5517000000000001, 0.5531, 0.5444, 0.5343000000000001, 0.7453000000000001], "suff_simple_KL_std": [0.022244325119005055, 0.025808719456803724, 0.02849982456086352, 0.038010656400541146, 0.05052138161214517], "suff_simple_acc_int": [0.7890500426292419, 0.7847499847412109, 0.7719500064849854, 0.7603250741958618, 0.8406750559806824], "suff_simple_acc_int_std": [0.011953969486057758, 0.0171912033110857, 0.018426479771733284, 0.026776403188705444, 0.030570413917303085], "nec_L1": [0.42619999999999997, 0.4204, 0.3209, 0.2097, 0.1286], "nec_L1_std": [0.0322329024445519, 0.04092480910157065, 0.06039114173452924, 0.046329364338397745, 0.03211915316442823], "nec_KL": [0.5206000000000001, 0.5646000000000001, 0.5406, 0.42749999999999994, 0.3045], "nec_KL_std": [0.03363985731242034, 0.028355599094358756, 0.06253511013822555, 0.08003405525149905, 0.07186689084689835], "nec_acc_int": [0.5272749662399292, 0.569974958896637, 0.7163499593734741, 0.8353250622749329, 0.9146000146865845], "nec_acc_int_std": [0.041290659457445145, 0.05543876066803932, 0.06088464707136154, 0.036694854497909546, 0.02404271624982357], "faith_aritm_L1": [0.5874500274658203, 0.5837499499320984, 0.52920001745224, 0.4688499867916107, 0.4807499945163727], "faith_aritm_L1_std": [0.018524914979934692, 0.02700207568705082, 0.03679550439119339, 0.03235355764627457, 0.029260264709591866], "faith_armon_L1": [0.5425240397453308, 0.5371989607810974, 0.44444093108177185, 0.32334190607070923, 0.22148270905017853], "faith_armon_L1_std": [0.026988038793206215, 0.03619423508644104, 0.060106512159109116, 0.05722837150096893, 0.04887241870164871], "faith_gmean_L1": [0.564513087272644, 0.5599573850631714, 0.48470211029052734, 0.38873761892318726, 0.3251555562019348], "faith_gmean_L1_std": [0.022850986570119858, 0.031745266169309616, 0.04952552914619446, 0.04752461239695549, 0.04532165825366974], "faith_aritm_KL": [0.5361500382423401, 0.5588499903678894, 0.5425000190734863, 0.48089998960494995, 0.5249000191688538], "faith_aritm_KL_std": [0.02081110328435898, 0.020490296185016632, 0.03799671307206154, 0.049131348729133606, 0.052130989730358124], "faith_armon_KL": [0.5349756479263306, 0.5582467913627625, 0.5408585071563721, 0.4712100923061371, 0.42826634645462036], "faith_armon_KL_std": [0.021198077127337456, 0.019957320764660835, 0.03723682463169098, 0.05560065433382988, 0.07588258385658264], "faith_gmean_KL": [0.53556227684021, 0.5585481524467468, 0.541677713394165, 0.47600334882736206, 0.47364455461502075], "faith_gmean_KL_std": [0.02100091613829136, 0.020220113918185234, 0.037602927535772324, 0.05231354013085365, 0.06466340273618698]}, "val": {"suff_simple_L1": [0.7052000000000002, 0.7057, 0.7061999999999999, 0.7088000000000001, 0.7449999999999999], "suff_simple_L1_std": [0.06493504446752923, 0.06527488031394618, 0.06620845867409994, 0.06714730076481108, 0.06477808271321403], "suff_simple_KL": [0.5975999999999999, 0.6004999999999999, 0.6051999999999998, 0.6145, 0.7069000000000001], "suff_simple_KL_std": [0.10317674156514152, 0.10265890122147228, 0.10206057025119937, 0.10097054025803764, 0.08207124953356076], "suff_simple_acc_int": [0.5650424361228943, 0.564050018787384, 0.5622624754905701, 0.5595250129699707, 0.5674474835395813], "suff_simple_acc_int_std": [0.052797794342041016, 0.052068207412958145, 0.05188797786831856, 0.05118121579289436, 0.04387485608458519], "nec_L1": [0.291, 0.29009999999999997, 0.2798, 0.24710000000000001, 0.2219], "nec_L1_std": [0.06929213519585033, 0.06893975630940392, 0.06143582017032083, 0.05075322649842076, 0.051434327058881596], "nec_KL": [0.319, 0.3267, 0.37290000000000006, 0.3645, 0.33019999999999994], "nec_KL_std": [0.0833834515956254, 0.08800005681816347, 0.10251385272244919, 0.09085950693240637, 0.07946798097347132], "nec_acc_int": [0.4955599904060364, 0.5047850012779236, 0.56683748960495, 0.628837525844574, 0.6571600437164307], "nec_acc_int_std": [0.0016169126611202955, 0.008616836741566658, 0.05620252713561058, 0.07598910480737686, 0.08370792865753174], "faith_aritm_L1": [0.49810004234313965, 0.49790000915527344, 0.49299997091293335, 0.47795000672340393, 0.4834500253200531], "faith_aritm_L1_std": [0.010034439153969288, 0.01044460665434599, 0.010266459546983242, 0.018443765118718147, 0.02413550391793251], "faith_armon_L1": [0.4028288722038269, 0.40205854177474976, 0.3929346203804016, 0.36058998107910156, 0.3367104232311249], "faith_armon_L1_std": [0.05982435867190361, 0.0598837248980999, 0.05302974581718445, 0.04630803316831589, 0.05260571837425232], "faith_gmean_L1": [0.4467710554599762, 0.4462398588657379, 0.4390775263309479, 0.41417068243026733, 0.40232282876968384], "faith_gmean_L1_std": [0.03607260063290596, 0.036124832928180695, 0.030618632212281227, 0.02729654498398304, 0.03458353504538536], "faith_aritm_KL": [0.45830002427101135, 0.4635999798774719, 0.4890500009059906, 0.4894999861717224, 0.5185500383377075], "faith_aritm_KL_std": [0.02264641970396042, 0.02314930036664009, 0.02109319530427456, 0.01856072060763836, 0.012771937996149063], "faith_armon_KL": [0.39914846420288086, 0.4055558145046234, 0.44100624322891235, 0.4399450421333313, 0.43783697485923767], "faith_armon_KL_std": [0.05149626359343529, 0.05501081049442291, 0.05767994001507759, 0.050701919943094254, 0.05716613307595253], "faith_gmean_KL": [0.4265960156917572, 0.4324771761894226, 0.4634646773338318, 0.4632047116756439, 0.4754863679409027], "faith_gmean_KL_std": [0.029611459001898766, 0.03282099589705467, 0.03614843636751175, 0.029838744550943375, 0.033643677830696106]}, "test": {"suff_simple_L1": [0.7756, 0.7711, 0.7561, 0.7356, 0.853], "suff_simple_L1_std": [0.02179541236132044, 0.022704404858969542, 0.024176227993630433, 0.022970415755923984, 0.019549936061276536], "suff_simple_KL": [0.7048, 0.7013, 0.6864, 0.6660999999999999, 0.8337], "suff_simple_KL_std": [0.03417835572405435, 0.032817830519399044, 0.02891089759934823, 0.025073691391576135, 0.0226055302968101], "suff_simple_acc_int": [0.7521838545799255, 0.7498449087142944, 0.7401265501976013, 0.7234014868736267, 0.8243489265441895], "suff_simple_acc_int_std": [0.025651851668953896, 0.02616712637245655, 0.02446931228041649, 0.019699234515428543, 0.023237736895680428], "nec_L1": [0.3105, 0.32619999999999993, 0.313, 0.27470000000000006, 0.22110000000000002], "nec_L1_std": [0.04837613047774697, 0.044442772190762356, 0.03358571124749333, 0.021601157376399997, 0.014334922392534952], "nec_KL": [0.3529, 0.3797, 0.3888, 0.3781, 0.33940000000000003], "nec_KL_std": [0.05852597713836138, 0.05712976457154361, 0.05426195720760542, 0.043989657875459776, 0.027839540226088505], "nec_acc_int": [0.5641384720802307, 0.5660271048545837, 0.6082949638366699, 0.6757754683494568, 0.7461601495742798], "nec_acc_int_std": [0.009865211322903633, 0.015447918325662613, 0.030329804867506027, 0.043022915720939636, 0.04501459375023842], "faith_aritm_L1": [0.5430499315261841, 0.5486500263214111, 0.5345500111579895, 0.5051499605178833, 0.5370499491691589], "faith_aritm_L1_std": [0.025766698643565178, 0.025072956457734108, 0.02291446179151535, 0.01923154480755329, 0.012382346205413342], "faith_armon_L1": [0.4411677420139313, 0.45661258697509766, 0.44173043966293335, 0.3996487259864807, 0.3509123921394348], "faith_armon_L1_std": [0.04798981174826622, 0.04351113736629486, 0.0343441441655159, 0.024392535910010338, 0.018160266801714897], "faith_gmean_L1": [0.4891967177391052, 0.500329315662384, 0.4858235716819763, 0.44926342368125916, 0.4340319037437439], "faith_gmean_L1_std": [0.03782301023602486, 0.03486212342977524, 0.028786147013306618, 0.021778328344225883, 0.015080099925398827],