{"TopoFeature basis": {"repr_GiSSTGIN_3l_sumpool_0.0dp_mitig_backboneNone_mitig_samplingfeatavgedgeattnmean/0.001lr_0.0wd/GiSST_no_param_True_0.1_0.01_0.01_0.01": {"id_val": {"suff_simple_L1": [0.141, 0.15, 1.0, 1.0], "suff_simple_L1_std": [0.0, 0.0, 0.0, 0.0], "suff_simple_KL": [0.016, 0.026, 1.0, 1.0], "suff_simple_KL_std": [0.0, 0.0, 0.0, 0.0], "suff_simple_acc_int": [0.0, 0.009999999776482582], "suff_simple_acc_int_std": [0.0, 0.0], "nec_L1": [0.595, 0.827, 0.848, 0.848], "nec_L1_std": [0.0, 0.0, 0.0, 0.0], "nec_KL": [0.714, 0.972, 0.983, 0.983], "nec_KL_std": [0.0, 0.0, 0.0, 0.0], "nec_acc_int": [0.33250001072883606, 0.06499999761581421, 0.03375000134110451, 0.03375000134110451], "nec_acc_int_std": [0.0, 0.0, 0.0, 0.0], "faith_aritm_L1": [0.3680000305175781, 0.4884999990463257, 0.9240000247955322, 0.9240000247955322], "faith_aritm_L1_std": [0.0, 0.0, 0.0, 0.0], "faith_armon_L1": [0.227975532412529, 0.2539406418800354, 0.9177488684654236, 0.9177488684654236], "faith_armon_L1_std": [0.0, 0.0, 0.0, 0.0], "faith_gmean_L1": [0.28964635729789734, 0.35220733284950256, 0.9208691716194153, 0.9208691716194153], "faith_gmean_L1_std": [0.0, 0.0, 0.0, 0.0], "faith_aritm_KL": [0.3649999797344208, 0.49900001287460327, 0.9915000200271606, 0.9915000200271606], "faith_aritm_KL_std": [0.0, 0.0, 0.0, 0.0], "faith_armon_KL": [0.03129863366484642, 0.050645291805267334, 0.9914270639419556, 0.9914270639419556], "faith_armon_KL_std": [0.0, 0.0, 0.0, 0.0], "faith_gmean_KL": [0.10688311606645584, 0.15897169709205627, 0.9914635419845581, 0.9914635419845581], "faith_gmean_KL_std": [0.0, 0.0, 0.0, 0.0]}, "val": {"suff_simple_L1": [0.341, 0.341, 1.0, 1.0], "suff_simple_L1_std": [0.0, 0.0, 0.0, 0.0], "suff_simple_KL": [0.268, 0.268, 1.0, 1.0], "suff_simple_KL_std": [0.0, 0.0, 0.0, 0.0], "suff_simple_acc_int": [0.0, 0.0], "suff_simple_acc_int_std": [0.0, 0.0], "nec_L1": [0.562, 0.659, 0.659, 0.659], "nec_L1_std": [0.0, 0.0, 0.0, 0.0], "nec_KL": [0.626, 0.732, 0.732, 0.732], "nec_KL_std": [0.0, 0.0, 0.0, 0.0], "nec_acc_int": [0.11999999731779099, 0.0, 0.0, 0.0], "nec_acc_int_std": [0.0, 0.0, 0.0, 0.0], "faith_aritm_L1": [0.4514999985694885, 0.5, 0.8294999599456787, 0.8294999599456787], "faith_aritm_L1_std": [0.0, 0.0, 0.0, 0.0], "faith_armon_L1": [0.42445623874664307, 0.4494379758834839, 0.7944545149803162, 0.7944545149803162], "faith_armon_L1_std": [0.0, 0.0, 0.0, 0.0], "faith_gmean_L1": [0.4377693235874176, 0.4740453362464905, 0.8117881417274475, 0.8117881417274475], "faith_gmean_L1_std": [0.0, 0.0, 0.0, 0.0], "faith_aritm_KL": [0.44699999690055847, 0.5, 0.8659999966621399, 0.8659999966621399], "faith_aritm_KL_std": [0.0, 0.0, 0.0, 0.0], "faith_armon_KL": [0.3753199279308319, 0.39235201478004456, 0.8452655673027039, 0.8452655673027039], "faith_armon_KL_std": [0.0, 0.0, 0.0, 0.0], "faith_gmean_KL": [0.40959492325782776, 0.4429176151752472, 0.8555700182914734, 0.8555700182914734], "faith_gmean_KL_std": [0.0, 0.0, 0.0, 0.0]}, "test": {"suff_simple_L1": [0.729, 0.735, 1.0, 1.0], "suff_simple_L1_std": [0.0, 0.0, 0.0, 0.0], "suff_simple_KL": [0.672, 0.681, 1.0, 1.0], "suff_simple_KL_std": [0.0, 0.0, 0.0, 0.0], "suff_simple_acc_int": [0.5849999785423279, 0.5899999737739563], "suff_simple_acc_int_std": [0.0, 0.0], "nec_L1": [0.116, 0.183, 0.205, 0.205], "nec_L1_std": [0.0, 0.0, 0.0, 0.0], "nec_KL": [0.141, 0.221, 0.258, 0.258], "nec_KL_std": [0.0, 0.0, 0.0, 0.0], "nec_acc_int": [0.800000011920929, 0.6825000047683716, 0.6650000214576721, 0.6650000214576721], "nec_acc_int_std": [0.0, 0.0, 0.0, 0.0], "faith_aritm_L1": [0.42249998450279236, 0.45899999141693115, 0.6025000214576721, 0.6025000214576721], "faith_aritm_L1_std": [0.0, 0.0, 0.0, 0.0], "faith_armon_L1": [0.2001514732837677, 0.2930392324924469, 0.3402489423751831, 0.3402489423751831], "faith_armon_L1_std": [0.0, 0.0, 0.0, 0.0], "faith_gmean_L1": [0.2907989025115967, 0.36674925684928894, 0.4527692496776581, 0.4527692496776581], "faith_gmean_L1_std": [0.0, 0.0, 0.0, 0.0], "faith_aritm_KL": [0.406499981880188, 0.45100000500679016, 0.6290000081062317, 0.6290000081062317], "faith_aritm_KL_std": [0.0, 0.0, 0.0, 0.0], "faith_armon_KL": [0.23309226334095, 0.3337050974369049, 0.4101748466491699, 0.4101748466491699], "faith_armon_KL_std": [0.0, 0.0, 0.0, 0.0], "faith_gmean_KL": [0.30781811475753784, 0.3879445791244507, 0.5079370141029358, 0.5079370141029358], "faith_gmean_KL_std": [0.0, 0.0, 0.0, 0.0]}}}}