{"TopoFeature basis": {"repr_GSATGIN_3l_sumpool_0.0dp_mitig_backboneNone_mitig_samplingfeatnormnoneavgedgeattnmean/0.001lr_0.0wd/GSAT_1.0_True_10_0.5": {"id_val": {"suff_simple_L1": [0.7149000000000001, 0.7179, 0.72], "suff_simple_L1_std": [0.034462878579712385, 0.03366734322752538, 0.030518846636136153], "suff_simple_KL": [0.44939999999999997, 0.4549, 0.4655], "suff_simple_KL_std": [0.054142774217803065, 0.05749860867881936, 0.046797970041445175], "suff_simple_acc_int": [0.7735750019550324, 0.7748999953269958, 0.7732500076293946], "suff_simple_acc_int_std": [0.03205680081357123, 0.031161113330522426, 0.028657456350783424], "nec_L1": [0.028599999999999997, 0.05500000000000001, 0.086], "nec_L1_std": [0.007337574531137657, 0.010686440005914039, 0.015165750888103102], "nec_KL": [0.045599999999999995, 0.0958, 0.1728], "nec_KL_std": [0.01384340998453777, 0.022666274506411507, 0.03554940224532615], "nec_acc_int": [0.9780249953269958, 0.9567749977111817, 0.9371749997138977], "nec_acc_int_std": [0.006659068955811476, 0.008712377536157011, 0.011205491501686655], "faith_aritm_L1": [0.37174999713897705, 0.38644999265670776, 0.40299996733665466], "faith_aritm_L1_std": [0.01499541662633419, 0.012602482922375202, 0.010818968527019024], "faith_armon_L1": [0.054825495928525925, 0.1017933040857315, 0.1530028134584427], "faith_armon_L1_std": [0.013526092283427715, 0.018103374168276787, 0.023475918918848038], "faith_gmean_L1": [0.14137011766433716, 0.19731158018112183, 0.2474810779094696], "faith_gmean_L1_std": [0.017017299309372902, 0.015698475763201714, 0.018069759011268616], "faith_aritm_KL": [0.24750001728534698, 0.2753499746322632, 0.31915000081062317], "faith_aritm_KL_std": [0.021630996838212013, 0.019695239141583443, 0.010970532894134521], "faith_armon_KL": [0.08158483356237411, 0.15539072453975677, 0.24757495522499084], "faith_armon_KL_std": [0.021646151319146156, 0.026952549815177917, 0.031219564378261566], "faith_gmean_KL": [0.14007209241390228, 0.20551756024360657, 0.28043124079704285], "faith_gmean_KL_std": [0.015706922858953476, 0.014416510239243507, 0.01762109249830246]}}}}