{"TopoFeature basis": {"repr_GiSSTGIN_3l_sumpool_0.0dp_mitig_backboneNone_mitig_samplingfeatavgedgeattnmean/0.001lr_0.0wd/GiSST_no_param_True_0.1_0.01_0.01_0.01": {"id_val": {"suff_simple_L1": [0.142, 0.141, 1.0, 1.0], "suff_simple_L1_std": [0.0, 0.0, 0.0, 0.0], "suff_simple_KL": [0.016, 0.016, 1.0, 1.0], "suff_simple_KL_std": [0.0, 0.0, 0.0, 0.0], "suff_simple_acc_int": [0.0, 0.0], "suff_simple_acc_int_std": [0.0, 0.0], "nec_L1": [0.605, 0.816, 0.859, 0.859], "nec_L1_std": [0.0, 0.0, 0.0, 0.0], "nec_KL": [0.703, 0.936, 0.984, 0.984], "nec_KL_std": [0.0, 0.0, 0.0, 0.0], "nec_acc_int": [0.30000001192092896, 0.05000000074505806, 0.0, 0.0], "nec_acc_int_std": [0.0, 0.0, 0.0, 0.0], "faith_aritm_L1": [0.3735000193119049, 0.47850000858306885, 0.9294999837875366, 0.9294999837875366], "faith_aritm_L1_std": [0.0, 0.0, 0.0, 0.0], "faith_armon_L1": [0.2300134003162384, 0.2404514104127884, 0.9241527915000916, 0.9241527915000916], "faith_armon_L1_std": [0.0, 0.0, 0.0, 0.0], "faith_gmean_L1": [0.2931040823459625, 0.3391990661621094, 0.9268225431442261, 0.9268225431442261], "faith_gmean_L1_std": [0.0, 0.0, 0.0, 0.0], "faith_aritm_KL": [0.359499990940094, 0.47599998116493225, 0.9919999837875366, 0.9919999837875366], "faith_aritm_KL_std": [0.0, 0.0, 0.0, 0.0], "faith_armon_KL": [0.03128790482878685, 0.03146218881011009, 0.9919355511665344, 0.9919355511665344], "faith_armon_KL_std": [0.0, 0.0, 0.0, 0.0], "faith_gmean_KL": [0.1060565933585167, 0.1223764717578888, 0.9919677972793579, 0.9919677972793579], "faith_gmean_KL_std": [0.0, 0.0, 0.0, 0.0]}, "val": {"suff_simple_L1": [0.341, 0.341, 1.0, 1.0], "suff_simple_L1_std": [0.0, 0.0, 0.0, 0.0], "suff_simple_KL": [0.268, 0.268, 1.0, 1.0], "suff_simple_KL_std": [0.0, 0.0, 0.0, 0.0], "suff_simple_acc_int": [0.0, 0.0], "suff_simple_acc_int_std": [0.0, 0.0], "nec_L1": [0.603, 0.617, 0.659, 0.659], "nec_L1_std": [0.0, 0.0, 0.0, 0.0], "nec_KL": [0.675, 0.691, 0.732, 0.732], "nec_KL_std": [0.0, 0.0, 0.0, 0.0], "nec_acc_int": [0.07000000029802322, 0.05000000074505806, 0.0, 0.0], "nec_acc_int_std": [0.0, 0.0, 0.0, 0.0], "faith_aritm_L1": [0.47200000286102295, 0.4789999723434448, 0.8294999599456787, 0.8294999599456787], "faith_aritm_L1_std": [0.0, 0.0, 0.0, 0.0], "faith_armon_L1": [0.43564191460609436, 0.4392421841621399, 0.7944545149803162, 0.7944545149803162], "faith_armon_L1_std": [0.0, 0.0, 0.0, 0.0], "faith_gmean_L1": [0.45345669984817505, 0.4586905241012573, 0.8117881417274475, 0.8117881417274475], "faith_gmean_L1_std": [0.0, 0.0, 0.0, 0.0], "faith_aritm_KL": [0.4715000092983246, 0.4794999957084656, 0.8659999966621399, 0.8659999966621399], "faith_aritm_KL_std": [0.0, 0.0, 0.0, 0.0], "faith_armon_KL": [0.3836691379547119, 0.3862106204032898, 0.8452655673027039, 0.8452655673027039], "faith_armon_KL_std": [0.0, 0.0, 0.0, 0.0], "faith_gmean_KL": [0.42532339692115784, 0.43033474683761597, 0.8555700182914734, 0.8555700182914734], "faith_gmean_KL_std": [0.0, 0.0, 0.0, 0.0]}, "test": {"suff_simple_L1": [0.628, 0.633, 1.0, 1.0], "suff_simple_L1_std": [0.0, 0.0, 0.0, 0.0], "suff_simple_KL": [0.56, 0.572, 1.0, 1.0], "suff_simple_KL_std": [0.0, 0.0, 0.0, 0.0], "suff_simple_acc_int": [0.4637500047683716, 0.4675000011920929], "suff_simple_acc_int_std": [0.0, 0.0], "nec_L1": [0.059, 0.08, 0.271, 0.271], "nec_L1_std": [0.0, 0.0, 0.0, 0.0], "nec_KL": [0.086, 0.114, 0.322, 0.322], "nec_KL_std": [0.0, 0.0, 0.0, 0.0], "nec_acc_int": [0.8500000238418579, 0.8299999833106995, 0.581250011920929, 0.581250011920929], "nec_acc_int_std": [0.0, 0.0, 0.0, 0.0], "faith_aritm_L1": [0.343500018119812, 0.3564999997615814, 0.6355000138282776, 0.6355000138282776], "faith_aritm_L1_std": [0.0, 0.0, 0.0, 0.0], "faith_armon_L1": [0.1078660860657692, 0.1420476883649826, 0.4264358580112457, 0.4264358580112457], "faith_armon_L1_std": [0.0, 0.0, 0.0, 0.0], "faith_gmean_L1": [0.19248896837234497, 0.22503334283828735, 0.5205765962600708, 0.5205765962600708], "faith_gmean_L1_std": [0.0, 0.0, 0.0, 0.0], "faith_aritm_KL": [0.3230000138282776, 0.34300002455711365, 0.6610000133514404, 0.6610000133514404], "faith_aritm_KL_std": [0.0, 0.0, 0.0, 0.0], "faith_armon_KL": [0.14910216629505157, 0.19011078774929047, 0.4871406853199005, 0.4871406853199005], "faith_armon_KL_std": [0.0, 0.0, 0.0, 0.0], "faith_gmean_KL": [0.2194538712501526, 0.25535857677459717, 0.5674504637718201, 0.5674504637718201], "faith_gmean_KL_std": [0.0, 0.0, 0.0, 0.0]}}}}