{"TopoFeature basis": {"repr_GiSSTGIN_3l_sumpool_0.0dp_mitig_backboneNone_mitig_samplingfeatavgedgeattnmean/0.001lr_0.0wd/GiSST_no_param_True_0.1_0.01_0.01_0.01": {"id_val": {"suff_simple_L1": [0.1418, 0.196, 0.3804, 0.9144], "suff_simple_L1_std": [0.0026381811916545753, 0.15902641290049904, 0.3588746856494618, 0.25680000000000003], "suff_simple_KL": [0.016600000000000004, 0.07690000000000001, 0.2814, 0.9021000000000001], "suff_simple_KL_std": [0.0068000000000000005, 0.17413641204526983, 0.4010147628205226, 0.2937], "suff_simple_acc_int": [0.0005866426159627736, 0.06457397002959624, -0.11111089504847768, -0.9], "suff_simple_acc_int_std": [0.0011947836523582998, 0.18937311406532545, 0.5071457482320212, 0.3], "nec_L1": [0.6435, 0.6748999999999999, 0.7668999999999999, 0.8240000000000001], "nec_L1_std": [0.09745178294931295, 0.11302605894217492, 0.10973645702317895, 0.07770585563520938], "nec_KL": [0.7684000000000001, 0.8015000000000001, 0.8959999999999999, 0.9556999999999999], "nec_KL_std": [0.10499161871311442, 0.12034803695947849, 0.11686830194710628, 0.08453762475962998], "nec_acc_int": [0.2793772555887699, 0.2415162470191717, 0.12572202272713184, 0.05726534407585859], "nec_acc_int_std": [0.11733397756696888, 0.13719358692835848, 0.1303063171933026, 0.08725118783979148], "faith_aritm_L1": [0.3926500082015991, 0.43545001745224, 0.5736499428749084, 0.8691999316215515], "faith_aritm_L1_std": [0.048049475997686386, 0.11953461170196533, 0.2130502462387085, 0.16723789274692535], "faith_armon_L1": [0.23160786926746368, 0.28592219948768616, 0.4374367296695709, 0.850124180316925], "faith_armon_L1_std": [0.0047842999920248985, 0.15569062530994415, 0.2927039563655853, 0.20618794858455658], "faith_gmean_L1": [0.30116161704063416, 0.35053950548171997, 0.49573731422424316, 0.8588764071464539], "faith_gmean_L1_std": [0.020385771989822388, 0.13764937222003937, 0.2575606405735016, 0.18905489146709442], "faith_aritm_KL": [0.39249998331069946, 0.4392000138759613, 0.588699996471405, 0.9289000630378723], "faith_aritm_KL_std": [0.050315011292696, 0.1298191398382187, 0.23633073270320892, 0.18900062143802643], "faith_armon_KL": [0.03233978897333145, 0.10791371762752533, 0.3117627501487732, 0.8967054486274719], "faith_armon_KL_std": [0.013050420209765434, 0.2137020230293274, 0.40215688943862915, 0.28533101081848145], "faith_gmean_KL": [0.1084686741232872, 0.18446430563926697, 0.3821980357170105, 0.9048139452934265], "faith_gmean_KL_std": [0.022769400849938393, 0.19725799560546875, 0.36128655076026917, 0.2611285448074341]}, "val": {"suff_simple_L1": [0.5851999999999999, 0.5992, 0.7066, 0.9151], "suff_simple_L1_std": [0.2379280563531758, 0.24008365208818366, 0.2815468699879294, 0.25470000000000004], "suff_simple_KL": [0.5587, 0.5711, 0.6883999999999999, 0.9027000000000001], "suff_simple_KL_std": [0.27442013410098026, 0.27595668138314755, 0.3144242993154314, 0.29190000000000005], "suff_simple_acc_int": [3.9682540227659045e-05, 0.05, -0.2, -0.9], "suff_simple_acc_int_std": [0.00011904762068297709, 0.15000000000000002, 0.4000000000000001, 0.3], "nec_L1": [0.36479999999999996, 0.37459999999999993, 0.3883, 0.3952], "nec_L1_std": [0.18759626861960768, 0.19936258425291342, 0.20683667469769476, 0.20747664928854043], "nec_KL": [0.38839999999999997, 0.39859999999999995, 0.41319999999999996, 0.4205], "nec_KL_std": [0.2196748506315641, 0.2318948899825091, 0.23878601299071098, 0.23891724508708032], "nec_acc_int": [0.06420634910464287, 0.052023809409001844, 0.03369047595188022, 0.024166665971279144], "nec_acc_int_std": [0.0726528224358324, 0.07204811606555116, 0.07197223467615457, 0.07249999791383743], "faith_aritm_L1": [0.47499996423721313, 0.4869000017642975, 0.5474499464035034, 0.6551499962806702], "faith_aritm_L1_std": [0.029423628002405167, 0.039611104875802994, 0.12085392326116562, 0.12663352489471436], "faith_armon_L1": [0.35651642084121704, 0.3639398217201233, 0.4119527339935303, 0.47866207361221313], "faith_armon_L1_std": [0.11251229792833328, 0.12076590955257416, 0.18190288543701172, 0.22269243001937866], "faith_gmean_L1": [0.4056324362754822, 0.41523680090904236, 0.46866241097450256, 0.5528902411460876], "faith_gmean_L1_std": [0.06909216195344925, 0.08052325993776321, 0.15137575566768646, 0.18458795547485352], "faith_aritm_KL": [0.4735499918460846, 0.4848499894142151, 0.5507999658584595, 0.6615999937057495], "faith_aritm_KL_std": [0.031123509630560875, 0.039470914751291275, 0.13075250387191772, 0.13715626299381256], "faith_armon_KL": [0.328559547662735, 0.33512553572654724, 0.39406755566596985, 0.4691266119480133], "faith_armon_KL_std": [0.14036963880062103, 0.14742019772529602, 0.21917536854743958, 0.26420333981513977], "faith_gmean_KL": [0.3832239508628845, 0.392020046710968, 0.45381617546081543, 0.543920636177063], "faith_gmean_KL_std": [0.10145989805459976, 0.11005906760692596, 0.18641211092472076, 0.2240891307592392]}, "test": {"suff_simple_L1": [0.7855000000000001, 0.7940999999999999, 0.8227, 0.9794], "suff_simple_L1_std": [0.012947972814305733, 0.03256823605908063, 0.08940475378859894, 0.061799999999999994], "suff_simple_KL": [0.7489, 0.7598, 0.7948, 0.9757], "suff_simple_KL_std": [0.01660993678494896, 0.041551895263633884, 0.10307744661175887, 0.07289999999999999], "suff_simple_acc_int": [0.5964183866977691, 0.6068325161933898, 0.26052545607089994, -0.8406491637229919], "suff_simple_acc_int_std": [0.014454062803891896, 0.04071862704012124, 0.6312648139174936, 0.4780525088310241], "nec_L1": [0.08960000000000001, 0.0986, 0.12589999999999998, 0.15209999999999999], "nec_L1_std": [0.040455407549547684, 0.04486022737347639, 0.04080061274049692, 0.03099822575567834], "nec_KL": [0.10290000000000002, 0.11380000000000001, 0.14840000000000003, 0.18330000000000002], "nec_KL_std": [0.05190269742508573, 0.056698853603931, 0.051338484590022715, 0.03922766880659619], "nec_acc_int": [0.7486476898193359, 0.7370390951633453, 0.7017422974109649, 0.6685220777988434], "nec_acc_int_std": [0.04351051979491625, 0.05099436084863754, 0.05125417330029065, 0.03293601872544859], "faith_aritm_L1": [0.43754997849464417, 0.44635000824928284, 0.47429996728897095, 0.565750002861023], "faith_aritm_L1_std": [0.02452697604894638, 0.03457459434866905, 0.057475727051496506, 0.045964788645505905], "faith_armon_L1": [0.15816479921340942, 0.17235450446605682, 0.21617837250232697, 0.2625201344490051], "faith_armon_L1_std": [0.06183211877942085, 0.0693526491522789, 0.0640731230378151, 0.05033557116985321], "faith_gmean_L1": [0.2600392997264862, 0.2739192247390747, 0.3179965913295746, 0.3844583034515381], "faith_gmean_L1_std": [0.05532952398061752, 0.06419309973716736, 0.0650695413351059, 0.05471765622496605], "faith_aritm_KL": [0.42590004205703735, 0.4368000030517578, 0.4715999960899353, 0.5795000195503235], "faith_aritm_KL_std": [0.03198421373963356, 0.04428216814994812, 0.06915663927793503, 0.055586863309144974], "faith_armon_KL": [0.17674317955970764, 0.1933649182319641, 0.24701249599456787, 0.3075271248817444], "faith_armon_KL_std": [0.07507782429456711, 0.08356675505638123, 0.0773700401186943, 0.06159832328557968], "faith_gmean_KL": [0.2709816098213196, 0.28687310218811035, 0.33907946944236755, 0.42119207978248596], "faith_gmean_KL_std": [0.06474469602108002, 0.074968121945858, 0.07686617225408554, 0.06477842479944229]}}}}