{"GOODMotif basis": {"LECIGIN": {"id_val": {"wiou": [0.6922746666666667, 0.784292, 0.7856011333333333, 0.7854873333333334], "wiou_std": [0.03455809924235487, 0.030752516791674536, 0.025907485837623607, 0.025871265835972393], "F1": [0.7211167999999999, 0.6117564, 0.4739875333333334, 0.44482900000000003], "F1_std": [0.0170004316397489, 0.0050180442954512764, 0.0001775774760491818, 0.0]}, "test": {"wiou": [0.35763953333333337, 0.4954473999999999, 0.5068806666666668, 0.5039049999999999], "wiou_std": [0.06727250196017853, 0.0678993488404057, 0.05511965694619905, 0.05632475872414666], "F1": [0.47550893333333333, 0.6200982, 0.5872572, 0.5559176666666666], "F1_std": [0.05533643857929423, 0.047024093082683606, 0.005441017648279516, 0.0]}}}, "GOODMotif size": {"LECIGIN": {"id_val": {"wiou": [0.36198413333333335, 0.4159545333333333, 0.4150602, 0.4128850666666667], "wiou_std": [0.03207897718347291, 0.045695346912933435, 0.04290856183954172, 0.042269423226830145], "F1": [0.48000206666666667, 0.5337550666666667, 0.5121749333333334, 0.5029753333333333], "F1_std": [0.03401874058574186, 0.03294320490878539, 0.007893596294606293, 0.0]}, "test": {"wiou": [0.14682506666666667, 0.12211306666666669, 0.11297413333333335, 0.11396480000000002], "wiou_std": [0.09169429436784916, 0.08783119448942955, 0.08723161986461357, 0.0855846932653004], "F1": [0.17388960000000003, 0.131658, 0.111917, 0.11296600000000001], "F1_std": [0.045013959127462776, 0.019816166244312296, 0.006962799513605627, 0.0]}}}, "GOODMotif2 basis": {"LECIGIN": {"id_val": {"wiou": [0.6903349999999999, 0.7635205333333334, 0.7637037999999999, 0.7636732666666666], "wiou_std": [0.08303142450074083, 0.07435204251624682, 0.07429783757840237, 0.07432534167814721], "F1": [0.7140478666666666, 0.612855, 0.4770379333333333, 0.44780566666666666], "F1_std": [0.024555343382833963, 0.006371324080074171, 0.00026657468413598967, 0.0]}, "test": {"wiou": [0.8731526666666667, 0.8467818666666667, 0.8191322666666668, 0.8170663333333333], "wiou_std": [0.026672437509742287, 0.06720920915555811, 0.08740833238577557, 0.08885077661637708], "F1": [0.7662684000000001, 0.5588590666666666, 0.4256619333333333, 0.39358300000000007], "F1_std": [0.022320363989863656, 0.00785256588327094, 2.8533333333344287e-05, 0.0]}}}}