{
    "TopoFeature basis": {
        "repr_GSATGIN_3l_sumpool_0.0dp_mitig_backboneNone_mitig_samplingfeatnormnoneavgedgeattnmean/0.001lr_0.0wd/GSAT_1.0_True_10_0.5": {
            "id_val": {
                "suff_simple_L1": [
                    0.9616999999999999,
                    0.9644,
                    0.9623999999999999
                ],
                "suff_simple_L1_std": [
                    0.006341135544995082,
                    0.007158212067269319,
                    0.006590902821313638
                ],
                "suff_simple_KL": [
                    0.8992000000000001,
                    0.9095999999999999,
                    0.9048
                ],
                "suff_simple_KL_std": [
                    0.01646086267484179,
                    0.016261611236282843,
                    0.015269577597301126
                ],
                "suff_simple_acc_int": [
                    0.9776000022888184,
                    0.9790000081062317,
                    0.9771250009536743
                ],
                "suff_simple_acc_int_std": [
                    0.004424648747838007,
                    0.005270201505984043,
                    0.005073526057082874
                ],
                "nec_L1": [
                    0.0618,
                    0.0385,
                    0.024000000000000004
                ],
                "nec_L1_std": [
                    0.0363477647180676,
                    0.02280021929719098,
                    0.013221195104830727
                ],
                "nec_KL": [
                    0.1486,
                    0.1062,
                    0.0724
                ],
                "nec_KL_std": [
                    0.08123447543992637,
                    0.06127446450194404,
                    0.040785291466409794
                ],
                "nec_acc_int": [
                    0.9651000022888183,
                    0.981199997663498,
                    0.9896250009536743
                ],
                "nec_acc_int_std": [
                    0.023799732670570475,
                    0.01313335669975291,
                    0.00633664157969798
                ],
                "faith_aritm_L1": [
                    0.5117499232292175,
                    0.5014500021934509,
                    0.49320000410079956
                ],
                "faith_aritm_L1_std": [
                    0.019008219242095947,
                    0.013486014679074287,
                    0.00874413549900055
                ],
                "faith_armon_L1": [
                    0.1139402985572815,
                    0.0731181874871254,
                    0.046503469347953796
                ],
                "faith_armon_L1_std": [
                    0.06221688538789749,
                    0.04138050973415375,
                    0.024890560656785965
                ],
                "faith_gmean_L1": [
                    0.23403432965278625,
                    0.18458610773086548,
                    0.14657428860664368
                ],
                "faith_gmean_L1_std": [
                    0.06857793033123016,
                    0.05599614232778549,
                    0.040710847824811935
                ],
                "faith_aritm_KL": [
                    0.523900032043457,
                    0.5078999996185303,
                    0.488599956035614
                ],
                "faith_aritm_KL_std": [
                    0.0425850972533226,
                    0.03494982793927193,
                    0.02600269392132759
                ],
                "faith_armon_KL": [
                    0.24632194638252258,
                    0.18467047810554504,
                    0.13135026395320892
                ],
                "faith_armon_KL_std": [
                    0.11414835602045059,
                    0.09501707553863525,
                    0.06843574345111847
                ],
                "faith_gmean_KL": [
                    0.35249799489974976,
                    0.2981308102607727,
                    0.2461787760257721
                ],
                "faith_gmean_KL_std": [
                    0.09776654094457626,
                    0.09028301388025284,
                    0.07285279035568237
                ]
            }
        }
    }
}