{"TopoFeature basis": {"repr_GiSSTGIN_3l_sumpool_0.0dp_mitig_backboneNone_mitig_samplingfeatavgedgeattnmean/0.001lr_0.0wd/GiSST_no_param_True_0.1_0.01_0.01_0.01": {"id_val": {"suff_simple_L1": [0.142, 0.142, 1.0, 1.0], "suff_simple_L1_std": [0.0, 0.0, 0.0, 0.0], "suff_simple_KL": [0.016, 0.016, 1.0, 1.0], "suff_simple_KL_std": [0.0, 0.0, 0.0, 0.0], "suff_simple_acc_int": [0.0024999999441206455, 0.0], "suff_simple_acc_int_std": [0.0, 0.0], "nec_L1": [0.606, 0.804, 0.848, 0.848], "nec_L1_std": [0.0, 0.0, 0.0, 0.0], "nec_KL": [0.708, 0.938, 0.983, 0.983], "nec_KL_std": [0.0, 0.0, 0.0, 0.0], "nec_acc_int": [0.3050000071525574, 0.07625000178813934, 0.03375000134110451, 0.03375000134110451], "nec_acc_int_std": [0.0, 0.0, 0.0, 0.0], "faith_aritm_L1": [0.37400001287460327, 0.47300001978874207, 0.9240000247955322, 0.9240000247955322], "faith_aritm_L1_std": [0.0, 0.0, 0.0, 0.0], "faith_armon_L1": [0.230085551738739, 0.24136997759342194, 0.9177488684654236, 0.9177488684654236], "faith_armon_L1_std": [0.0, 0.0, 0.0, 0.0], "faith_gmean_L1": [0.29334619641304016, 0.33788755536079407, 0.9208691716194153, 0.9208691716194153], "faith_gmean_L1_std": [0.0, 0.0, 0.0, 0.0], "faith_aritm_KL": [0.3619999885559082, 0.47699999809265137, 0.9915000200271606, 0.9915000200271606], "faith_aritm_KL_std": [0.0, 0.0, 0.0, 0.0], "faith_armon_KL": [0.03129281848669052, 0.03146331384778023, 0.9914270639419556, 0.9914270639419556], "faith_armon_KL_std": [0.0, 0.0, 0.0, 0.0], "faith_gmean_KL": [0.10643307864665985, 0.12250714004039764, 0.9914635419845581, 0.9914635419845581], "faith_gmean_KL_std": [0.0, 0.0, 0.0, 0.0]}, "val": {"suff_simple_L1": [0.341, 0.341, 1.0, 1.0], "suff_simple_L1_std": [0.0, 0.0, 0.0, 0.0], "suff_simple_KL": [0.268, 0.268, 1.0, 1.0], "suff_simple_KL_std": [0.0, 0.0, 0.0, 0.0], "suff_simple_acc_int": [0.0, 0.0], "suff_simple_acc_int_std": [0.0, 0.0], "nec_L1": [0.603, 0.617, 0.659, 0.659], "nec_L1_std": [0.0, 0.0, 0.0, 0.0], "nec_KL": [0.675, 0.691, 0.732, 0.732], "nec_KL_std": [0.0, 0.0, 0.0, 0.0], "nec_acc_int": [0.07000000029802322, 0.05000000074505806, 0.0, 0.0], "nec_acc_int_std": [0.0, 0.0, 0.0, 0.0], "faith_aritm_L1": [0.47200000286102295, 0.4789999723434448, 0.8294999599456787, 0.8294999599456787], "faith_aritm_L1_std": [0.0, 0.0, 0.0, 0.0], "faith_armon_L1": [0.43564191460609436, 0.4392421841621399, 0.7944545149803162, 0.7944545149803162], "faith_armon_L1_std": [0.0, 0.0, 0.0, 0.0], "faith_gmean_L1": [0.45345669984817505, 0.4586905241012573, 0.8117881417274475, 0.8117881417274475], "faith_gmean_L1_std": [0.0, 0.0, 0.0, 0.0], "faith_aritm_KL": [0.4715000092983246, 0.4794999957084656, 0.8659999966621399, 0.8659999966621399], "faith_aritm_KL_std": [0.0, 0.0, 0.0, 0.0], "faith_armon_KL": [0.3836691379547119, 0.3862106204032898, 0.8452655673027039, 0.8452655673027039], "faith_armon_KL_std": [0.0, 0.0, 0.0, 0.0], "faith_gmean_KL": [0.42532339692115784, 0.43033474683761597, 0.8555700182914734, 0.8555700182914734], "faith_gmean_KL_std": [0.0, 0.0, 0.0, 0.0]}, "test": {"suff_simple_L1": [0.725, 0.722, 1.0, 1.0], "suff_simple_L1_std": [0.0, 0.0, 0.0, 0.0], "suff_simple_KL": [0.668, 0.662, 1.0, 1.0], "suff_simple_KL_std": [0.0, 0.0, 0.0, 0.0], "suff_simple_acc_int": [0.5824999809265137, 0.5774999856948853], "suff_simple_acc_int_std": [0.0, 0.0], "nec_L1": [0.059, 0.08, 0.205, 0.205], "nec_L1_std": [0.0, 0.0, 0.0, 0.0], "nec_KL": [0.086, 0.114, 0.258, 0.258], "nec_KL_std": [0.0, 0.0, 0.0, 0.0], "nec_acc_int": [0.8500000238418579, 0.8299999833106995, 0.6650000214576721, 0.6650000214576721], "nec_acc_int_std": [0.0, 0.0, 0.0, 0.0], "faith_aritm_L1": [0.3920000195503235, 0.4009999930858612, 0.6025000214576721, 0.6025000214576721], "faith_aritm_L1_std": [0.0, 0.0, 0.0, 0.0], "faith_armon_L1": [0.10911989957094193, 0.14403989911079407, 0.3402489423751831, 0.3402489423751831], "faith_armon_L1_std": [0.0, 0.0, 0.0, 0.0], "faith_gmean_L1": [0.20682117342948914, 0.24033309519290924, 0.4527692496776581, 0.4527692496776581], "faith_gmean_L1_std": [0.0, 0.0, 0.0, 0.0], "faith_aritm_KL": [0.37700000405311584, 0.3880000114440918, 0.6290000081062317, 0.6290000081062317], "faith_aritm_KL_std": [0.0, 0.0, 0.0, 0.0], "faith_armon_KL": [0.15238195657730103, 0.19450515508651733, 0.4101748466491699, 0.4101748466491699], "faith_armon_KL_std": [0.0, 0.0, 0.0, 0.0], "faith_gmean_KL": [0.2396831214427948, 0.2747144103050232, 0.5079370141029358, 0.5079370141029358], "faith_gmean_KL_std": [0.0, 0.0, 0.0, 0.0]}}}}