{
    "TopoFeature basis": {
        "repr_GSATGIN_3l_sumpool_0.0dp_mitig_backboneNone_mitig_samplingfeatnormnoneavgedgeattnmean/0.001lr_0.0wd/GSAT_1.0_True_10_0.5": {
            "id_val": {
                "suff_simple_L1": [
                    0.5586,
                    0.5578,
                    0.5386
                ],
                "suff_simple_L1_std": [
                    0.015213152204589261,
                    0.01762838619953622,
                    0.02097236276626932
                ],
                "suff_simple_KL": [
                    0.33390000000000003,
                    0.3322,
                    0.3151
                ],
                "suff_simple_KL_std": [
                    0.01845237112134914,
                    0.017599999999999998,
                    0.017253695256379143
                ],
                "suff_simple_acc_int": [
                    0.5799000084400177,
                    0.5805500030517579,
                    0.5564249992370606
                ],
                "suff_simple_acc_int_std": [
                    0.022256242035309508,
                    0.027829343861660544,
                    0.03150695494310184
                ],
                "nec_L1": [
                    0.4266,
                    0.47309999999999997,
                    0.45729999999999993
                ],
                "nec_L1_std": [
                    0.03201936913807016,
                    0.018052423659996458,
                    0.03862913408296904
                ],
                "nec_KL": [
                    0.5204,
                    0.5657,
                    0.6251
                ],
                "nec_KL_std": [
                    0.03351775648816609,
                    0.02176717712520388,
                    0.028630228780084865
                ],
                "nec_acc_int": [
                    0.525600004196167,
                    0.4672500014305115,
                    0.536899995803833
                ],
                "nec_acc_int_std": [
                    0.04017760060551362,
                    0.020890496675703883,
                    0.053802205392088485
                ],
                "faith_aritm_L1": [
                    0.49260005354881287,
                    0.5154500007629395,
                    0.4979499876499176
                ],
                "faith_aritm_L1_std": [
                    0.017588071525096893,
                    0.011290387250483036,
                    0.023172659799456596
                ],
                "faith_armon_L1": [
                    0.4829963743686676,
                    0.5116041898727417,
                    0.4936991333961487
                ],
                "faith_armon_L1_std": [
                    0.021021751686930656,
                    0.01127525232732296,
                    0.024821903556585312
                ],
                "faith_gmean_L1": [
                    0.48776835203170776,
                    0.5135225653648376,
                    0.4958176016807556
                ],
                "faith_gmean_L1_std": [
                    0.019264785572886467,
                    0.01124140527099371,
                    0.023971108719706535
                ],
                "faith_aritm_KL": [
                    0.4271499514579773,
                    0.44894999265670776,
                    0.4701000154018402
                ],
                "faith_aritm_KL_std": [
                    0.017145048826932907,
                    0.013278643600642681,
                    0.011044908314943314
                ],
                "faith_armon_KL": [
                    0.40593868494033813,
                    0.4181389808654785,
                    0.4182436466217041
                ],
                "faith_armon_KL_std": [
                    0.015002149157226086,
                    0.01436570379883051,
                    0.012141217477619648
                ],
                "faith_gmean_KL": [
                    0.416387140750885,
                    0.4332537055015564,
                    0.4433593153953552
                ],
                "faith_gmean_KL_std": [
                    0.015468547120690346,
                    0.013327449560165405,
                    0.009318369440734386
                ]
            }
        }
    }
}