{"GOODMotif basis": {"repr_GSATGIN_3l_meanpool_0.5dp_mitig_backboneNone_mitig_samplingfeatavgedgeattnmean/0.001lr_0.0wd/GSAT_1_True_20_0.7": {"id_val": {"suff_simple_L1": [0.5699, 0.6293000000000001, 0.8421], "suff_simple_L1_std": [0.01254153100701822, 0.012578155667664487, 0.02153810576629244], "suff_simple_KL": [0.5733000000000001, 0.6434999999999998, 0.9003], "suff_simple_KL_std": [0.029980160106310296, 0.01924707770026402, 0.0166135486877428], "suff_simple_acc_int": [0.6241708338260651, 0.6753833293914795, 0.8794419050216675], "suff_simple_acc_int_std": [0.02354482516469455, 0.019945856325308348, 0.010094781290901463], "nec_L1": [0.7146999999999999, 0.6302000000000001, 0.5595000000000001], "nec_L1_std": [0.006100000000000006, 0.007054076835419366, 0.009243916918709266], "nec_KL": [0.7905, 0.6946000000000001, 0.6134999999999999], "nec_KL_std": [0.012753430910935313, 0.01940206174611346, 0.02481632527188506], "nec_acc_int": [0.245408333837986, 0.40049999952316284, 0.5051041692495346], "nec_acc_int_std": [0.015776761764022967, 0.015567699655949311, 0.015480516199210283], "faith_aritm_L1": [0.642300009727478, 0.6297498941421509, 0.7008000016212463], "faith_aritm_L1_std": [0.007287660613656044, 0.007280970457941294, 0.012925157323479652], "faith_armon_L1": [0.6340581178665161, 0.6296681761741638, 0.6721988916397095], "faith_armon_L1_std": [0.00844566524028778, 0.007337648421525955, 0.011024072766304016], "faith_gmean_L1": [0.6381651759147644, 0.6297090649604797, 0.6863482594490051], "faith_gmean_L1_std": [0.007852142676711082, 0.007309109903872013, 0.011852478608489037], "faith_aritm_KL": [0.6819000244140625, 0.6690499782562256, 0.7569000124931335], "faith_aritm_KL_std": [0.013468122109770775, 0.010776011273264885, 0.01609783060848713], "faith_armon_KL": [0.6639829874038696, 0.6676893830299377, 0.7294343113899231], "faith_armon_KL_std": [0.019534341990947723, 0.010860412381589413, 0.01909823715686798], "faith_gmean_KL": [0.6728708148002625, 0.6683691143989563, 0.7430347204208374], "faith_gmean_KL_std": [0.01644987054169178, 0.010801824741065502, 0.01748591847717762]}, "val": {"suff_simple_L1": [0.5164, 0.5233000000000001, 0.9798], "suff_simple_L1_std": [0.053314538354936554, 0.07931462664603546, 0.025415743152620972], "suff_simple_KL": [0.5537000000000001, 0.5556000000000001, 0.9968000000000001], "suff_simple_KL_std": [0.07066264925687404, 0.10059840953017102, 0.0048948953002081715], "suff_simple_acc_int": [0.5918541669845581, 0.6038000017404557, 0.12302883863449096], "suff_simple_acc_int_std": [0.04893737781623989, 0.04181685365555728, 0.9223188300746836], "nec_L1": [0.45550000000000007, 0.35450000000000004, 0.3105], "nec_L1_std": [0.08838919617238296, 0.05213492111819102, 0.04245998115873346], "nec_KL": [0.37120000000000003, 0.26769999999999994, 0.2173], "nec_KL_std": [0.08587875173755148, 0.05130506797578579, 0.041211770163389005], "nec_acc_int": [0.31861249804496766, 0.4820000022649765, 0.5562124997377396], "nec_acc_int_std": [0.01527210462600407, 0.05687342463285972, 0.0666124850849038], "faith_aritm_L1": [0.4859499931335449, 0.43890005350112915, 0.6451500058174133], "faith_aritm_L1_std": [0.056562554091215134, 0.04991031065583229, 0.019732024520635605], "faith_armon_L1": [0.47903209924697876, 0.4186018109321594, 0.46959415078163147], "faith_armon_L1_std": [0.06297829002141953, 0.04862497001886368, 0.04903955012559891], "faith_gmean_L1": [0.48242759704589844, 0.42852964997291565, 0.5499473810195923], "faith_gmean_L1_std": [0.05962270498275757, 0.048475366085767746, 0.03660636767745018], "faith_aritm_KL": [0.46244996786117554, 0.41165000200271606, 0.6070500016212463], "faith_aritm_KL_std": [0.07349777221679688, 0.07198438793420792, 0.018930727615952492], "faith_armon_KL": [0.4415587782859802, 0.3599211573600769, 0.3548669219017029], "faith_armon_KL_std": [0.0823763981461525, 0.06552405655384064, 0.05493394285440445], "faith_gmean_KL": [0.4517667293548584, 0.38479703664779663, 0.46323052048683167], "faith_gmean_KL_std": [0.07784534990787506, 0.06821124255657196, 0.04333203658461571]}}, "repr_SMGNNGIN_3l_meanpool_0.5dp_mitig_backboneNone_mitig_samplingfeatgchannelsimple_concept2temperatureavgedgeattnmean/0.005lr_0.0wd/SMGNN_0.001_True_10_0.01": {"id_val": {"suff_simple_L1": [0.35609999999999997, 0.36689999999999995, 0.3768000000000001], "suff_simple_L1_std": [0.008525843066817498, 0.02476065427245412, 0.019888690253508406], "suff_simple_KL": [0.23320000000000002, 0.2694, 0.31009999999999993], "suff_simple_KL_std": [0.00893084542470644, 0.041330860141061666, 0.023968521022374328], "suff_simple_acc_int": [0.3522000014781952, 0.33034166395664216, 0.2762439474463463], "suff_simple_acc_int_std": [0.014864104144179198, 0.04126053402301988, 0.030447880943628262], "nec_L1": [0.2406, 0.33999999999999997, 0.5004], "nec_L1_std": [0.0523434809694579, 0.03416138170507746, 0.017816845961056087], "nec_KL": [0.2897, 0.4149999999999999, 0.6205999999999999], "nec_KL_std": [0.05824611575032279, 0.037507332616436476, 0.019708881246788226], "nec_acc_int": [0.7411583304405213, 0.6530958354473114, 0.5228833347558975], "nec_acc_int_std": [0.048307295476087114, 0.03463346391232828, 0.01941850025964863], "faith_aritm_L1": [0.2983500361442566, 0.3534500002861023, 0.43860000371932983], "faith_aritm_L1_std": [0.02692401595413685, 0.023477066308259964, 0.011119346134364605], "faith_armon_L1": [0.2841799855232239, 0.3520020842552185, 0.4293454587459564], "faith_armon_L1_std": [0.03508046641945839, 0.023154782131314278, 0.012590691447257996], "faith_gmean_L1": [0.2911332845687866, 0.35272499918937683, 0.4339417815208435], "faith_gmean_L1_std": [0.031026029959321022, 0.02331070974469185, 0.011663139797747135], "faith_aritm_KL": [0.26144999265670776, 0.34219998121261597, 0.46535006165504456], "faith_aritm_KL_std": [0.028378203511238098, 0.03033001720905304, 0.014934947714209557], "faith_armon_KL": [0.2557321786880493, 0.3248346745967865, 0.41288289427757263], "faith_armon_KL_std": [0.020283253863453865, 0.03225618600845337, 0.02141648530960083], "faith_gmean_KL": [0.2585466504096985, 0.3333626985549927, 0.43828660249710083], "faith_gmean_KL_std": [0.024209968745708466, 0.030864201486110687, 0.017820799723267555]}, "val": {"suff_simple_L1": [0.3764, 0.42330000000000007, 0.39280000000000004], "suff_simple_L1_std": [0.0467337137407247, 0.05606433804121833, 0.12973804376511927], "suff_simple_KL": [0.2765000000000001, 0.33799999999999997, 0.34199999999999997], "suff_simple_KL_std": [0.049254948989923844, 0.06518128565777144, 0.15528167953754235], "suff_simple_acc_int": [0.28254583328962324, 0.3227999985218048, 0.18130132779479027], "suff_simple_acc_int_std": [0.02728083080370796, 0.04289163876495416, 0.09193091098510096], "nec_L1": [0.15499999999999997, 0.21139999999999998, 0.40869999999999995], "nec_L1_std": [0.1269661372177637, 0.10826098096729034, 0.05857140940766237], "nec_KL": [0.15710000000000002, 0.2395, 0.5103], "nec_KL_std": [0.13935957089486176, 0.11402653200023229, 0.06289364037802232], "nec_acc_int": [0.7722666561603546, 0.7318333327770233, 0.5844208359718323], "nec_acc_int_std": [0.06974911371705789, 0.058713901175490545, 0.037335993858753254], "faith_aritm_L1": [0.26569998264312744, 0.31735000014305115, 0.4007500112056732], "faith_aritm_L1_std": [0.06620506197214127, 0.06470125913619995, 0.0744205117225647], "faith_armon_L1": [0.1929914653301239, 0.2681671977043152, 0.38764509558677673], "faith_armon_L1_std": [0.10819924622774124, 0.08842359483242035, 0.08301228284835815], "faith_gmean_L1": [0.22322842478752136, 0.2908821105957031, 0.3940642476081848], "faith_gmean_L1_std": [0.09013912826776505, 0.07624898105859756, 0.07871656119823456], "faith_aritm_KL": [0.2168000042438507, 0.2887499928474426, 0.42614999413490295], "faith_aritm_KL_std": [0.06878487765789032, 0.06670692563056946, 0.0862426906824112], "faith_armon_KL": [0.16625164449214935, 0.2650045156478882, 0.3866448402404785], "faith_armon_KL_std": [0.09481089562177658, 0.07427816838026047, 0.12721644341945648],