{"TopoFeature basis": {"repr_GSATGIN_3l_sumpool_0.0dp_mitig_backboneNone_mitig_samplingfeatnormnoneavgedgeattnmean/0.001lr_0.0wd/GSAT_1.0_True_10_0.5": {"id_val": {"suff_simple_L1": [0.9440999999999999, 0.9425999999999999, 0.9395999999999999, 0.9400000000000001], "suff_simple_L1_std": [0.013917255476565736, 0.012068139873236445, 0.014568459081179421, 0.015861904047118656], "suff_simple_KL": [0.8333999999999999, 0.8246, 0.8141, 0.8172], "suff_simple_KL_std": [0.040052964933947145, 0.038683846758046175, 0.04129757862151242, 0.04793286972422995], "suff_simple_acc_int": [0.967779815196991, 0.9676443338394165, 0.9660198092460632, 0.9655685424804688], "suff_simple_acc_int_std": [0.008370187133550644, 0.007069303188472986, 0.008454539813101292, 0.00888439454138279], "nec_L1": [0.0137, 0.007300000000000001, 0.007300000000000001, 0.007300000000000001], "nec_L1_std": [0.0027586228448267447, 0.0041, 0.004124318125460255, 0.003848376280978771], "nec_KL": [0.0433, 0.013500000000000002, 0.013000000000000001, 0.0129], "nec_KL_std": [0.010854031509075325, 0.006312685640834652, 0.006115553940568262, 0.006040695324215583], "nec_acc_int": [0.9930053949356079, 0.9947654008865356, 0.9947201013565063, 0.9947201013565063], "nec_acc_int_std": [0.0016914877342060208, 0.003738687140867114, 0.003871674183756113, 0.003871674183756113], "faith_aritm_L1": [0.4789000153541565, 0.47495001554489136, 0.4734500050544739, 0.4736499786376953], "faith_aritm_L1_std": [0.006187889724969864, 0.006121484562754631, 0.006886399816721678, 0.007563235238194466], "faith_armon_L1": [0.026991117745637894, 0.014452660456299782, 0.014451295137405396, 0.014455942437052727], "faith_armon_L1_std": [0.005349827464669943, 0.008061215281486511, 0.008103538304567337, 0.007557616103440523], "faith_gmean_L1": [0.11311227083206177, 0.07913129776716232, 0.07902107387781143, 0.07987765967845917], "faith_gmean_L1_std": [0.010757106356322765, 0.02475755661725998, 0.024392014369368553, 0.021511860191822052], "faith_aritm_KL": [0.43835002183914185, 0.4190499782562256, 0.4135499894618988, 0.41505002975463867], "faith_aritm_KL_std": [0.016235847026109695, 0.018351366743445396, 0.01940290257334709, 0.022856568917632103], "faith_armon_KL": [0.08199883997440338, 0.026463273912668228, 0.025491010397672653, 0.025301283225417137], "faith_armon_KL_std": [0.019369905814528465, 0.012190211564302444, 0.011809741146862507, 0.011662312783300877], "faith_gmean_KL": [0.1879998743534088, 0.10204243659973145, 0.09925495833158493, 0.09920432418584824], "faith_gmean_KL_std": [0.02021022140979767, 0.024996858090162277, 0.024763936176896095, 0.024045834317803383]}, "val": {"suff_simple_L1": [0.7508999999999999, 0.7487000000000001, 0.7505999999999999, 0.7507999999999999], "suff_simple_L1_std": [0.0646319580393477, 0.06393129124302123, 0.06480154319150125, 0.0649242635691773], "suff_simple_KL": [0.6558999999999999, 0.6497999999999999, 0.6555000000000001, 0.6557999999999999], "suff_simple_KL_std": [0.09417266057619908, 0.09354870389267829, 0.09393854374004315, 0.09495662167537344], "suff_simple_acc_int": [0.5079163312911987, 0.5082936882972717, 0.5086706280708313, 0.5091220140457153], "suff_simple_acc_int_std": [0.15902170538902283, 0.15799908339977264, 0.15951251983642578, 0.15882648527622223], "nec_L1": [0.15089999999999998, 0.0335, 0.0328, 0.0328], "nec_L1_std": [0.036095567594927776, 0.00680073525436772, 0.00663023378170031, 0.00663023378170031], "nec_KL": [0.1703, 0.0144, 0.014099999999999998, 0.014099999999999998], "nec_KL_std": [0.04732451795845363, 0.003611094017053558, 0.0033301651610693427, 0.0033301651610693427], "nec_acc_int": [0.5729414820671082, 0.6175397038459778, 0.6176984310150146, 0.6176984310150146], "nec_acc_int_std": [0.15561306476593018, 0.16077890992164612, 0.1607893407344818, 0.1607893407344818], "faith_aritm_L1": [0.45089998841285706, 0.3910999894142151, 0.39170002937316895, 0.3917999863624573], "faith_aritm_L1_std": [0.015186838805675507, 0.028876284137368202, 0.029491689056158066, 0.029568735510110855], "faith_armon_L1": [0.24746422469615936, 0.06390009820461273, 0.06263653934001923, 0.06263730674982071], "faith_armon_L1_std": [0.04259657859802246, 0.012041961774230003, 0.011802366003394127, 0.011803152970969677], "faith_gmean_L1": [0.33241528272628784, 0.1568184792995453, 0.1553775817155838, 0.15539933741092682], "faith_gmean_L1_std": [0.023066943511366844, 0.00950610265135765, 0.009767535142600536, 0.009815573692321777], "faith_aritm_KL": [0.413100004196167, 0.332099974155426, 0.33480000495910645, 0.3349500000476837], "faith_aritm_KL_std": [0.024067407473921776, 0.04512692987918854, 0.04542037472128868, 0.045936618000268936], "faith_armon_KL": [0.26194292306900024, 0.028064902871847153, 0.027508888393640518, 0.027507927268743515], "faith_armon_KL_std": [0.04358379542827606, 0.00669780233874917, 0.006193606182932854, 0.006190710235387087], "faith_gmean_KL": [0.3269664943218231, 0.09493528306484222, 0.09446451812982559, 0.09447365999221802], "faith_gmean_KL_std": [0.019927561283111572, 0.005923772696405649, 0.00522067304700613, 0.005284655839204788]}, "test": {"suff_simple_L1": [0.818, 0.7955, 0.794, 0.794], "suff_simple_L1_std": [0.025455844122715687, 0.0263941281348712, 0.024694128856876076, 0.02458454799259079], "suff_simple_KL": [0.7021, 0.6628000000000001, 0.6588, 0.6577999999999999], "suff_simple_KL_std": [0.03992605665477119, 0.03945326348985593, 0.03570658202628753, 0.03321987356989788], "suff_simple_acc_int": [0.6795639395713806, 0.6572225093841553, 0.6556523442268372, 0.6565792560577393], "suff_simple_acc_int_std": [0.08978521823883057, 0.09237832576036453, 0.09221266955137253, 0.09219023585319519], "nec_L1": [0.1299, 0.04769999999999999, 0.040400000000000005, 0.0398], "nec_L1_std": [0.015546382215808278, 0.00751065909225016, 0.004943682837723309, 0.004955804677345545], "nec_KL": [0.20759999999999995, 0.0505, 0.04209999999999999, 0.041], "nec_KL_std": [0.02377057003944163, 0.008381527307120107, 0.005356304696336832, 0.005347896782848375], "nec_acc_int": [0.7071768641471863, 0.7519804239273071, 0.7566450238227844, 0.7569692730903625], "nec_acc_int_std": [0.08768318593502045, 0.08854430913925171, 0.08686788380146027, 0.08701774477958679], "faith_aritm_L1": [0.47394996881484985, 0.42160001397132874, 0.4171999990940094, 0.41689997911453247], "faith_aritm_L1_std": [0.005605574697256088, 0.010832360945641994, 0.011329608969390392, 0.011237883940339088], "faith_armon_L1": [0.22359618544578552, 0.08983972668647766, 0.07681741565465927, 0.07573001086711884], "faith_armon_L1_std": [0.02172020636498928, 0.01318968553096056, 0.008915478363633156, 0.008951748721301556], "faith_gmean_L1": [0.3250839114189148, 0.1939857006072998, 0.17864854633808136, 0.17730198800563812], "faith_gmean_L1_std": [0.01402270793914795, 0.013154858723282814, 0.01009449828416109, 0.010163775645196438], "faith_aritm_KL": [0.4548500180244446, 0.3566499948501587, 0.3504500389099121, 0.34939998388290405], "faith_aritm_KL_std": [0.00957615114748478, 0.01780596375465393, 0.017151454463601112, 0.01580790989100933], "faith_armon_KL": [0.31881529092788696, 0.09358441829681396, 0.07903368771076202, 0.07708128541707993], "faith_armon_KL_std": [0.023632118478417397, 0.014075156301259995, 0.009339523501694202, 0.009351842105388641], "faith_gmean_KL": [0.38042590022087097, 0.18202225863933563, 0.16604748368263245, 0.1637229025363922], "faith_gmean_KL_std": [0.011659388430416584, 0.012649058364331722, 0.010011798702180386, 0.009915039874613285]}}}}