{"TopoFeature basis": {"repr_GSATGIN_3l_sumpool_0.0dp_mitig_backboneNone_mitig_samplingfeatnormnoneavgedgeattnmean/0.001lr_0.0wd/GSAT_1.0_True_10_0.5": {"id_val": {"suff_simple_L1": [0.7487, 0.7471, 0.7373999999999999], "suff_simple_L1_std": [0.01145469336123845, 0.016831220989577685, 0.017373543104387216], "suff_simple_KL": [0.5517000000000001, 0.5531, 0.5445], "suff_simple_KL_std": [0.022244325119005055, 0.025808719456803724, 0.028008034561532506], "suff_simple_acc_int": [0.7890500068664551, 0.7847499966621398, 0.7719749927520752], "suff_simple_acc_int_std": [0.01195397027871402, 0.01719120285098338, 0.018473443480524668], "nec_L1": [0.42619999999999997, 0.4204, 0.3211], "nec_L1_std": [0.0322329024445519, 0.04092480910157065, 0.06141734282757599], "nec_KL": [0.5206000000000001, 0.5646000000000001, 0.5406], "nec_KL_std": [0.03363985731242034, 0.028355599094358756, 0.06320316447773798], "nec_acc_int": [0.5272750049829483, 0.5699749946594238, 0.7162749946117402], "nec_acc_int_std": [0.04129066112102274, 0.05543875949646144, 0.061940439660846024], "faith_aritm_L1": [0.5874500274658203, 0.5837499499320984, 0.5292500257492065], "faith_aritm_L1_std": [0.018524914979934692, 0.02700207568705082, 0.03724328428506851], "faith_armon_L1": [0.5425240397453308, 0.5371989607810974, 0.44452252984046936], "faith_armon_L1_std": [0.026988038793206215, 0.03619423508644104, 0.06101275980472565], "faith_gmean_L1": [0.564513087272644, 0.5599573850631714, 0.4847615361213684], "faith_gmean_L1_std": [0.022850986570119858, 0.031745266169309616, 0.050224993377923965], "faith_aritm_KL": [0.5361500382423401, 0.5588499903678894, 0.5425499677658081], "faith_aritm_KL_std": [0.02081110328435898, 0.020490296185016632, 0.03839625045657158], "faith_armon_KL": [0.5349756479263306, 0.5582467913627625, 0.540910005569458], "faith_armon_KL_std": [0.021198077127337456, 0.019957320764660835, 0.03768426552414894], "faith_gmean_KL": [0.53556227684021, 0.5585481524467468, 0.5417284369468689], "faith_gmean_KL_std": [0.02100091613829136, 0.020220113918185234, 0.0380263552069664]}}}}