{"TopoFeature basis": {"repr_GSATGIN_3l_sumpool_0.0dp_mitig_backboneNone_mitig_samplingfeatnormnoneavgedgeattnmean/0.001lr_0.0wd/GSAT_1.0_True_10_0.5": {"id_val": {"suff_simple_L1": [0.6493999999999999, 0.6228, 0.6172, 0.6194999999999998], "suff_simple_L1_std": [0.08497081852024257, 0.08426719409117643, 0.08348508848890321, 0.08626731710213317], "suff_simple_KL": [0.3362, 0.30529999999999996, 0.29829999999999995, 0.2987], "suff_simple_KL_std": [0.1303946317913433, 0.1306621980528416, 0.12509680251709074, 0.12926333586907002], "suff_simple_acc_int": [0.7056407928466797, 0.6802797913551331, 0.6745036244392395, 0.6789711713790894], "suff_simple_acc_int_std": [0.0766521468758583, 0.07745218276977539, 0.08128432929515839, 0.08197713643312454], "nec_L1": [0.16259999999999997, 0.0098, 0.007700000000000001, 0.007700000000000001], "nec_L1_std": [0.04340092164920003, 0.004643274706497559, 0.004290687590584986, 0.004290687590584986], "nec_KL": [0.3033, 0.0164, 0.0132, 0.0132], "nec_KL_std": [0.08126506014272063, 0.008126499861564017, 0.006095900261651269, 0.006095900261651269], "nec_acc_int": [0.8648465871810913, 0.9916966557502747, 0.9938627481460571, 0.9938627481460571], "nec_acc_int_std": [0.03645988553762436, 0.003971107769757509, 0.004286759067326784, 0.004286759067326784], "faith_aritm_L1": [0.4059999883174896, 0.31630000472068787, 0.31244999170303345, 0.31360000371932983], "faith_aritm_L1_std": [0.02269691601395607, 0.040934816002845764, 0.041627176105976105, 0.04297778382897377], "faith_armon_L1": [0.2534944713115692, 0.01919935643672943, 0.015144726261496544, 0.0151448342949152], "faith_armon_L1_std": [0.04766078665852547, 0.008937137201428413, 0.008319143205881119, 0.00831900630146265], "faith_gmean_L1": [0.31856268644332886, 0.07495208084583282, 0.06614915281534195, 0.06623708456754684], "faith_gmean_L1_std": [0.02426336333155632, 0.016603762283921242, 0.01866251975297928, 0.018621176481246948], "faith_aritm_KL": [0.31974998116493225, 0.16084998846054077, 0.15575000643730164, 0.15594998002052307], "faith_aritm_KL_std": [0.03042881190776825, 0.06222541257739067, 0.06130426004528999, 0.0633993074297905], "faith_armon_KL": [0.2848018407821655, 0.029482558369636536, 0.024518517777323723, 0.024486174806952477], "faith_armon_KL_std": [0.03971019759774208, 0.012901867739856243, 0.010487006045877934, 0.010480808094143867], "faith_gmean_KL": [0.3014904856681824, 0.06336191296577454, 0.05798794701695442, 0.05786069482564926], "faith_gmean_KL_std": [0.03348691761493683, 0.012917748652398586, 0.015754297375679016, 0.01615053042769432]}, "val": {"suff_simple_L1": [0.49350000000000005, 0.49300000000000005, 0.4928, 0.493], "suff_simple_L1_std": [0.10179415503848932, 0.10136370158986893, 0.10193017217683878, 0.10209505374894515], "suff_simple_KL": [0.3928, 0.3901, 0.38949999999999996, 0.3901], "suff_simple_KL_std": [0.1325223000102247, 0.13221834214661746, 0.13292798802359118, 0.13333600413991714], "suff_simple_acc_int": [0.17896130681037903, 0.18100199103355408, 0.18139879405498505, 0.18153274059295654], "suff_simple_acc_int_std": [0.1334092915058136, 0.1354040801525116, 0.13501423597335815, 0.13509924709796906], "nec_L1": [0.36529999999999996, 0.0335, 0.0328, 0.0328], "nec_L1_std": [0.10120578046732312, 0.00680073525436772, 0.00663023378170031, 0.00663023378170031], "nec_KL": [0.44000000000000006, 0.0144, 0.014099999999999998, 0.014099999999999998], "nec_KL_std": [0.127129068273153, 0.003611094017053558, 0.0033301651610693427, 0.0033301651610693427], "nec_acc_int": [0.35846230387687683, 0.6175397038459778, 0.6176984310150146, 0.6176984310150146], "nec_acc_int_std": [0.15888911485671997, 0.16077890992164612, 0.1607893407344818, 0.1607893407344818], "faith_aritm_L1": [0.4293999671936035, 0.2632500231266022, 0.2627999782562256, 0.2628999948501587], "faith_aritm_L1_std": [0.026043036952614784, 0.049534957855939865, 0.04998008534312248, 0.05006535351276398], "faith_armon_L1": [0.3982847332954407, 0.06222770735621452, 0.061034731566905975, 0.06103597208857536], "faith_armon_L1_std": [0.0240160021930933, 0.011157114058732986, 0.01100883912295103, 0.011009196750819683], "faith_gmean_L1": [0.4133569300174713, 0.12667624652385712, 0.12536892294883728, 0.12539319694042206], "faith_gmean_L1_std": [0.021581264212727547, 0.014684377238154411, 0.01502109132707119, 0.0150448027998209], "faith_aritm_KL": [0.4164000153541565, 0.20225000381469727, 0.20179998874664307, 0.2020999938249588], "faith_aritm_KL_std": [0.04049679636955261, 0.06512036174535751, 0.06546647846698761, 0.06567107141017914], "faith_armon_KL": [0.3795121908187866, 0.027456391602754593, 0.026911059394478798, 0.026911908760666847], "faith_armon_KL_std": [0.04806981235742569, 0.006318618077784777, 0.005812532734125853, 0.00581250200048089], "faith_gmean_KL": [0.39701589941978455, 0.07233261317014694, 0.07153583317995071, 0.07158500701189041], "faith_gmean_KL_std": [0.04035302996635437, 0.010926732793450356, 0.010287098586559296, 0.010324095375835896]}, "test": {"suff_simple_L1": [0.5922, 0.5483, 0.5461, 0.5462], "suff_simple_L1_std": [0.049164621426387486, 0.04170383675394866, 0.04014087692116353, 0.04058768286069062], "suff_simple_KL": [0.41790000000000005, 0.3463, 0.34249999999999997, 0.3413], "suff_simple_KL_std": [0.06343571549214212, 0.0491061095995193, 0.048491751875963406, 0.04743005376341039], "suff_simple_acc_int": [0.5050230622291565, 0.4626772999763489, 0.4613148272037506, 0.4616592526435852], "suff_simple_acc_int_std": [0.09918268024921417, 0.10784989595413208, 0.10929001122713089, 0.10908352583646774], "nec_L1": [0.2671, 0.04769999999999999, 0.040400000000000005, 0.0398], "nec_L1_std": [0.040185693971860184, 0.007810889834071404, 0.004943682837723309, 0.004955804677345545], "nec_KL": [0.35319999999999996, 0.0504, 0.04209999999999999, 0.041], "nec_KL_std": [0.049767057377345505, 0.008534635317340748, 0.005356304696336832, 0.005347896782848375], "nec_acc_int": [0.6004102826118469, 0.7518638372421265, 0.7566450238227844, 0.7569692730903625], "nec_acc_int_std": [0.10248379409313202, 0.0885830968618393, 0.08686788380146027, 0.08701774477958679], "faith_aritm_L1": [0.4296499788761139, 0.2980000078678131, 0.29325002431869507, 0.2930000126361847], "faith_aritm_L1_std": [0.013551848940551281, 0.01933002844452858, 0.019941477105021477, 0.020032469183206558], "faith_armon_L1": [0.3641795516014099, 0.08746790140867233, 0.07512153685092926, 0.07407666742801666], "faith_armon_L1_std": [0.029017889872193336, 0.01283178385347128, 0.008547497913241386, 0.008572560735046864], "faith_gmean_L1": [0.39523783326148987, 0.1608320027589798, 0.14810475707054138, 0.14698269963264465], "faith_gmean_L1_std": [0.01774735376238823, 0.011583023704588413, 0.010241055861115456, 0.010073903016746044], "faith_aritm_KL": [0.38555002212524414, 0.1983499825000763, 0.1923000067472458, 0.1911500096321106], "faith_aritm_KL_std": [0.023153237998485565, 0.02402503788471222, 0.024218998849391937, 0.02360619604587555], "faith_armon_KL": [0.3757549524307251, 0.08737955242395401, 0.07467533648014069, 0.07290202379226685], "faith_armon_KL_std": [0.025365548208355904, 0.012327671982347965, 0.008313166908919811, 0.008308468386530876], "faith_gmean_KL": [0.3805948793888092, 0.13114845752716064, 0.11949335038661957, 0.11769720166921616], "faith_gmean_KL_std": [0.02390725538134575, 0.012879394926130772, 0.011119152419269085, 0.010773468762636185]}}}}