{"MUTAG basis": {"repr_GSATGIN_3l_sumpool_0.3dp_mitig_backboneNone_mitig_samplingfeatnormnoneavgedgeattnmean/0.001lr_0.001wd/GSAT_1_True_10_0.5": {"id_val": {"suff_simple_L1": [0.8179000000000001, 0.8240000000000001, 0.9009], "suff_simple_L1_std": [0.011148542505637205, 0.008921883209278161, 0.0060572270883631285], "suff_simple_KL": [0.9434999999999999, 0.9457000000000001, 0.9780000000000001], "suff_simple_KL_std": [0.009069178573608502, 0.007887331614684374, 0.0039749213828703615], "suff_simple_acc_int": [0.7416281819343566, 0.7415415704250335, 0.7734022676944733], "suff_simple_acc_int_std": [0.018291237780718936, 0.018902959998826397, 0.01747950191014447], "nec_L1": [0.1233, 0.12309999999999999, 0.1251], "nec_L1_std": [0.00635688603012513, 0.007063285354564122, 0.00654904573201318], "nec_KL": [0.028099999999999997, 0.028100000000000003, 0.0294], "nec_KL_std": [0.004784349485562275, 0.004928488612140643, 0.004737087712930804], "nec_acc_int": [0.7612586557865143, 0.7626154780387878, 0.7637413382530213], "nec_acc_int_std": [0.01553481902096414, 0.013209633921323438, 0.011538828246537756], "faith_aritm_L1": [0.47060003876686096, 0.4735499918460846, 0.5130000710487366], "faith_aritm_L1_std": [0.0048518055118620396, 0.0032050712034106255, 0.0021794585045427084], "faith_armon_L1": [0.2142082005739212, 0.21409626305103302, 0.21961501240730286], "faith_armon_L1_std": [0.009368086233735085, 0.010468284599483013, 0.009934988804161549], "faith_gmean_L1": [0.3174251914024353, 0.3183176517486572, 0.3355735242366791], "faith_gmean_L1_std": [0.007283571641892195, 0.008005072362720966, 0.007919459603726864], "faith_aritm_KL": [0.48579996824264526, 0.4868999421596527, 0.5036999583244324], "faith_aritm_KL_std": [0.0033555945847183466, 0.0020347051322460175, 0.0012489958899095654], "faith_armon_KL": [0.05452656000852585, 0.054527074098587036, 0.05704020708799362], "faith_armon_KL_std": [0.008989108726382256, 0.00924623291939497, 0.00890351366251707], "faith_gmean_KL": [0.16220183670520782, 0.16236045956611633, 0.16900362074375153], "faith_gmean_KL_std": [0.013147879391908646, 0.013352066278457642, 0.013227831572294235]}}, "repr_GiSSTGIN_3l_sumpool_0.3dp_mitig_backboneNone_mitig_samplingfeatnormnoneavgedgeattnmean/0.001lr_0.001wd/GiSST_no_param_True_0.01_0.01_0.01_0.01": {"id_val": {"suff_simple_L1": [0.7842, 0.8003, 0.9007999999999999], "suff_simple_L1_std": [0.02236872817126624, 0.016888161534045067, 0.012757742747053661], "suff_simple_KL": [0.9268000000000001, 0.9362, 0.9822000000000001], "suff_simple_KL_std": [0.01579746815157414, 0.011461239025515485, 0.005134199061197379], "suff_simple_acc_int": [0.7020496547222137, 0.7113452672958374, 0.7420760273933411], "suff_simple_acc_int_std": [0.01723633802840509, 0.020564506969561473, 0.017187888277030352], "nec_L1": [0.1542, 0.15289999999999998, 0.1497], "nec_L1_std": [0.012097933707869291, 0.015365220467015762, 0.014149558296992878], "nec_KL": [0.037899999999999996, 0.0371, 0.0349], "nec_KL_std": [0.00702068372738724, 0.008607554821202129, 0.007475961476626267], "nec_acc_int": [0.7341223955154419, 0.7359411060810089, 0.7370958447456359], "nec_acc_int_std": [0.021396495937838995, 0.01791887903929727, 0.016480802401240946], "faith_aritm_L1": [0.4691999852657318, 0.4765999913215637, 0.5252499580383301], "faith_aritm_L1_std": [0.0055145262740552425, 0.003345142351463437, 0.006641716696321964], "faith_armon_L1": [0.25732189416885376, 0.25624901056289673, 0.256405234336853], "faith_armon_L1_std": [0.015705399215221405, 0.020968321710824966, 0.02044934406876564], "faith_gmean_L1": [0.34724751114845276, 0.3491682708263397, 0.3667397201061249], "faith_gmean_L1_std": [0.008959299884736538, 0.014460940845310688, 0.016076641157269478], "faith_aritm_KL": [0.48235002160072327, 0.4866499900817871, 0.5085500478744507], "faith_aritm_KL_std": [0.004816894419491291, 0.0023669570218771696, 0.0029786808881908655], "faith_armon_KL": [0.07271087169647217, 0.07121683657169342, 0.06729945540428162], "faith_armon_KL_std": [0.012930798344314098, 0.01590638980269432, 0.01391149777919054], "faith_gmean_KL": [0.18643076717853546, 0.18492160737514496, 0.1840442568063736], "faith_gmean_KL_std": [0.016317669302225113, 0.02110687829554081, 0.019573213532567024]}}, "repr_GiSSTGIN_3l_sumpool_0.3dp_mitig_backboneNone_mitig_samplingfeatgchannelsimple_concept2temperaturenormnoneavgedgeattnmean/0.001lr_0.001wd/GiSST_no_param_True_0.01_0.01_0.01_0.01": {"id_val": {"suff_simple_L1": [0.8068, 0.8265999999999998, 0.9183999999999999], "suff_simple_L1_std": [0.028826376810136903, 0.020160357139693715, 0.012475576139000567], "suff_simple_KL": [0.9189, 0.9321999999999999, 0.9804], "suff_simple_KL_std": [0.021992953416946962, 0.015438911878756189, 0.006590902821313638], "suff_simple_acc_int": [0.7126443445682525, 0.721160501241684, 0.759635066986084], "suff_simple_acc_int_std": [0.018161936138653606, 0.010662910453008165, 0.016075967165750212], "nec_L1": [0.1346, 0.1366, 0.1355], "nec_L1_std": [0.016716458955173492, 0.01935045219109879, 0.01861316738225926], "nec_KL": [0.0443, 0.045599999999999995, 0.0443], "nec_KL_std": [0.012033702672078948, 0.012650691680694775, 0.011841030360572512], "nec_acc_int": [0.7421189308166504, 0.7420034646987915, 0.7454099297523499], "nec_acc_int_std": [0.021941497507343845, 0.01982609461926687, 0.016304592015823672], "faith_aritm_L1": [0.4706999659538269, 0.48159998655319214, 0.5269500017166138], "faith_aritm_L1_std": [0.007865111343562603, 0.0044317059218883514, 0.004407100845128298], "faith_armon_L1": [0.23001618683338165, 0.233684703707695, 0.23556213080883026], "faith_armon_L1_std": [0.02357158437371254, 0.028005119413137436, 0.027911853045225143], "faith_gmean_L1": [0.3285137116909027, 0.3348633944988251, 0.3517635464668274], "faith_gmean_L1_std": [0.015573623590171337, 0.020710378885269165, 0.02221277542412281], "faith_aritm_KL": [0.48159998655319214, 0.48890000581741333, 0.5123499631881714], "faith_aritm_KL_std": [0.007002860773354769, 0.0033674922306090593, 0.0032561365514993668], "faith_armon_KL": [0.0842120498418808, 0.08661621063947678, 0.08450693637132645], "faith_armon_KL_std": [0.021907499060034752, 0.023107122629880905, 0.02176050655543804], "faith_gmean_KL": [0.1994759887456894, 0.20370307564735413, 0.20627300441265106], "faith_gmean_KL_std": [0.0264656413346529, 0.02892862632870674, 0.028505176305770874]}}, "repr_SMGNNGIN_3l_sumpool_0.3dp_mitig_backboneNone_mitig_samplingfeatgchannelsimple_concept2temperaturenormnoneavgedgeattnmean/0.001lr_0.001wd/SMGNN_0.001_True_10_0.01": {"id_val": {"suff_simple_L1": [0.8121, 0.8272999999999999, 0.9030999999999999], "suff_simple_L1_std": [0.013553228397691785, 0.018160671793741527, 0.012242957159118065], "suff_simple_KL": [0.9143000000000001, 0.9242000000000001, 0.9696999999999999], "suff_simple_KL_std": [0.00979846926820716, 0.011948221624995072, 0.005158488150611576], "suff_simple_acc_int": [0.7210450291633606, 0.7294099926948547, 0.7667946517467499], "suff_simple_acc_int_std": [0.020554618115027578, 0.022504242773406784, 0.019908631642812896], "nec_L1": [0.1276, 0.12910000000000002, 0.1312], "nec_L1_std": [0.009861034428496836, 0.009565040512198572, 0.011151681487560516], "nec_KL": [0.046299999999999994, 0.046599999999999996, 0.04809999999999999], "nec_KL_std": [0.0061326992425847875, 0.006232174580353153, 0.006122907805936654], "nec_acc_int": [0.7531177818775177, 0.7537528872489929, 0.7539549708366394], "nec_acc_int_std": [0.016341027837877144, 0.013280702923501768, 0.016622278317154106], "faith_aritm_L1": [0.46985000371932983, 0.47819995880126953, 0.5171500444412231], "faith_aritm_L1_std": [0.003376755630597472, 0.006746114231646061, 0.0031626711133867502], "faith_armon_L1": [0.22032609581947327, 0.2231326550245285, 0.22887632250785828], "faith_armon_L1_std": [0.014228908345103264, 0.013715711422264576, 0.016576699912548065], "faith_gmean_L1": [0.32156601548194885, 0.3264803886413574, 0.34381917119026184],