{"TopoFeature basis": {"repr_SMGNNGIN_3l_sumpool_0.0dp_mitig_backboneNone_mitig_samplingfeatgchannelsimple_concept2temperaturenormnoneavgedgeattnmean/0.001lr_0.0wd/SMGNN_0.001_True_10_0.01": {"id_val": {"suff_simple_L1": [0.9956999999999999, 0.993, 0.9943, 0.9947999999999999], "suff_simple_L1_std": [0.005967411499134282, 0.007615773105863915, 0.008602906485601256, 0.0064000000000000055], "suff_simple_KL": [0.992, 0.9869000000000001, 0.9882, 0.9893000000000001], "suff_simple_KL_std": [0.011899579824514823, 0.01689052989103659, 0.019711925324533863, 0.013798913000667854], "suff_simple_acc_int": [0.9967929720878601, 0.9951775670051575, 0.996433436870575, 0.9968412518501282], "suff_simple_acc_int_std": [0.004761366173624992, 0.004892263561487198, 0.005260379984974861, 0.00391326704993844], "nec_L1": [0.021099999999999997, 0.0372, 0.048299999999999996, 0.05790000000000001], "nec_L1_std": [0.022849288829195537, 0.03794416951258783, 0.04381563647831673, 0.04886194838522099], "nec_KL": [0.0432, 0.06999999999999999, 0.08620000000000001, 0.0968], "nec_KL_std": [0.04483034686459609, 0.07063285354564121, 0.07969918443748343, 0.08696413053667587], "nec_acc_int": [0.9865524172782898, 0.9744133949279785, 0.9655686616897583, 0.9544674754142761], "nec_acc_int_std": [0.014693174511194229, 0.026761896908283234, 0.031496159732341766, 0.03644603118300438], "faith_aritm_L1": [0.508400022983551, 0.5151000618934631, 0.5213000774383545, 0.5263500213623047], "faith_aritm_L1_std": [0.011405696161091328, 0.018655821681022644, 0.020174486562609673, 0.023910289630293846], "faith_armon_L1": [0.040359433740377426, 0.0691712275147438, 0.0887695923447609, 0.10540919005870819], "faith_armon_L1_std": [0.04292219504714012, 0.06872729957103729, 0.0787353366613388, 0.08609951287508011], "faith_gmean_L1": [0.11572758108377457, 0.15807245671749115, 0.18179909884929657, 0.20450115203857422], "faith_gmean_L1_std": [0.08716495335102081, 0.10908664762973785, 0.12161777168512344, 0.12532910704612732], "faith_aritm_KL": [0.5175999999046326, 0.5284499526023865, 0.5371999740600586, 0.5430499315261841], "faith_aritm_KL_std": [0.021254172548651695, 0.03252726048231125, 0.03492220118641853, 0.04128405451774597], "faith_armon_KL": [0.0793018788099289, 0.12263171374797821, 0.14846500754356384, 0.16496920585632324], "faith_armon_KL_std": [0.07989244908094406, 0.11803250759840012, 0.13077177107334137, 0.13915100693702698], "faith_gmean_KL": [0.1654832512140274, 0.21457715332508087, 0.24111144244670868, 0.2604999244213104], "faith_gmean_KL_std": [0.12368305772542953, 0.15006181597709656, 0.16160742938518524, 0.16563870012760162]}, "val": {"suff_simple_L1": [0.9265000000000001, 0.9292000000000001, 0.9309999999999998, 0.9317], "suff_simple_L1_std": [0.13791754783202897, 0.13707428642892874, 0.13420655721685135, 0.13354403768045953], "suff_simple_KL": [0.9106, 0.9136, 0.9153999999999998, 0.9162000000000001], "suff_simple_KL_std": [0.16576320460222768, 0.1653058982613748, 0.16269984634288995, 0.1622669405639978], "suff_simple_acc_int": [0.7950595021247864, 0.7984126806259155, 0.8004315495491028, 0.8021577000617981], "suff_simple_acc_int_std": [0.21396346390247345, 0.20999862253665924, 0.2064649611711502, 0.20367646217346191], "nec_L1": [0.2303, 0.7072999999999999, 0.7332, 0.5497], "nec_L1_std": [0.24608496500192775, 0.1530255207473577, 0.10942467728990568, 0.28991103807892515], "nec_KL": [0.30179999999999996, 0.8093000000000001, 0.8107, 0.6076], "nec_KL_std": [0.2858803246115409, 0.14920056970400616, 0.12428519622223719, 0.3251855470343047], "nec_acc_int": [0.6589484214782715, 0.11459821462631226, 0.04212797433137894, 0.24638888239860535], "nec_acc_int_std": [0.277364581823349, 0.14021684229373932, 0.12590469419956207, 0.3360099196434021], "faith_aritm_L1": [0.5784000158309937, 0.8182500004768372, 0.8320999145507812, 0.7407000660896301], "faith_aritm_L1_std": [0.14107389748096466, 0.11926844716072083, 0.09735728055238724, 0.1627936065196991], "faith_armon_L1": [0.3086349666118622, 0.7916104197502136, 0.8128777742385864, 0.6276146173477173], "faith_armon_L1_std": [0.28516948223114014, 0.14354339241981506, 0.10627470165491104, 0.3211894929409027], "faith_gmean_L1": [0.38379302620887756, 0.804517388343811, 0.8223551511764526, 0.6529101133346558], "faith_gmean_L1_std": [0.2570797801017761, 0.13161250948905945, 0.1015152856707573, 0.2965235114097595], "faith_aritm_KL": [0.6062000393867493, 0.8614500164985657, 0.8630499839782715, 0.7619000673294067], "faith_aritm_KL_std": [0.16556407511234283, 0.1291244477033615, 0.11773155629634857, 0.18680134415626526], "faith_armon_KL": [0.3801981806755066, 0.8463910818099976, 0.850197434425354, 0.656072735786438], "faith_armon_KL_std": [0.30644509196281433, 0.145768940448761, 0.1289520263671875, 0.34270891547203064], "faith_gmean_KL": [0.4497239589691162, 0.8538148999214172, 0.8565494418144226, 0.6786651611328125], "faith_gmean_KL_std": [0.26979222893714905, 0.13758406043052673, 0.12328922748565674, 0.31598755717277527]}, "test": {"suff_simple_L1": [0.9894000000000001, 0.9815000000000002, 0.9791999999999998, 0.9759], "suff_simple_L1_std": [0.01427024877148259, 0.022477766792989018, 0.025899034731047405, 0.02630380200655411], "suff_simple_KL": [0.9847000000000001, 0.9723, 0.9686, 0.9633999999999998], "suff_simple_KL_std": [0.020727035485085674, 0.03422294551905197, 0.03869160115580641, 0.04022238182902648], "suff_simple_acc_int": [0.9897826910018921, 0.9845046997070312, 0.9832156896591187, 0.9845893979072571], "suff_simple_acc_int_std": [0.013948076404631138, 0.019083408638834953, 0.022672349587082863, 0.02374250814318657], "nec_L1": [0.48020000000000007, 0.5987, 0.6643000000000001, 0.6129], "nec_L1_std": [0.14505019820737922, 0.12373200879319791, 0.10354617327550063, 0.2830535108420314], "nec_KL": [0.6909, 0.7827, 0.8137000000000001, 0.7155000000000001], "nec_KL_std": [0.12238173883386361, 0.10045501480762421, 0.11433901346434644, 0.33161129353506646], "nec_acc_int": [0.555490255355835, 0.37999898195266724, 0.26712924242019653, 0.29013878107070923], "nec_acc_int_std": [0.20952993631362915, 0.179994136095047, 0.1315329521894455, 0.3296974003314972], "faith_aritm_L1": [0.7347999811172485, 0.7900999784469604, 0.8217499852180481, 0.7944000363349915], "faith_aritm_L1_std": [0.06938090175390244, 0.05699422210454941, 0.045551758259534836, 0.14117716252803802], "faith_armon_L1": [0.6337970495223999, 0.7354329228401184, 0.7857619524002075, 0.6985352635383606], "faith_armon_L1_std": [0.1217532604932785, 0.0908486396074295, 0.07164113223552704, 0.30394965410232544], "faith_gmean_L1": [0.6816433072090149, 0.762012779712677, 0.8034062385559082, 0.721543550491333], "faith_gmean_L1_std": [0.0973549410700798, 0.07449718564748764, 0.05894653871655464, 0.27741739153862], "faith_aritm_KL": [0.8377999067306519, 0.877500057220459, 0.8911499977111816, 0.8394500017166138], "faith_aritm_KL_std": [0.056144990026950836, 0.04281646013259888, 0.04935840144753456, 0.1655030995607376], "faith_armon_KL": [0.8052477836608887, 0.862411379814148, 0.877998948097229, 0.755778431892395], "faith_armon_KL_std": [0.07676078379154205, 0.053681015968322754, 0.06750882416963577, 0.3278624713420868], "faith_gmean_KL": [0.8212771415710449, 0.869900107383728, 0.884482741355896, 0.7735069394111633], "faith_gmean_KL_std": [0.06658915430307388, 0.04825204983353615, 0.05854324623942375, 0.2999838888645172]}}, "repr_SMGNNGIN_3l_sumpool_0.0dp_mitig_backboneNone_mitig_samplingfeatnormnoneavgedgeattnmean/0.001lr_0.0wd/SMGNN_0.001_True_10_0.01": {"id_val": {"suff_simple_L1": [0.7852, 0.7865, 0.7884, 0.7189999999999999], "suff_simple_L1_std": [0.04641292923313503, 0.050383032858294666, 0.0615535539185188, 0.08790563121893842], "suff_simple_KL": [0.7573000000000001, 0.7472000000000001, 0.7432000000000001, 0.6285999999999999], "suff_simple_KL_std": [0.0683418612564803, 0.07293942692398947, 0.08825961703973112, 0.1155103458569837], "suff_simple_acc_int": [0.8138875961303711, 0.8186588287353516, 0.8261035680770874, 0.7706678509712219],