{"TopoFeature basis": {"repr_GSATGIN_3l_sumpool_0.0dp_mitig_backboneNone_mitig_samplingfeatnormnoneavgedgeattnmean/0.001lr_0.0wd/GSAT_1.0_True_10_0.5": {"id_val": {"suff_simple_L1": [0.6606, 0.6737, 0.6719999999999999, 0.6718999999999999], "suff_simple_L1_std": [0.01827676120104434, 0.026476593436467605, 0.02246775467197377, 0.024308229059312392], "suff_simple_KL": [0.4699, 0.4763, 0.4711, 0.4671], "suff_simple_KL_std": [0.03751919508731498, 0.04126027144845269, 0.040842257528202336, 0.043914576167828366], "suff_simple_acc_int": [0.6703971028327942, 0.697608232498169, 0.6965703964233398, 0.6970216631889343], "suff_simple_acc_int_std": [0.020295029506087303, 0.026138613000512123, 0.01842149719595909, 0.02460458129644394], "nec_L1": [0.6355, 0.8494999999999999, 0.8353999999999999, 0.8036], "nec_L1_std": [0.10647652323399744, 0.018227726133558168, 0.027843132007732172, 0.03889781484865183], "nec_KL": [0.909, 0.9922000000000001, 0.9791000000000001, 0.9427], "nec_KL_std": [0.07366953237261656, 0.011702991070662246, 0.01524106295505666, 0.032711007321695226], "nec_acc_int": [0.3596118986606598, 0.018050542101264, 0.036101084202528, 0.07400722801685333], "nec_acc_int_std": [0.13483019173145294, 0.026380976662039757, 0.04271537810564041, 0.05194668844342232], "faith_aritm_L1": [0.6480499505996704, 0.7616000175476074, 0.7536999583244324, 0.7377499938011169], "faith_aritm_L1_std": [0.057225633412599564, 0.014676176011562347, 0.014658085070550442, 0.021215856075286865], "faith_armon_L1": [0.6432210206985474, 0.7510207891464233, 0.744281530380249, 0.731092095375061], "faith_armon_L1_std": [0.06467648595571518, 0.01709923706948757, 0.015163208357989788, 0.020383507013320923], "faith_gmean_L1": [0.6456084847450256, 0.7562885880470276, 0.7489729523658752, 0.7344105243682861], "faith_gmean_L1_std": [0.060949426144361496, 0.015804348513484, 0.014768297784030437, 0.020695803686976433], "faith_aritm_KL": [0.6894500255584717, 0.7342499494552612, 0.725100040435791, 0.7049000263214111], "faith_aritm_KL_std": [0.04779459536075592, 0.01986612007021904, 0.020237097516655922, 0.025826146826148033], "faith_armon_KL": [0.6184827089309692, 0.6424530148506165, 0.6349436044692993, 0.6231589317321777], "faith_armon_KL_std": [0.043052952736616135, 0.037821292877197266, 0.03749619051814079, 0.04024923965334892], "faith_gmean_KL": [0.6529331207275391, 0.6867232322692871, 0.6784283518791199, 0.6626505851745605], "faith_gmean_KL_std": [0.044369619339704514, 0.029424339532852173, 0.0292886383831501, 0.03261832892894745]}, "val": {"suff_simple_L1": [0.49450000000000005, 0.4966000000000001, 0.49379999999999996, 0.4913], "suff_simple_L1_std": [0.11236213775111256, 0.10492873772232278, 0.10298621266946366, 0.10161697692807044], "suff_simple_KL": [0.39770000000000005, 0.3962, 0.39370000000000005, 0.3926], "suff_simple_KL_std": [0.1385749255817949, 0.13064440286518209, 0.12955311651982748, 0.1291117345557715], "suff_simple_acc_int": [0.1820535659790039, 0.19336310029029846, 0.18842758238315582, 0.18358629941940308], "suff_simple_acc_int_std": [0.1337226778268814, 0.14104901254177094, 0.13577964901924133, 0.1334279328584671], "nec_L1": [0.5159, 0.5717, 0.5717, 0.5715999999999999], "nec_L1_std": [0.09914781893718086, 0.1333507030352671, 0.1333507030352671, 0.13325929611100307], "nec_KL": [0.6269, 0.6233000000000001, 0.6232, 0.623], "nec_KL_std": [0.1384950901656806, 0.15952683159895079, 0.15955237384633297, 0.15936310739942292], "nec_acc_int": [0.17646825313568115, 3.968254168285057e-05, 0.00019841271569021046, 0.0008333333535119891], "nec_acc_int_std": [0.11879681050777435, 0.00011904762504855171, 0.00026619856362231076, 0.0014895496424287558], "faith_aritm_L1": [0.5052000284194946, 0.5341499447822571, 0.5327500104904175, 0.5314499735832214], "faith_aritm_L1_std": [0.021855438128113747, 0.03393379971385002, 0.03297973796725273, 0.03199880197644234], "faith_armon_L1": [0.4835135340690613, 0.5066573023796082, 0.5053120851516724, 0.5039960145950317], "faith_armon_L1_std": [0.03556034713983536, 0.04490794986486435, 0.04330260306596756, 0.041833844035863876], "faith_gmean_L1": [0.4940702021121979, 0.5200106501579285, 0.5186401605606079, 0.5173303484916687], "faith_gmean_L1_std": [0.027105437591671944, 0.03744206577539444, 0.03604068607091904, 0.034672725945711136], "faith_aritm_KL": [0.5123000144958496, 0.5097499489784241, 0.5084499716758728, 0.5077999830245972], "faith_aritm_KL_std": [0.021281687542796135, 0.02321556955575943, 0.021852292120456696, 0.02067389339208603], "faith_armon_KL": [0.44958725571632385, 0.4454171657562256, 0.44370660185813904, 0.44293013215065], "faith_armon_KL_std": [0.07993552088737488, 0.06412515789270401, 0.061915360391139984, 0.06001007929444313], "faith_gmean_KL": [0.4780827462673187, 0.4748796820640564, 0.47339048981666565, 0.4727090299129486], "faith_gmean_KL_std": [0.04968759045004845, 0.035500429570674896, 0.03301330283284187, 0.030944792553782463]}, "test": {"suff_simple_L1": [0.6364000000000001, 0.6586, 0.6597000000000001, 0.6628999999999999], "suff_simple_L1_std": [0.049427118062860986, 0.04803165622795033, 0.046409158578883974, 0.041079070096583244], "suff_simple_KL": [0.5605, 0.5692, 0.5673999999999999, 0.5708], "suff_simple_KL_std": [0.05472704998444553, 0.04932098944668487, 0.05303055722882799, 0.050777554096273686], "suff_simple_acc_int": [0.584875762462616, 0.599584698677063, 0.5919418334960938, 0.5844712257385254], "suff_simple_acc_int_std": [0.05443860962986946, 0.08269447088241577, 0.07900021970272064, 0.07693302631378174], "nec_L1": [0.5429, 0.6409, 0.625, 0.6087], "nec_L1_std": [0.05645254644389392, 0.06633468172833877, 0.06859154466842106, 0.06747303164968949], "nec_KL": [0.6963, 0.7352000000000001, 0.7144999999999999, 0.6944], "nec_KL_std": [0.0649908455091946, 0.08468388276407736, 0.08697039726251685, 0.08688406067858476], "nec_acc_int": [0.300942063331604, 0.0781199261546135, 0.09124797582626343, 0.10850890725851059], "nec_acc_int_std": [0.1123376116156578, 0.026370009407401085, 0.024306321516633034, 0.02302214689552784], "faith_aritm_L1": [0.58965003490448, 0.6497499942779541, 0.6423500180244446, 0.6358000040054321], "faith_aritm_L1_std": [0.042549412697553635, 0.05530652403831482, 0.05630544200539589, 0.05357854440808296], "faith_armon_L1": [0.5841885805130005, 0.6491062045097351, 0.6413834691047668, 0.6341219544410706], "faith_armon_L1_std": [0.04408111050724983, 0.0561303049325943, 0.05739430710673332, 0.05513925477862358], "faith_gmean_L1": [0.5868970155715942, 0.6494276523590088, 0.6418660879135132, 0.6349595189094543], "faith_gmean_L1_std": [0.04312096908688545, 0.055717308074235916, 0.05684887245297432, 0.054358720779418945], "faith_aritm_KL": [0.6284000277519226, 0.6522000432014465, 0.6409500241279602, 0.632599949836731], "faith_aritm_KL_std": [0.05664839223027229, 0.06420288234949112, 0.06823981553316116, 0.06698649376630783], "faith_armon_KL": [0.6204947233200073, 0.6408570408821106, 0.631953775882721, 0.6259220242500305], "faith_armon_KL_std": [0.05601958930492401, 0.061667729169130325, 0.06574847549200058, 0.06448129564523697], "faith_gmean_KL": [0.6244319677352905, 0.6464996933937073, 0.6364334225654602, 0.6292500495910645], "faith_gmean_KL_std": [0.056298792362213135, 0.06289760768413544, 0.06697101145982742, 0.06571664661169052]}}}}