{"GOODMotif basis": {"repr_GSATGIN_3l_meanpool_0.5dp_mitig_backboneNone_mitig_samplingfeatavgedgeattnmean/0.001lr_0.0wd/GSAT_1_True_20_0.7": {"id_val": {"suff_simple_L1": [0.37729999999999997, 0.3766999999999999, 0.5736999999999999], "suff_simple_L1_std": [0.0066189122973491716, 0.005478138369920941, 0.011524322105876757], "suff_simple_KL": [0.3257, 0.33159999999999995, 0.594], "suff_simple_KL_std": [0.02046484791050253, 0.01923122460999298, 0.019606121493043943], "suff_simple_acc_int": [0.40476666390895844, 0.3942708373069763, 0.5720817804336548], "suff_simple_acc_int_std": [0.008777600736959252, 0.010599962361309837, 0.01393391838174978], "nec_L1": [0.525, 0.5357000000000001, 0.5407], "nec_L1_std": [0.007949842765740725, 0.008591274643497328, 0.00842674314311289], "nec_KL": [0.5631, 0.583, 0.5911000000000001], "nec_KL_std": [0.022844911906155365, 0.023794957449005873, 0.024022697600394514], "nec_acc_int": [0.5338166713714599, 0.5329291731119156, 0.5287541627883912], "nec_acc_int_std": [0.014707640946666708, 0.014850508383839, 0.014636001949772213], "faith_aritm_L1": [0.4511500298976898, 0.45619997382164, 0.557200014591217], "faith_aritm_L1_std": [0.0035429541021585464, 0.002803575014695525, 0.0031953027937561274], "faith_armon_L1": [0.4389738142490387, 0.4422577917575836, 0.5565485954284668], "faith_armon_L1_std": [0.0037964547518640757, 0.0024335591588169336, 0.0029010092839598656], "faith_gmean_L1": [0.4450189471244812, 0.4491732120513916, 0.55687415599823], "faith_gmean_L1_std": [0.0035052169114351273, 0.0023311940021812916, 0.0030413970816880465], "faith_aritm_KL": [0.44440001249313354, 0.4573000371456146, 0.5925499796867371], "faith_aritm_KL_std": [0.003367495955899358, 0.003034798661246896, 0.005820014979690313], "faith_armon_KL": [0.4116944670677185, 0.4218122065067291, 0.5917994976043701], "faith_armon_KL_std": [0.012512534856796265, 0.011019536294043064, 0.005253675859421492], "faith_gmean_KL": [0.42767882347106934, 0.4391446113586426, 0.5921741724014282], "faith_gmean_KL_std": [0.006695429794490337, 0.005019118078052998, 0.005493044853210449]}, "val": {"suff_simple_L1": [0.5033, 0.5051, 0.6037999999999999], "suff_simple_L1_std": [0.05991001585711692, 0.060700000000000004, 0.08939440698388239], "suff_simple_KL": [0.5507000000000001, 0.5555999999999999, 0.7016000000000001], "suff_simple_KL_std": [0.04549296648933767, 0.04618484599952673, 0.0757141994608673], "suff_simple_acc_int": [0.34313749969005586, 0.3358666718006134, 0.3862413436174393], "suff_simple_acc_int_std": [0.026548330606648525, 0.025204920526298323, 0.014988535300047746], "nec_L1": [0.29480000000000006, 0.30110000000000003, 0.3013], "nec_L1_std": [0.03684508108282569, 0.04026276195195754, 0.037794311741318955], "nec_KL": [0.19940000000000002, 0.2071, 0.2076], "nec_KL_std": [0.03110369752939351, 0.03813515438542237, 0.03668569203381612], "nec_acc_int": [0.5717999994754791, 0.5672583401203155, 0.5671708285808563], "nec_acc_int_std": [0.0715051473916965, 0.0678792164590309, 0.07111057399005272], "faith_aritm_L1": [0.3990500271320343, 0.40310001373291016, 0.4525500237941742], "faith_aritm_L1_std": [0.012450804002583027, 0.010671932250261307, 0.02677261270582676], "faith_armon_L1": [0.3668603301048279, 0.37176528573036194, 0.3954889178276062], "faith_armon_L1_std": [0.017277121543884277, 0.01943829283118248, 0.020383061841130257], "faith_gmean_L1": [0.38233932852745056, 0.38681560754776, 0.42252859473228455], "faith_gmean_L1_std": [0.005111183971166611, 0.005856732837855816, 0.010870719328522682], "faith_aritm_KL": [0.37505000829696655, 0.38134998083114624, 0.4546000063419342], "faith_aritm_KL_std": [0.01256472896784544, 0.011943723075091839, 0.021297654137015343], "faith_armon_KL": [0.28981760144233704, 0.2978248596191406, 0.3159351348876953], "faith_armon_KL_std": [0.029084155336022377, 0.03493307903409004, 0.03552037850022316], "faith_gmean_KL": [0.3291468024253845, 0.33635324239730835, 0.3778524398803711], "faith_gmean_KL_std": [0.016407359391450882, 0.020564889535307884, 0.015736281871795654]}}, "repr_SMGNNGIN_3l_meanpool_0.5dp_mitig_backboneNone_mitig_samplingfeatgchannelsimple_concept2temperatureavgedgeattnmean/0.005lr_0.0wd/SMGNN_0.001_True_10_0.01": {"id_val": {"suff_simple_L1": [0.35609999999999997, 0.36689999999999995, 0.3768000000000001], "suff_simple_L1_std": [0.008525843066817498, 0.02476065427245412, 0.019888690253508406], "suff_simple_KL": [0.23320000000000002, 0.2694, 0.31009999999999993], "suff_simple_KL_std": [0.00893084542470644, 0.041330860141061666, 0.023968521022374328], "suff_simple_acc_int": [0.3522000014781952, 0.33034166395664216, 0.2762439474463463], "suff_simple_acc_int_std": [0.014864104144179198, 0.04126053402301988, 0.030447880943628262], "nec_L1": [0.2406, 0.33999999999999997, 0.5004], "nec_L1_std": [0.0523434809694579, 0.03416138170507746, 0.017816845961056087], "nec_KL": [0.2897, 0.4149999999999999, 0.6205999999999999], "nec_KL_std": [0.05824611575032279, 0.037507332616436476, 0.019708881246788226], "nec_acc_int": [0.7411583304405213, 0.6530958354473114, 0.5228833347558975], "nec_acc_int_std": [0.048307295476087114, 0.03463346391232828, 0.01941850025964863], "faith_aritm_L1": [0.2983500361442566, 0.3534500002861023, 0.43860000371932983], "faith_aritm_L1_std": [0.02692401595413685, 0.023477066308259964, 0.011119346134364605], "faith_armon_L1": [0.2841799855232239, 0.3520020842552185, 0.4293454587459564], "faith_armon_L1_std": [0.03508046641945839, 0.023154782131314278, 0.012590691447257996], "faith_gmean_L1": [0.2911332845687866, 0.35272499918937683, 0.4339417815208435], "faith_gmean_L1_std": [0.031026029959321022, 0.02331070974469185, 0.011663139797747135], "faith_aritm_KL": [0.26144999265670776, 0.34219998121261597, 0.46535006165504456], "faith_aritm_KL_std": [0.028378203511238098, 0.03033001720905304, 0.014934947714209557], "faith_armon_KL": [0.2557321786880493, 0.3248346745967865, 0.41288289427757263], "faith_armon_KL_std": [0.020283253863453865, 0.03225618600845337, 0.02141648530960083], "faith_gmean_KL": [0.2585466504096985, 0.3333626985549927, 0.43828660249710083], "faith_gmean_KL_std": [0.024209968745708466, 0.030864201486110687, 0.017820799723267555]}, "val": {"suff_simple_L1": [0.3764, 0.42330000000000007, 0.39280000000000004], "suff_simple_L1_std": [0.0467337137407247, 0.05606433804121833, 0.12973804376511927], "suff_simple_KL": [0.2765000000000001, 0.33799999999999997, 0.34199999999999997], "suff_simple_KL_std": [0.049254948989923844, 0.06518128565777144, 0.15528167953754235], "suff_simple_acc_int": [0.28254583328962324, 0.3227999985218048, 0.18130132779479027], "suff_simple_acc_int_std": [0.02728083080370796, 0.04289163876495416, 0.09193091098510096], "nec_L1": [0.15499999999999997, 0.21139999999999998, 0.40869999999999995], "nec_L1_std": [0.1269661372177637, 0.10826098096729034, 0.05857140940766237], "nec_KL": [0.15710000000000002, 0.2395, 0.5103], "nec_KL_std": [0.13935957089486176, 0.11402653200023229, 0.06289364037802232], "nec_acc_int": [0.7722666561603546, 0.7318333327770233, 0.5844208359718323], "nec_acc_int_std": [0.06974911371705789, 0.058713901175490545, 0.037335993858753254], "faith_aritm_L1": [0.26569998264312744, 0.31735000014305115, 0.4007500112056732], "faith_aritm_L1_std": [0.06620506197214127, 0.06470125913619995, 0.0744205117225647], "faith_armon_L1": [0.1929914653301239, 0.2681671977043152, 0.38764509558677673], "faith_armon_L1_std": [0.10819924622774124, 0.08842359483242035, 0.08301228284835815], "faith_gmean_L1": [0.22322842478752136, 0.2908821105957031, 0.3940642476081848], "faith_gmean_L1_std": [0.09013912826776505, 0.07624898105859756, 0.07871656119823456], "faith_aritm_KL": [0.2168000042438507, 0.2887499928474426, 0.42614999413490295], "faith_aritm_KL_std": [0.06878487765789032, 0.06670692563056946, 0.0862426906824112], "faith_armon_KL": [0.16625164449214935, 0.2650045156478882, 0.3866448402404785], "faith_armon_KL_std": [0.09481089562177658, 0.07427816838026047, 0.12721644341945648],