{"GOODMotif size": {"LECIvGIN": {"id_val": {"suff++_L1": [0.6342000000000001, 0.6940000000000001, 0.8301999999999999, 1.0], "suff++_KL": [0.7128, 0.7162, 0.8894, 1.0], "suff++_acc_int": [0.4056312143802643, 0.6078749895095825, 0.7801249623298645], "nec_L1": [0.3946, 0.4596, 0.4768, 0.47919999999999996], "nec_KL": [0.31520000000000004, 0.46299999999999997, 0.4478, 0.45600000000000007], "nec_acc_int": [0.3370624780654907, 0.4193124771118164, 0.5007187724113464, 0.5334062576293945], "faith_aritm_L1": [0.5144000053405762, 0.5767999887466431, 0.653499960899353, 0.7396000027656555], "faith_armon_L1": [0.48066550493240356, 0.5460203886032104, 0.6036041975021362, 0.6474095582962036], "faith_gmean_L1": [0.4970514178276062, 0.5609275698661804, 0.627968966960907, 0.6919344663619995], "faith_aritm_KL": [0.5139999985694885, 0.5895999670028687, 0.6685999631881714, 0.7279999852180481], "faith_armon_KL": [0.42941921949386597, 0.5403782725334167, 0.5908601880073547, 0.6254633069038391], "faith_gmean_KL": [0.4689393639564514, 0.5631008148193359, 0.6282345056533813, 0.6747170686721802]}, "val": {"suff++_L1": [0.6446, 0.6516000000000001, 0.7988000000000001, 1.0], "suff++_KL": [0.7406, 0.7175999999999999, 0.8728, 1.0], "suff++_acc_int": [0.569973349571228, 0.6151875257492065, 0.7101250290870667], "nec_L1": [0.44899999999999995, 0.39859999999999995, 0.3625999999999999, 0.3970000000000001], "nec_KL": [0.35519999999999996, 0.3198, 0.2778, 0.31260000000000004], "nec_acc_int": [0.36278125643730164, 0.4556249976158142, 0.5073124766349792, 0.5322500467300415], "faith_aritm_L1": [0.5468000173568726, 0.5250999927520752, 0.5807000398635864, 0.6985000371932983], "faith_armon_L1": [0.5270520448684692, 0.487867534160614, 0.493350088596344, 0.5667067766189575], "faith_gmean_L1": [0.5368066430091858, 0.5058805346488953, 0.5348882675170898, 0.6289526224136353], "faith_aritm_KL": [0.5478999614715576, 0.5187000036239624, 0.5753000378608704, 0.6562999486923218], "faith_armon_KL": [0.4666665196418762, 0.42013296484947205, 0.40893691778182983, 0.4737223982810974], "faith_gmean_KL": [0.5046599507331848, 0.46402281522750854, 0.48312169313430786, 0.5570893883705139]}, "test": {"suff++_L1": [0.617, 0.6666000000000001, 0.7816, 1.0], "suff++_KL": [0.6529999999999999, 0.7010000000000001, 0.8140000000000001, 1.0], "suff++_acc_int": [0.4653846323490143, 0.4522187113761902, 0.49434375762939453], "nec_L1": [0.3356, 0.32480000000000003, 0.29700000000000004, 0.3532], "nec_KL": [0.248, 0.2854, 0.2706, 0.3404], "nec_acc_int": [0.3463749885559082, 0.387093722820282, 0.41996875405311584, 0.41996875405311584], "faith_aritm_L1": [0.4763000011444092, 0.49570003151893616, 0.5393000245094299, 0.6765999794006348], "faith_armon_L1": [0.430905282497406, 0.4273316264152527, 0.42801642417907715, 0.5161305069923401], "faith_gmean_L1": [0.4528294503688812, 0.45956239104270935, 0.48010969161987305, 0.5897273421287537], "faith_aritm_KL": [0.4505000114440918, 0.49320000410079956, 0.5422999262809753, 0.670199990272522], "faith_armon_KL": [0.34571096301078796, 0.3906678557395935, 0.39898914098739624, 0.5023128390312195], "faith_gmean_KL": [0.3921329975128174, 0.43620380759239197, 0.46386414766311646, 0.5791853666305542]}}}, "GOODSST2 length": {"LECIvGIN": {"id_val": {"suff++_L1": [0.9081999999999999, 0.9408000000000001, 1.0], "suff++_KL": [0.8573999999999999, 0.9512, 1.0], "suff++_acc_int": [0.8610526323318481, 0.8709722757339478], "nec_L1": [0.0646, 0.055999999999999994, 0.0506], "nec_KL": [0.07339999999999999, 0.0548, 0.051000000000000004], "nec_acc_int": [0.8684210777282715, 0.8747367858886719, 0.878947377204895], "faith_aritm_L1": [0.48639997839927673, 0.4983999729156494, 0.5253000259399414], "faith_armon_L1": [0.12050475180149078, 0.10556869208812714, 0.09610162675380707], "faith_gmean_L1": [0.24172572791576385, 0.2288435399532318, 0.22353139519691467], "faith_aritm_KL": [0.4654000401496887, 0.5029999613761902, 0.5254999995231628], "faith_armon_KL": [0.134315624833107, 0.10290256887674332, 0.09611563384532928], "faith_gmean_KL": [0.24770045280456543, 0.2244400680065155, 0.21968786418437958]}, "val": {"suff++_L1": [0.8792, 0.9251999999999999, 0.958, 1.0], "suff++_KL": [0.8210000000000001, 0.916, 0.9652000000000001, 1.0], "suff++_acc_int": [0.7995243072509766, 0.8463749885559082, 0.8728437423706055], "nec_L1": [0.08879999999999999, 0.0548, 0.046, 0.0388], "nec_KL": [0.08020000000000001, 0.0392, 0.029000000000000005, 0.0224], "nec_acc_int": [0.8228750228881836, 0.8543750047683716, 0.8772187232971191, 0.8770000338554382], "faith_aritm_L1": [0.484000027179718, 0.49000000953674316, 0.5019999742507935, 0.5194000005722046], "faith_armon_L1": [0.16109174489974976, 0.1032618060708046, 0.08765171468257904, 0.07460914552211761], "faith_gmean_L1": [0.27885547280311584, 0.2240724116563797, 0.20901446044445038, 0.1961088478565216], "faith_aritm_KL": [0.4505999982357025, 0.47760000824928284, 0.49710002541542053, 0.5112000703811646], "faith_armon_KL": [0.14582559466362, 0.07509440183639526, 0.056269168853759766, 0.043761298060417175], "faith_gmean_KL": [0.25571271777153015, 0.18872791528701782, 0.1667971909046173, 0.14857545495033264]}, "test": {"suff++_L1": [0.8846, 0.9112, 0.958, 1.0], "suff++_KL": [0.8506, 0.9076000000000001, 0.9732, 1.0], "suff++_acc_int": [0.7659375071525574, 0.7922500371932983, 0.8267186880111694], "nec_L1": [0.0904, 0.0722, 0.058399999999999994, 0.0486], "nec_KL": [0.0766, 0.0528, 0.0382, 0.0318], "nec_acc_int": [0.7803124785423279, 0.8041250109672546, 0.8256562352180481, 0.8310312032699585], "faith_aritm_L1": [0.48750001192092896, 0.4916999936103821, 0.5082000494003296, 0.5242999792098999], "faith_armon_L1": [0.16374441981315613, 0.13358429074287415, 0.10997428745031357, 0.09266680479049683], "faith_gmean_L1": [0.28202491998672485, 0.255705863237381, 0.23598961532115936, 0.22026081383228302], "faith_aritm_KL": [0.4636000096797943, 0.48019999265670776, 0.5056999921798706, 0.5159000158309937], "faith_armon_KL": [0.13988840579986572, 0.09958063066005707, 0.07348835468292236, 0.06156335026025772], "faith_gmean_KL": [0.2530638575553894, 0.2177799493074417, 0.19256243109703064, 0.1772763729095459]}}}, "GOODTwitter length": {"LECIvGIN": {"id_val": {"suff++_L1": [0.696, 0.783, 0.8896, 1.0], "suff++_KL": [0.6237999999999999, 0.7718, 0.9306000000000001, 1.0], "suff++_acc_int": [0.5972627401351929, 0.6502281427383423, 0.6850643157958984], "nec_L1": [0.2262, 0.1598, 0.10800000000000001, 0.09459999999999999], "nec_KL": [0.2012, 0.124, 0.0656, 0.054000000000000006], "nec_acc_int": [0.6406022310256958, 0.6677007675170898, 0.6825274229049683, 0.6873175501823425], "faith_aritm_L1": [0.4611000120639801, 0.4713999629020691, 0.49879997968673706, 0.5472999811172485], "faith_armon_L1": [0.34114426374435425, 0.2652713656425476, 0.19247885048389435, 0.17279575765132904], "faith_gmean_L1": [0.39655423164367676, 0.3535397946834564, 0.3096764087677002, 0.3074229955673218], "faith_aritm_KL": [0.4124999940395355, 0.4478999972343445, 0.4980999827384949, 0.5270000100135803], "faith_armon_KL": [0.2735742926597595, 0.2078510820865631, 0.12136854976415634, 0.1018797755241394], "faith_gmean_KL": [0.3269614279270172, 0.2995392978191376, 0.24178342521190643, 0.2285604476928711]}, "val": {"suff++_L1": [0.6694000000000001, 0.7672000000000001, 0.8702, 1.0], "suff++_KL": [0.5946, 0.764, 0.9209999999999999, 1.0], "suff++_acc_int": [0.5592187643051147, 0.5987499952316284, 0.6119062304496765], "nec_L1": [0.2646, 0.18639999999999998, 0.129, 0.11539999999999999], "nec_KL": [0.2542, 0.15180000000000002, 0.082, 0.06960000000000001], "nec_acc_int": [0.5891562700271606, 0.6070312261581421, 0.6133438348770142, 0.6175937652587891], "faith_aritm_L1": [0.46700000762939453, 0.47680002450942993, 0.49959999322891235, 0.5577000379562378], "faith_armon_L1": [0.37658947706222534, 0.2995591461658478, 0.22446627914905548, 0.20680031180381775], "faith_gmean_L1": [0.4190090298652649, 0.37780141830444336, 0.33468133211135864, 0.33943629264831543],