{"MUTAG basis": {"repr_GSATGIN_3l_sumpool_0.3dp_mitig_backboneNone_mitig_samplingfeatnormnoneavgedgeattnmean/0.001lr_0.001wd/GSAT_1_True_10_0.5": {"id_val": {"suff_simple_L1": [0.737, 0.7709, 0.9002000000000001], "suff_simple_L1_std": [0.014690132742763096, 0.012926329718833581, 0.0061773780845922055], "suff_simple_KL": [0.8874000000000001, 0.9097, 0.9778], "suff_simple_KL_std": [0.017310112651279904, 0.013296992141082145, 0.0041424630354416], "suff_simple_acc_int": [0.6962759852409363, 0.7105369567871094, 0.7725702106952668], "suff_simple_acc_int_std": [0.022939524794837213, 0.029973108210405795, 0.0172191940529273], "nec_L1": [0.17600000000000002, 0.1826, 0.18449999999999997], "nec_L1_std": [0.010751744044572489, 0.009520504188329523, 0.008766413177577256], "nec_KL": [0.054200000000000005, 0.05669999999999999, 0.057999999999999996], "nec_KL_std": [0.009826494797230597, 0.009487360012142471, 0.009262828941527529], "nec_acc_int": [0.7358256340026855, 0.7349307119846344, 0.7348152458667755], "nec_acc_int_std": [0.018405448820215227, 0.011573157694559322, 0.014152692678651857], "faith_aritm_L1": [0.45649999380111694, 0.4767499566078186, 0.5423499941825867], "faith_aritm_L1_std": [0.006020796485245228, 0.003919498063623905, 0.0023984352592378855], "faith_armon_L1": [0.28389865159988403, 0.295061856508255, 0.30611228942871094], "faith_armon_L1_std": [0.013198012486100197, 0.011712373234331608, 0.011703955940902233], "faith_gmean_L1": [0.3599092960357666, 0.374982088804245, 0.40739351511001587], "faith_gmean_L1_std": [0.009169014170765877, 0.007524390704929829, 0.008451521396636963], "faith_aritm_KL": [0.4708000123500824, 0.48319998383522034, 0.5178999900817871], "faith_aritm_KL_std": [0.005537144839763641, 0.002461707452312112, 0.003136878600344062], "faith_armon_KL": [0.10194436460733414, 0.10655249655246735, 0.1093507632613182], "faith_armon_KL_std": [0.017266951501369476, 0.01662217080593109, 0.016408560797572136], "faith_gmean_KL": [0.21826335787773132, 0.22619836032390594, 0.2373690903186798], "faith_gmean_KL_std": [0.017927708104252815, 0.017116950824856758, 0.01834430918097496]}}, "repr_GiSSTGIN_3l_sumpool_0.3dp_mitig_backboneNone_mitig_samplingfeatnormnoneavgedgeattnmean/0.001lr_0.001wd/GiSST_no_param_True_0.01_0.01_0.01_0.01": {"id_val": {"suff_simple_L1": [0.6939000000000001, 0.7407999999999999, 0.9], "suff_simple_L1_std": [0.03321580948885634, 0.0251467691761785, 0.012915107432770365], "suff_simple_KL": [0.8482, 0.8869, 0.9817], "suff_simple_KL_std": [0.03351656306962276, 0.022092758994747597, 0.005348831648126538], "suff_simple_acc_int": [0.6155889213085175, 0.6628752887248993, 0.7417562127113342], "suff_simple_acc_int_std": [0.02945823617759198, 0.026260944436808906, 0.01772475328524068], "nec_L1": [0.22680000000000003, 0.22999999999999998, 0.2277], "nec_L1_std": [0.018394564414522026, 0.023460605277784295, 0.021790135382782738], "nec_KL": [0.08419999999999998, 0.08469999999999998, 0.08149999999999999], "nec_KL_std": [0.014918444959177215, 0.01871924143762241, 0.01739683879329805], "nec_acc_int": [0.6850461900234223, 0.6864318668842315, 0.6910796761512756], "nec_acc_int_std": [0.02969205907058576, 0.026451615064510412, 0.023859119667722802], "faith_aritm_L1": [0.4603499472141266, 0.4853999614715576, 0.5638500452041626], "faith_aritm_L1_std": [0.00920882634818554, 0.006552864331752062, 0.008056214079260826], "faith_armon_L1": [0.34085506200790405, 0.34991487860679626, 0.3627917170524597], "faith_armon_L1_std": [0.017460612580180168, 0.02513664774596691, 0.026946524158120155], "faith_gmean_L1": [0.39591506123542786, 0.41186609864234924, 0.4520583152770996], "faith_gmean_L1_std": [0.008750300854444504, 0.015647469088435173, 0.01955343410372734], "faith_aritm_KL": [0.46619996428489685, 0.48580002784729004, 0.5315999984741211], "faith_aritm_KL_std": [0.011084227822721004, 0.0055731539614498615, 0.006977822631597519], "faith_armon_KL": [0.1526269018650055, 0.15391184389591217, 0.1500016748905182], "faith_armon_KL_std": [0.024405432865023613, 0.03092826157808304, 0.029569078236818314], "faith_gmean_KL": [0.2656556963920593, 0.2719796895980835, 0.28114748001098633], "faith_gmean_KL_std": [0.020451165735721588, 0.02811308018863201, 0.029939798638224602]}}, "repr_GiSSTGIN_3l_sumpool_0.3dp_mitig_backboneNone_mitig_samplingfeatgchannelsimple_concept2temperaturenormnoneavgedgeattnmean/0.001lr_0.001wd/GiSST_no_param_True_0.01_0.01_0.01_0.01": {"id_val": {"suff_simple_L1": [0.7244, 0.7826000000000001, 0.9179], "suff_simple_L1_std": [0.03911572573786662, 0.028496315551312955, 0.012731457104353777], "suff_simple_KL": [0.8562000000000001, 0.8991, 0.9800000000000001], "suff_simple_KL_std": [0.03742672841700168, 0.024480400323524127, 0.006418722614352491], "suff_simple_acc_int": [0.6479214727878571, 0.6876154601573944, 0.7592683851718902], "suff_simple_acc_int_std": [0.027045875461085066, 0.008876687873035848, 0.01641242534212496], "nec_L1": [0.19, 0.2011, 0.2017], "nec_L1_std": [0.02306078923194087, 0.028225697511310512, 0.02664225966392491], "nec_KL": [0.08059999999999999, 0.0877, 0.0869], "nec_KL_std": [0.019106019993708787, 0.02364762144487263, 0.021449708622729588], "nec_acc_int": [0.7106812953948974, 0.7025692820549011, 0.709815239906311], "nec_acc_int_std": [0.027207354334403338, 0.025350315437878888, 0.015828075309249765], "faith_aritm_L1": [0.45719996094703674, 0.49184998869895935, 0.5597999691963196], "faith_aritm_L1_std": [0.009165706112980843, 0.00791217666119337, 0.008047346025705338], "faith_armon_L1": [0.29955166578292847, 0.31842851638793945, 0.32969924807548523], "faith_armon_L1_std": [0.025856833904981613, 0.0341314934194088, 0.03522493317723274], "faith_gmean_L1": [0.3695836663246155, 0.39520877599716187, 0.4291348457336426], "faith_gmean_L1_std": [0.013453825376927853, 0.022620754316449165, 0.02602401375770569], "faith_aritm_KL": [0.4684000015258789, 0.4933999478816986, 0.5334500074386597], "faith_aritm_KL_std": [0.010506661608815193, 0.0063553014770150185, 0.007973231375217438], "faith_armon_KL": [0.14644262194633484, 0.15869827568531036, 0.15887662768363953], "faith_armon_KL_std": [0.03172382712364197, 0.03931660205125809, 0.03641264885663986], "faith_gmean_KL": [0.2599979043006897, 0.27754145860671997, 0.2893173098564148], "faith_gmean_KL_std": [0.027361784130334854, 0.036377519369125366, 0.03652387112379074]}}, "repr_SMGNNGIN_3l_sumpool_0.3dp_mitig_backboneNone_mitig_samplingfeatgchannelsimple_concept2temperaturenormnoneavgedgeattnmean/0.001lr_0.001wd/SMGNN_0.001_True_10_0.01": {"id_val": {"suff_simple_L1": [0.7375999999999999, 0.7813000000000001, 0.9027000000000001], "suff_simple_L1_std": [0.018586016248782325, 0.025647806923789804, 0.012239689538546322], "suff_simple_KL": [0.8586, 0.8888999999999999, 0.9692999999999999], "suff_simple_KL_std": [0.012499599993599805, 0.017666069172286192, 0.005254521862167865], "suff_simple_acc_int": [0.6654734432697296, 0.6896530091762543, 0.7660820186138153], "suff_simple_acc_int_std": [0.03175409870473277, 0.03374486605041239, 0.020233471556468194], "nec_L1": [0.1722, 0.1875, 0.19030000000000002], "nec_L1_std": [0.013174217244299562, 0.01061367043015752, 0.01581802768994921], "nec_KL": [0.0763, 0.08459999999999998, 0.08659999999999998], "nec_KL_std": [0.008672369918309525, 0.009275774900244184, 0.010413452837555853], "nec_acc_int": [0.7233256280422211, 0.7177540421485901, 0.7211893677711487], "nec_acc_int_std": [0.02018194000902262, 0.01359332621807033, 0.01638279223142049], "faith_aritm_L1": [0.45489996671676636, 0.4843999743461609, 0.546500027179718], "faith_aritm_L1_std": [0.004346267785876989, 0.009828027337789536, 0.003807879751548171], "faith_armon_L1": [0.27878573536872864, 0.30209553241729736, 0.3139243721961975], "faith_armon_L1_std": [0.016040021553635597, 0.012415414676070213, 0.020791884511709213], "faith_gmean_L1": [0.3559475839138031, 0.3824158012866974, 0.4140015244483948], "faith_gmean_L1_std": [0.009711341932415962, 0.007737433072179556, 0.014681320637464523],