{"TopoFeature basis": {"repr_SMGNNGIN_3l_sumpool_0.0dp_mitig_backboneNone_mitig_samplingfeatgchannelsimple_concept2temperaturenormnoneavgedgeattnmean/0.001lr_0.0wd/SMGNN_0.001_True_10_0.01": {"id_val": {"suff_simple_L1": [0.8881, 0.8911, 0.8947999999999998, 0.8976], "suff_simple_L1_std": [0.16559193820956383, 0.1680187191952135, 0.1620677636052278, 0.15936448788861335], "suff_simple_KL": [0.8297999999999999, 0.8291999999999999, 0.834, 0.8369], "suff_simple_KL_std": [0.22693426360953078, 0.23571923977477952, 0.23048644211753538, 0.22918701970225103], "suff_simple_acc_int": [0.902746856212616, 0.9089770317077637, 0.9140490293502808, 0.9170125722885132], "suff_simple_acc_int_std": [0.15917611122131348, 0.15652571618556976, 0.14674974977970123, 0.14258019626140594], "nec_L1": [0.6003999999999999, 0.8543000000000001, 0.8261000000000001, 0.6263000000000001], "nec_L1_std": [0.26999081465857316, 0.010188719252192602, 0.10021920973545939, 0.33035134326955595], "nec_KL": [0.7695000000000001, 0.9897, 0.9574999999999999, 0.7245000000000001], "nec_KL_std": [0.2571934097133906, 0.008222530024268693, 0.10516867404317695, 0.38092998044260057], "nec_acc_int": [0.36425989866256714, 0.012590251863002777, 0.047969307750463486, 0.27558666467666626], "nec_acc_int_std": [0.347041517496109, 0.015289044938981533, 0.12987613677978516, 0.38346928358078003], "faith_aritm_L1": [0.7442499399185181, 0.8727000951766968, 0.8604499697685242, 0.7619499564170837], "faith_aritm_L1_std": [0.13773874938488007, 0.08253338932991028, 0.08556998521089554, 0.17240655422210693], "faith_armon_L1": [0.6601904630661011, 0.8621171116828918, 0.8443366289138794, 0.653289794921875], "faith_armon_L1_std": [0.2232813686132431, 0.10171151906251907, 0.10826415568590164, 0.3379756510257721], "faith_gmean_L1": [0.6979116201400757, 0.8672941327095032, 0.8522184491157532, 0.6727880835533142], "faith_gmean_L1_std": [0.18417562544345856, 0.09232629090547562, 0.09699244052171707, 0.3189147114753723], "faith_aritm_KL": [0.7996500134468079, 0.9094500541687012, 0.8957499265670776, 0.7807000875473022], "faith_aritm_KL_std": [0.14066967368125916, 0.11640112102031708, 0.11464930325746536, 0.2074972540140152], "faith_armon_KL": [0.7398184537887573, 0.8776108026504517, 0.8623235821723938, 0.6646300554275513], "faith_armon_KL_std": [0.20157797634601593, 0.18937808275222778, 0.1796935498714447, 0.36724233627319336], "faith_gmean_KL": [0.7677761316299438, 0.8917163014411926, 0.8775669932365417, 0.6905183792114258], "faith_gmean_KL_std": [0.17263610661029816, 0.15742994844913483, 0.1504254788160324, 0.34177684783935547]}, "val": {"suff_simple_L1": [0.9109, 0.8985000000000001, 0.8961000000000002, 0.8945000000000001], "suff_simple_L1_std": [0.187529970937981, 0.19991860843853432, 0.2004976059707447, 0.2012258681183908], "suff_simple_KL": [0.8823000000000001, 0.8646, 0.8613000000000002, 0.8583999999999999], "suff_simple_KL_std": [0.2255788332268788, 0.23767759675661482, 0.2359148363287057, 0.2383859056236337], "suff_simple_acc_int": [0.793383002281189, 0.7809821367263794, 0.7761160135269165, 0.775401771068573], "suff_simple_acc_int_std": [0.21815325319766998, 0.2356775850057602, 0.2449418306350708, 0.24422654509544373], "nec_L1": [0.7609999999999999, 0.7664, 0.7332, 0.5497], "nec_L1_std": [0.09090324526660198, 0.08796271937588107, 0.10942467728990568, 0.28991103807892515], "nec_KL": [0.8450000000000001, 0.8472999999999999, 0.8107, 0.6076], "nec_KL_std": [0.102536822654108, 0.10822943222617402, 0.12428519622223719, 0.3251855470343047], "nec_acc_int": [0.015069444663822651, 0.0, 0.042023807764053345, 0.24638888239860535], "nec_acc_int_std": [0.030062001198530197, 0.0, 0.12593919038772583, 0.3360099196434021], "faith_aritm_L1": [0.8359500765800476, 0.8324500322341919, 0.8146499395370483, 0.7220999598503113], "faith_aritm_L1_std": [0.1114577129483223, 0.11839858442544937, 0.11645644903182983, 0.16343513131141663], "faith_armon_L1": [0.8161527514457703, 0.8128814697265625, 0.7883220911026001, 0.6020044684410095], "faith_armon_L1_std": [0.1266496330499649, 0.13634641468524933, 0.13702096045017242, 0.3183501660823822], "faith_gmean_L1": [0.8259100914001465, 0.822498619556427, 0.8012199401855469, 0.6298167109489441], "faith_gmean_L1_std": [0.11915305256843567, 0.12763363122940063, 0.12690497934818268, 0.29358041286468506], "faith_aritm_KL": [0.8636500239372253, 0.8559500575065613, 0.8359999656677246, 0.7330000400543213], "faith_aritm_KL_std": [0.13115562498569489, 0.14042729139328003, 0.13468724489212036, 0.184083953499794], "faith_armon_KL": [0.8425571322441101, 0.8328580856323242, 0.8085256814956665, 0.6130196452140808], "faith_armon_KL_std": [0.16463863849639893, 0.1785959154367447, 0.1716800034046173, 0.3377423882484436], "faith_gmean_KL": [0.8526830673217773, 0.8438122868537903, 0.8216626048088074, 0.6417349576950073], "faith_gmean_KL_std": [0.14892606437206268, 0.16091607511043549, 0.1544557511806488, 0.31020501255989075]}, "test": {"suff_simple_L1": [0.9701000000000001, 0.9706999999999999, 0.9729000000000001, 0.9719000000000001], "suff_simple_L1_std": [0.05300462243993444, 0.049783631848228996, 0.04410770907675891, 0.0346394284017505], "suff_simple_KL": [0.9555, 0.9567999999999998, 0.9603000000000002, 0.9581], "suff_simple_KL_std": [0.07611734362154265, 0.07208162040353976, 0.06425114784966879, 0.053446141114209554], "suff_simple_acc_int": [0.9725799560546875, 0.9753772020339966, 0.9782623052597046, 0.9831992983818054], "suff_simple_acc_int_std": [0.049586717039346695, 0.044758185744285583, 0.04039665311574936, 0.031022043898701668], "nec_L1": [0.7638, 0.7913999999999999, 0.7743, 0.6594999999999999], "nec_L1_std": [0.04363209827638364, 0.030881062157898646, 0.0972060183322, 0.3055078558728073], "nec_KL": [0.9072999999999999, 0.9298, 0.9019, 0.762], "nec_KL_std": [0.04345583965360696, 0.02921574917745562, 0.11124877527415751, 0.3538039004872614], "nec_acc_int": [0.13333164155483246, 0.09244833886623383, 0.10421393811702728, 0.22749698162078857], "nec_acc_int_std": [0.060608796775341034, 0.04488358274102211, 0.11686309427022934, 0.35941964387893677], "faith_aritm_L1": [0.8669500350952148, 0.8810499906539917, 0.8736000061035156, 0.8157000541687012], "faith_aritm_L1_std": [0.025283824652433395, 0.02514800801873207, 0.04895344004034996, 0.152344211935997], "faith_armon_L1": [0.8526831865310669, 0.8707315325737, 0.8574155569076538, 0.7258096933364868], "faith_armon_L1_std": [0.026766085997223854, 0.024469420313835144, 0.07017061114311218, 0.3176520764827728], "faith_gmean_L1": [0.8597787022590637, 0.8758718371391296, 0.8653615713119507, 0.745869517326355], "faith_gmean_L1_std": [0.025783851742744446, 0.024683140218257904, 0.0596771165728569, 0.2894769608974457], "faith_aritm_KL": [0.9314000010490417, 0.9432999491691589, 0.9311000108718872, 0.8600500226020813], "faith_aritm_KL_std": [0.033313505351543427, 0.03409412130713463, 0.05834243819117546, 0.1766914576292038], "faith_armon_KL": [0.9277197122573853, 0.9410297274589539, 0.9240568280220032, 0.7778169512748718], "faith_armon_KL_std": [0.03684118017554283, 0.03698259964585304, 0.07351356744766235, 0.3396136462688446], "faith_gmean_KL": [0.9295555949211121, 0.9421625137329102, 0.9275232553482056, 0.7948415279388428], "faith_gmean_KL_std": [0.03507231920957565, 0.03553308546543121, 0.06596077978610992, 0.3110016882419586]}}, "repr_SMGNNGIN_3l_sumpool_0.0dp_mitig_backboneNone_mitig_samplingfeatnormnoneavgedgeattnmean/0.001lr_0.0wd/SMGNN_0.001_True_10_0.01": {"id_val": {"suff_simple_L1": [0.28009999999999996, 0.2711, 0.2833, 0.2351], "suff_simple_L1_std": [0.07180034818857078, 0.08831585361643741, 0.09608751219591442, 0.10667844205836528], "suff_simple_KL": [0.1775, 0.15560000000000002, 0.1685, 0.1213], "suff_simple_KL_std": [0.08504969135746467, 0.09132272444468573, 0.10205219252911718, 0.10836978361148462], "suff_simple_acc_int": [0.1795653998851776, 0.17455162107944489, 0.1930491328239441, 0.123014435172081],